iter,ll,accept,sd,spp,foc_sp,nei_sp
1,-1574.9095507379916,NA,0,0,Lupinus argenteus,Lupinus argenteus
1,-1574.9095507379916,NA,0,0,Ivesia gordonii,Lupinus argenteus
1,-1574.9095507379916,NA,0,0,Eriogonum umbellatum,Lupinus argenteus
1,-1574.9095507379916,NA,0,0,Heterotheca villosa,Lupinus argenteus
1,-1574.9095507379916,NA,0,0,Lupinus argenteus,Ivesia gordonii
1,-1574.9095507379916,NA,0,0,Ivesia gordonii,Ivesia gordonii
1,-1574.9095507379916,NA,0,0,Eriogonum umbellatum,Ivesia gordonii
1,-1574.9095507379916,NA,0,0,Heterotheca villosa,Ivesia gordonii
1,-1574.9095507379916,NA,0,0,Lupinus argenteus,Eriogonum umbellatum
1,-1574.9095507379916,NA,0,0,Ivesia gordonii,Eriogonum umbellatum
1,-1574.9095507379916,NA,0,0,Eriogonum umbellatum,Eriogonum umbellatum
1,-1574.9095507379916,NA,0,0,Heterotheca villosa,Eriogonum umbellatum
1,-1574.9095507379916,NA,0,0,Lupinus argenteus,Heterotheca villosa
1,-1574.9095507379916,NA,0,0,Ivesia gordonii,Heterotheca villosa
1,-1574.9095507379916,NA,0,0,Eriogonum umbellatum,Heterotheca villosa
1,-1574.9095507379916,NA,0,0,Heterotheca villosa,Heterotheca villosa
2,-1574.9095507379916,0,0,0,Lupinus argenteus,Lupinus argenteus
2,-1574.9095507379916,0,0,0,Ivesia gordonii,Lupinus argenteus
2,-1574.9095507379916,0,0,0,Eriogonum umbellatum,Lupinus argenteus
2,-1574.9095507379916,0,0,0,Heterotheca villosa,Lupinus argenteus
2,-1574.9095507379916,0,0,0,Lupinus argenteus,Ivesia gordonii
2,-1574.9095507379916,0,0,0,Ivesia gordonii,Ivesia gordonii
2,-1574.9095507379916,0,0,0,Eriogonum umbellatum,Ivesia gordonii
2,-1574.9095507379916,0,0,0,Heterotheca villosa,Ivesia gordonii
2,-1574.9095507379916,0,0,0,Lupinus argenteus,Eriogonum umbellatum
2,-1574.9095507379916,0,0,0,Ivesia gordonii,Eriogonum umbellatum
2,-1574.9095507379916,0,0,0,Eriogonum umbellatum,Eriogonum umbellatum
2,-1574.9095507379916,0,0,0,Heterotheca villosa,Eriogonum umbellatum
2,-1574.9095507379916,0,0,0,Lupinus argenteus,Heterotheca villosa
2,-1574.9095507379916,0,0,0,Ivesia gordonii,Heterotheca villosa
2,-1574.9095507379916,0,0,0,Eriogonum umbellatum,Heterotheca villosa
2,-1574.9095507379916,0,0,0,Heterotheca villosa,Heterotheca villosa
3,-1574.9095507379916,0,0,0,Lupinus argenteus,Lupinus argenteus
3,-1574.9095507379916,0,0,0,Ivesia gordonii,Lupinus argenteus
3,-1574.9095507379916,0,0,0,Eriogonum umbellatum,Lupinus argenteus
3,-1574.9095507379916,0,0,0,Heterotheca villosa,Lupinus argenteus
3,-1574.9095507379916,0,0,0,Lupinus argenteus,Ivesia gordonii
3,-1574.9095507379916,0,0,0,Ivesia gordonii,Ivesia gordonii
3,-1574.9095507379916,0,0,0,Eriogonum umbellatum,Ivesia gordonii
3,-1574.9095507379916,0,0,0,Heterotheca villosa,Ivesia gordonii
3,-1574.9095507379916,0,0,0,Lupinus argenteus,Eriogonum umbellatum
3,-1574.9095507379916,0,0,0,Ivesia gordonii,Eriogonum umbellatum
3,-1574.9095507379916,0,0,0,Eriogonum umbellatum,Eriogonum umbellatum
3,-1574.9095507379916,0,0,0,Heterotheca villosa,Eriogonum umbellatum
3,-1574.9095507379916,0,0,0,Lupinus argenteus,Heterotheca villosa
3,-1574.9095507379916,0,0,0,Ivesia gordonii,Heterotheca villosa
3,-1574.9095507379916,0,0,0,Eriogonum umbellatum,Heterotheca villosa
3,-1574.9095507379916,0,0,0,Heterotheca villosa,Heterotheca villosa
4,-1574.9095507379916,0,0,0,Lupinus argenteus,Lupinus argenteus
4,-1574.9095507379916,0,0,0,Ivesia gordonii,Lupinus argenteus
4,-1574.9095507379916,0,0,0,Eriogonum umbellatum,Lupinus argenteus
4,-1574.9095507379916,0,0,0,Heterotheca villosa,Lupinus argenteus
4,-1574.9095507379916,0,0,0,Lupinus argenteus,Ivesia gordonii
4,-1574.9095507379916,0,0,0,Ivesia gordonii,Ivesia gordonii
4,-1574.9095507379916,0,0,0,Eriogonum umbellatum,Ivesia gordonii
4,-1574.9095507379916,0,0,0,Heterotheca villosa,Ivesia gordonii
4,-1574.9095507379916,0,0,0,Lupinus argenteus,Eriogonum umbellatum
4,-1574.9095507379916,0,0,0,Ivesia gordonii,Eriogonum umbellatum
4,-1574.9095507379916,0,0,0,Eriogonum umbellatum,Eriogonum umbellatum
4,-1574.9095507379916,0,0,0,Heterotheca villosa,Eriogonum umbellatum
4,-1574.9095507379916,0,0,0,Lupinus argenteus,Heterotheca villosa
4,-1574.9095507379916,0,0,0,Ivesia gordonii,Heterotheca villosa
4,-1574.9095507379916,0,0,0,Eriogonum umbellatum,Heterotheca villosa
4,-1574.9095507379916,0,0,0,Heterotheca villosa,Heterotheca villosa
5,-1573.2884334050912,1,-0.008360826538624943,-3.6331783940841253e-5,Lupinus argenteus,Lupinus argenteus
5,-1573.2884334050912,1,-0.009224954299199244,5.719149108611714e-4,Ivesia gordonii,Lupinus argenteus
5,-1573.2884334050912,1,-0.011234640036214598,-2.479664954003928e-4,Eriogonum umbellatum,Lupinus argenteus
5,-1573.2884334050912,1,0.003722868589142202,4.339635042709615e-5,Heterotheca villosa,Lupinus argenteus
5,-1573.2884334050912,1,0.019107354813111408,-3.8849493058457557e-4,Lupinus argenteus,Ivesia gordonii
5,-1573.2884334050912,1,0.009119956094215913,-4.7146182754762575e-4,Ivesia gordonii,Ivesia gordonii
5,-1573.2884334050912,1,-0.008185958988809526,-3.90696340796582e-5,Eriogonum umbellatum,Ivesia gordonii
5,-1573.2884334050912,1,-0.007044759678142721,-3.116812364148856e-4,Heterotheca villosa,Ivesia gordonii
5,-1573.2884334050912,1,6.082360853875987e-4,4.145980689591584e-4,Lupinus argenteus,Eriogonum umbellatum
5,-1573.2884334050912,1,0.004423596208281489,0.001012906910088257,Ivesia gordonii,Eriogonum umbellatum
5,-1573.2884334050912,1,-0.01574824735212319,2.509982265955829e-5,Eriogonum umbellatum,Eriogonum umbellatum
5,-1573.2884334050912,1,-0.022381078657601958,-2.2018376994420888e-4,Heterotheca villosa,Eriogonum umbellatum
5,-1573.2884334050912,1,-0.008074824276722152,-8.414089494096649e-4,Lupinus argenteus,Heterotheca villosa
5,-1573.2884334050912,1,0.01520540525561811,-9.78655923309112e-4,Ivesia gordonii,Heterotheca villosa
5,-1573.2884334050912,1,-3.551023167604492e-4,-0.0013224626089329927,Eriogonum umbellatum,Heterotheca villosa
5,-1573.2884334050912,1,0.010538993014295709,-3.46465783179735e-4,Heterotheca villosa,Heterotheca villosa
6,-1573.2884334050912,0,-0.008360826538624943,-3.6331783940841253e-5,Lupinus argenteus,Lupinus argenteus
6,-1573.2884334050912,0,-0.009224954299199244,5.719149108611714e-4,Ivesia gordonii,Lupinus argenteus
6,-1573.2884334050912,0,-0.011234640036214598,-2.479664954003928e-4,Eriogonum umbellatum,Lupinus argenteus
6,-1573.2884334050912,0,0.003722868589142202,4.339635042709615e-5,Heterotheca villosa,Lupinus argenteus
6,-1573.2884334050912,0,0.019107354813111408,-3.8849493058457557e-4,Lupinus argenteus,Ivesia gordonii
6,-1573.2884334050912,0,0.009119956094215913,-4.7146182754762575e-4,Ivesia gordonii,Ivesia gordonii
6,-1573.2884334050912,0,-0.008185958988809526,-3.90696340796582e-5,Eriogonum umbellatum,Ivesia gordonii
6,-1573.2884334050912,0,-0.007044759678142721,-3.116812364148856e-4,Heterotheca villosa,Ivesia gordonii
6,-1573.2884334050912,0,6.082360853875987e-4,4.145980689591584e-4,Lupinus argenteus,Eriogonum umbellatum
6,-1573.2884334050912,0,0.004423596208281489,0.001012906910088257,Ivesia gordonii,Eriogonum umbellatum
6,-1573.2884334050912,0,-0.01574824735212319,2.509982265955829e-5,Eriogonum umbellatum,Eriogonum umbellatum
6,-1573.2884334050912,0,-0.022381078657601958,-2.2018376994420888e-4,Heterotheca villosa,Eriogonum umbellatum
6,-1573.2884334050912,0,-0.008074824276722152,-8.414089494096649e-4,Lupinus argenteus,Heterotheca villosa
6,-1573.2884334050912,0,0.01520540525561811,-9.78655923309112e-4,Ivesia gordonii,Heterotheca villosa
6,-1573.2884334050912,0,-3.551023167604492e-4,-0.0013224626089329927,Eriogonum umbellatum,Heterotheca villosa
6,-1573.2884334050912,0,0.010538993014295709,-3.46465783179735e-4,Heterotheca villosa,Heterotheca villosa
7,-1573.2884334050912,0,-0.008360826538624943,-3.6331783940841253e-5,Lupinus argenteus,Lupinus argenteus
7,-1573.2884334050912,0,-0.009224954299199244,5.719149108611714e-4,Ivesia gordonii,Lupinus argenteus
7,-1573.2884334050912,0,-0.011234640036214598,-2.479664954003928e-4,Eriogonum umbellatum,Lupinus argenteus
7,-1573.2884334050912,0,0.003722868589142202,4.339635042709615e-5,Heterotheca villosa,Lupinus argenteus
7,-1573.2884334050912,0,0.019107354813111408,-3.8849493058457557e-4,Lupinus argenteus,Ivesia gordonii
7,-1573.2884334050912,0,0.009119956094215913,-4.7146182754762575e-4,Ivesia gordonii,Ivesia gordonii
7,-1573.2884334050912,0,-0.008185958988809526,-3.90696340796582e-5,Eriogonum umbellatum,Ivesia gordonii
7,-1573.2884334050912,0,-0.007044759678142721,-3.116812364148856e-4,Heterotheca villosa,Ivesia gordonii
7,-1573.2884334050912,0,6.082360853875987e-4,4.145980689591584e-4,Lupinus argenteus,Eriogonum umbellatum
7,-1573.2884334050912,0,0.004423596208281489,0.001012906910088257,Ivesia gordonii,Eriogonum umbellatum
7,-1573.2884334050912,0,-0.01574824735212319,2.509982265955829e-5,Eriogonum umbellatum,Eriogonum umbellatum
7,-1573.2884334050912,0,-0.022381078657601958,-2.2018376994420888e-4,Heterotheca villosa,Eriogonum umbellatum
7,-1573.2884334050912,0,-0.008074824276722152,-8.414089494096649e-4,Lupinus argenteus,Heterotheca villosa
7,-1573.2884334050912,0,0.01520540525561811,-9.78655923309112e-4,Ivesia gordonii,Heterotheca villosa
7,-1573.2884334050912,0,-3.551023167604492e-4,-0.0013224626089329927,Eriogonum umbellatum,Heterotheca villosa
7,-1573.2884334050912,0,0.010538993014295709,-3.46465783179735e-4,Heterotheca villosa,Heterotheca villosa
8,-1573.2884334050912,0,-0.008360826538624943,-3.6331783940841253e-5,Lupinus argenteus,Lupinus argenteus
8,-1573.2884334050912,0,-0.009224954299199244,5.719149108611714e-4,Ivesia gordonii,Lupinus argenteus
8,-1573.2884334050912,0,-0.011234640036214598,-2.479664954003928e-4,Eriogonum umbellatum,Lupinus argenteus
8,-1573.2884334050912,0,0.003722868589142202,4.339635042709615e-5,Heterotheca villosa,Lupinus argenteus
8,-1573.2884334050912,0,0.019107354813111408,-3.8849493058457557e-4,Lupinus argenteus,Ivesia gordonii
8,-1573.2884334050912,0,0.009119956094215913,-4.7146182754762575e-4,Ivesia gordonii,Ivesia gordonii
8,-1573.2884334050912,0,-0.008185958988809526,-3.90696340796582e-5,Eriogonum umbellatum,Ivesia gordonii
8,-1573.2884334050912,0,-0.007044759678142721,-3.116812364148856e-4,Heterotheca villosa,Ivesia gordonii
8,-1573.2884334050912,0,6.082360853875987e-4,4.145980689591584e-4,Lupinus argenteus,Eriogonum umbellatum
8,-1573.2884334050912,0,0.004423596208281489,0.001012906910088257,Ivesia gordonii,Eriogonum umbellatum
8,-1573.2884334050912,0,-0.01574824735212319,2.509982265955829e-5,Eriogonum umbellatum,Eriogonum umbellatum
8,-1573.2884334050912,0,-0.022381078657601958,-2.2018376994420888e-4,Heterotheca villosa,Eriogonum umbellatum
8,-1573.2884334050912,0,-0.008074824276722152,-8.414089494096649e-4,Lupinus argenteus,Heterotheca villosa
8,-1573.2884334050912,0,0.01520540525561811,-9.78655923309112e-4,Ivesia gordonii,Heterotheca villosa
8,-1573.2884334050912,0,-3.551023167604492e-4,-0.0013224626089329927,Eriogonum umbellatum,Heterotheca villosa
8,-1573.2884334050912,0,0.010538993014295709,-3.46465783179735e-4,Heterotheca villosa,Heterotheca villosa
9,-1573.2884334050912,0,-0.008360826538624943,-3.6331783940841253e-5,Lupinus argenteus,Lupinus argenteus
9,-1573.2884334050912,0,-0.009224954299199244,5.719149108611714e-4,Ivesia gordonii,Lupinus argenteus
9,-1573.2884334050912,0,-0.011234640036214598,-2.479664954003928e-4,Eriogonum umbellatum,Lupinus argenteus
9,-1573.2884334050912,0,0.003722868589142202,4.339635042709615e-5,Heterotheca villosa,Lupinus argenteus
9,-1573.2884334050912,0,0.019107354813111408,-3.8849493058457557e-4,Lupinus argenteus,Ivesia gordonii
9,-1573.2884334050912,0,0.009119956094215913,-4.7146182754762575e-4,Ivesia gordonii,Ivesia gordonii
9,-1573.2884334050912,0,-0.008185958988809526,-3.90696340796582e-5,Eriogonum umbellatum,Ivesia gordonii
9,-1573.2884334050912,0,-0.007044759678142721,-3.116812364148856e-4,Heterotheca villosa,Ivesia gordonii
9,-1573.2884334050912,0,6.082360853875987e-4,4.145980689591584e-4,Lupinus argenteus,Eriogonum umbellatum
9,-1573.2884334050912,0,0.004423596208281489,0.001012906910088257,Ivesia gordonii,Eriogonum umbellatum
9,-1573.2884334050912,0,-0.01574824735212319,2.509982265955829e-5,Eriogonum umbellatum,Eriogonum umbellatum
9,-1573.2884334050912,0,-0.022381078657601958,-2.2018376994420888e-4,Heterotheca villosa,Eriogonum umbellatum
9,-1573.2884334050912,0,-0.008074824276722152,-8.414089494096649e-4,Lupinus argenteus,Heterotheca villosa
9,-1573.2884334050912,0,0.01520540525561811,-9.78655923309112e-4,Ivesia gordonii,Heterotheca villosa
9,-1573.2884334050912,0,-3.551023167604492e-4,-0.0013224626089329927,Eriogonum umbellatum,Heterotheca villosa
9,-1573.2884334050912,0,0.010538993014295709,-3.46465783179735e-4,Heterotheca villosa,Heterotheca villosa
10,-1573.2884334050912,0,-0.008360826538624943,-3.6331783940841253e-5,Lupinus argenteus,Lupinus argenteus
10,-1573.2884334050912,0,-0.009224954299199244,5.719149108611714e-4,Ivesia gordonii,Lupinus argenteus
10,-1573.2884334050912,0,-0.011234640036214598,-2.479664954003928e-4,Eriogonum umbellatum,Lupinus argenteus
10,-1573.2884334050912,0,0.003722868589142202,4.339635042709615e-5,Heterotheca villosa,Lupinus argenteus
10,-1573.2884334050912,0,0.019107354813111408,-3.8849493058457557e-4,Lupinus argenteus,Ivesia gordonii
10,-1573.2884334050912,0,0.009119956094215913,-4.7146182754762575e-4,Ivesia gordonii,Ivesia gordonii
10,-1573.2884334050912,0,-0.008185958988809526,-3.90696340796582e-5,Eriogonum umbellatum,Ivesia gordonii
10,-1573.2884334050912,0,-0.007044759678142721,-3.116812364148856e-4,Heterotheca villosa,Ivesia gordonii
10,-1573.2884334050912,0,6.082360853875987e-4,4.145980689591584e-4,Lupinus argenteus,Eriogonum umbellatum
10,-1573.2884334050912,0,0.004423596208281489,0.001012906910088257,Ivesia gordonii,Eriogonum umbellatum
10,-1573.2884334050912,0,-0.01574824735212319,2.509982265955829e-5,Eriogonum umbellatum,Eriogonum umbellatum
10,-1573.2884334050912,0,-0.022381078657601958,-2.2018376994420888e-4,Heterotheca villosa,Eriogonum umbellatum
10,-1573.2884334050912,0,-0.008074824276722152,-8.414089494096649e-4,Lupinus argenteus,Heterotheca villosa
10,-1573.2884334050912,0,0.01520540525561811,-9.78655923309112e-4,Ivesia gordonii,Heterotheca villosa
10,-1573.2884334050912,0,-3.551023167604492e-4,-0.0013224626089329927,Eriogonum umbellatum,Heterotheca villosa
10,-1573.2884334050912,0,0.010538993014295709,-3.46465783179735e-4,Heterotheca villosa,Heterotheca villosa
11,-1573.2884334050912,0,-0.008360826538624943,-3.6331783940841253e-5,Lupinus argenteus,Lupinus argenteus
11,-1573.2884334050912,0,-0.009224954299199244,5.719149108611714e-4,Ivesia gordonii,Lupinus argenteus
11,-1573.2884334050912,0,-0.011234640036214598,-2.479664954003928e-4,Eriogonum umbellatum,Lupinus argenteus
11,-1573.2884334050912,0,0.003722868589142202,4.339635042709615e-5,Heterotheca villosa,Lupinus argenteus
11,-1573.2884334050912,0,0.019107354813111408,-3.8849493058457557e-4,Lupinus argenteus,Ivesia gordonii
11,-1573.2884334050912,0,0.009119956094215913,-4.7146182754762575e-4,Ivesia gordonii,Ivesia gordonii
11,-1573.2884334050912,0,-0.008185958988809526,-3.90696340796582e-5,Eriogonum umbellatum,Ivesia gordonii
11,-1573.2884334050912,0,-0.007044759678142721,-3.116812364148856e-4,Heterotheca villosa,Ivesia gordonii
11,-1573.2884334050912,0,6.082360853875987e-4,4.145980689591584e-4,Lupinus argenteus,Eriogonum umbellatum
11,-1573.2884334050912,0,0.004423596208281489,0.001012906910088257,Ivesia gordonii,Eriogonum umbellatum
11,-1573.2884334050912,0,-0.01574824735212319,2.509982265955829e-5,Eriogonum umbellatum,Eriogonum umbellatum
11,-1573.2884334050912,0,-0.022381078657601958,-2.2018376994420888e-4,Heterotheca villosa,Eriogonum umbellatum
11,-1573.2884334050912,0,-0.008074824276722152,-8.414089494096649e-4,Lupinus argenteus,Heterotheca villosa
11,-1573.2884334050912,0,0.01520540525561811,-9.78655923309112e-4,Ivesia gordonii,Heterotheca villosa
11,-1573.2884334050912,0,-3.551023167604492e-4,-0.0013224626089329927,Eriogonum umbellatum,Heterotheca villosa
11,-1573.2884334050912,0,0.010538993014295709,-3.46465783179735e-4,Heterotheca villosa,Heterotheca villosa
12,-1573.2884334050912,0,-0.008360826538624943,-3.6331783940841253e-5,Lupinus argenteus,Lupinus argenteus
12,-1573.2884334050912,0,-0.009224954299199244,5.719149108611714e-4,Ivesia gordonii,Lupinus argenteus
12,-1573.2884334050912,0,-0.011234640036214598,-2.479664954003928e-4,Eriogonum umbellatum,Lupinus argenteus
12,-1573.2884334050912,0,0.003722868589142202,4.339635042709615e-5,Heterotheca villosa,Lupinus argenteus
12,-1573.2884334050912,0,0.019107354813111408,-3.8849493058457557e-4,Lupinus argenteus,Ivesia gordonii
12,-1573.2884334050912,0,0.009119956094215913,-4.7146182754762575e-4,Ivesia gordonii,Ivesia gordonii
12,-1573.2884334050912,0,-0.008185958988809526,-3.90696340796582e-5,Eriogonum umbellatum,Ivesia gordonii
12,-1573.2884334050912,0,-0.007044759678142721,-3.116812364148856e-4,Heterotheca villosa,Ivesia gordonii
12,-1573.2884334050912,0,6.082360853875987e-4,4.145980689591584e-4,Lupinus argenteus,Eriogonum umbellatum
12,-1573.2884334050912,0,0.004423596208281489,0.001012906910088257,Ivesia gordonii,Eriogonum umbellatum
12,-1573.2884334050912,0,-0.01574824735212319,2.509982265955829e-5,Eriogonum umbellatum,Eriogonum umbellatum
12,-1573.2884334050912,0,-0.022381078657601958,-2.2018376994420888e-4,Heterotheca villosa,Eriogonum umbellatum
12,-1573.2884334050912,0,-0.008074824276722152,-8.414089494096649e-4,Lupinus argenteus,Heterotheca villosa
12,-1573.2884334050912,0,0.01520540525561811,-9.78655923309112e-4,Ivesia gordonii,Heterotheca villosa
12,-1573.2884334050912,0,-3.551023167604492e-4,-0.0013224626089329927,Eriogonum umbellatum,Heterotheca villosa
12,-1573.2884334050912,0,0.010538993014295709,-3.46465783179735e-4,Heterotheca villosa,Heterotheca villosa
13,-1573.7202983495363,1,-0.016408017349005245,1.5688022683212532e-4,Lupinus argenteus,Lupinus argenteus
13,-1573.7202983495363,1,-0.008331990436948069,2.400832342882232e-4,Ivesia gordonii,Lupinus argenteus
13,-1573.7202983495363,1,-0.017358993918555235,-4.136801721978077e-4,Eriogonum umbellatum,Lupinus argenteus
13,-1573.7202983495363,1,0.015939112225019328,0.0012236640141442359,Heterotheca villosa,Lupinus argenteus
13,-1573.7202983495363,1,0.013917535778012104,-5.25472821950024e-4,Lupinus argenteus,Ivesia gordonii
13,-1573.7202983495363,1,0.017037134204217493,-0.0015900283579995708,Ivesia gordonii,Ivesia gordonii
13,-1573.7202983495363,1,0.023638992457413396,0.001261435167213596,Eriogonum umbellatum,Ivesia gordonii
13,-1573.7202983495363,1,-0.012133338327523502,-3.7349760400488537e-4,Heterotheca villosa,Ivesia gordonii
13,-1573.7202983495363,1,0.003262580579592284,0.0012618596534292987,Lupinus argenteus,Eriogonum umbellatum
13,-1573.7202983495363,1,0.020141831852426968,0.0011849407659164188,Ivesia gordonii,Eriogonum umbellatum
13,-1573.7202983495363,1,-0.020577229290952778,-2.2841899553484727e-5,Eriogonum umbellatum,Eriogonum umbellatum
13,-1573.7202983495363,1,-0.02226270704104469,-9.25387842956865e-5,Heterotheca villosa,Eriogonum umbellatum
13,-1573.7202983495363,1,-0.016486473698647544,-0.0013832391366180767,Lupinus argenteus,Heterotheca villosa
13,-1573.7202983495363,1,0.012391755081897268,-0.0011393355791961461,Ivesia gordonii,Heterotheca villosa
13,-1573.7202983495363,1,0.004533861040405754,-0.0019405618531808458,Eriogonum umbellatum,Heterotheca villosa
13,-1573.7202983495363,1,0.009242879847100366,-2.856209981013508e-6,Heterotheca villosa,Heterotheca villosa
14,-1573.7202983495363,0,-0.016408017349005245,1.5688022683212532e-4,Lupinus argenteus,Lupinus argenteus
14,-1573.7202983495363,0,-0.008331990436948069,2.400832342882232e-4,Ivesia gordonii,Lupinus argenteus
14,-1573.7202983495363,0,-0.017358993918555235,-4.136801721978077e-4,Eriogonum umbellatum,Lupinus argenteus
14,-1573.7202983495363,0,0.015939112225019328,0.0012236640141442359,Heterotheca villosa,Lupinus argenteus
14,-1573.7202983495363,0,0.013917535778012104,-5.25472821950024e-4,Lupinus argenteus,Ivesia gordonii
14,-1573.7202983495363,0,0.017037134204217493,-0.0015900283579995708,Ivesia gordonii,Ivesia gordonii
14,-1573.7202983495363,0,0.023638992457413396,0.001261435167213596,Eriogonum umbellatum,Ivesia gordonii
14,-1573.7202983495363,0,-0.012133338327523502,-3.7349760400488537e-4,Heterotheca villosa,Ivesia gordonii
14,-1573.7202983495363,0,0.003262580579592284,0.0012618596534292987,Lupinus argenteus,Eriogonum umbellatum
14,-1573.7202983495363,0,0.020141831852426968,0.0011849407659164188,Ivesia gordonii,Eriogonum umbellatum
14,-1573.7202983495363,0,-0.020577229290952778,-2.2841899553484727e-5,Eriogonum umbellatum,Eriogonum umbellatum
14,-1573.7202983495363,0,-0.02226270704104469,-9.25387842956865e-5,Heterotheca villosa,Eriogonum umbellatum
14,-1573.7202983495363,0,-0.016486473698647544,-0.0013832391366180767,Lupinus argenteus,Heterotheca villosa
14,-1573.7202983495363,0,0.012391755081897268,-0.0011393355791961461,Ivesia gordonii,Heterotheca villosa
14,-1573.7202983495363,0,0.004533861040405754,-0.0019405618531808458,Eriogonum umbellatum,Heterotheca villosa
14,-1573.7202983495363,0,0.009242879847100366,-2.856209981013508e-6,Heterotheca villosa,Heterotheca villosa
15,-1573.7202983495363,0,-0.016408017349005245,1.5688022683212532e-4,Lupinus argenteus,Lupinus argenteus
15,-1573.7202983495363,0,-0.008331990436948069,2.400832342882232e-4,Ivesia gordonii,Lupinus argenteus
15,-1573.7202983495363,0,-0.017358993918555235,-4.136801721978077e-4,Eriogonum umbellatum,Lupinus argenteus
15,-1573.7202983495363,0,0.015939112225019328,0.0012236640141442359,Heterotheca villosa,Lupinus argenteus
15,-1573.7202983495363,0,0.013917535778012104,-5.25472821950024e-4,Lupinus argenteus,Ivesia gordonii
15,-1573.7202983495363,0,0.017037134204217493,-0.0015900283579995708,Ivesia gordonii,Ivesia gordonii
15,-1573.7202983495363,0,0.023638992457413396,0.001261435167213596,Eriogonum umbellatum,Ivesia gordonii
15,-1573.7202983495363,0,-0.012133338327523502,-3.7349760400488537e-4,Heterotheca villosa,Ivesia gordonii
15,-1573.7202983495363,0,0.003262580579592284,0.0012618596534292987,Lupinus argenteus,Eriogonum umbellatum
15,-1573.7202983495363,0,0.020141831852426968,0.0011849407659164188,Ivesia gordonii,Eriogonum umbellatum
15,-1573.7202983495363,0,-0.020577229290952778,-2.2841899553484727e-5,Eriogonum umbellatum,Eriogonum umbellatum
15,-1573.7202983495363,0,-0.02226270704104469,-9.25387842956865e-5,Heterotheca villosa,Eriogonum umbellatum
15,-1573.7202983495363,0,-0.016486473698647544,-0.0013832391366180767,Lupinus argenteus,Heterotheca villosa
15,-1573.7202983495363,0,0.012391755081897268,-0.0011393355791961461,Ivesia gordonii,Heterotheca villosa
15,-1573.7202983495363,0,0.004533861040405754,-0.0019405618531808458,Eriogonum umbellatum,Heterotheca villosa
15,-1573.7202983495363,0,0.009242879847100366,-2.856209981013508e-6,Heterotheca villosa,Heterotheca villosa
16,-1573.018840473578,1,-0.01909843573948733,0.0010259816604053914,Lupinus argenteus,Lupinus argenteus
16,-1573.018840473578,1,-0.013387170373025746,7.970458990791121e-4,Ivesia gordonii,Lupinus argenteus
16,-1573.018840473578,1,0.0034136276039133176,-0.0011980325889779245,Eriogonum umbellatum,Lupinus argenteus
16,-1573.018840473578,1,0.022638367769106865,0.0013896244360760606,Heterotheca villosa,Lupinus argenteus
16,-1573.018840473578,1,0.015958381008096205,-0.0010049778630534985,Lupinus argenteus,Ivesia gordonii
16,-1573.018840473578,1,0.01666560276410833,-0.0018161785942250516,Ivesia gordonii,Ivesia gordonii
16,-1573.018840473578,1,0.024799062325954933,8.980662161802327e-4,Eriogonum umbellatum,Ivesia gordonii
16,-1573.018840473578,1,-0.014693456044987892,-0.001829799897687758,Heterotheca villosa,Ivesia gordonii
16,-1573.018840473578,1,-0.0034833818183421577,9.540395302652497e-4,Lupinus argenteus,Eriogonum umbellatum
16,-1573.018840473578,1,0.029562102643112598,5.418083580230153e-4,Ivesia gordonii,Eriogonum umbellatum
16,-1573.018840473578,1,-0.015646865065833935,5.957775775730608e-5,Eriogonum umbellatum,Eriogonum umbellatum
16,-1573.018840473578,1,-0.017824536506071357,-6.295371515251664e-4,Heterotheca villosa,Eriogonum umbellatum
16,-1573.018840473578,1,-0.01718600778274927,-0.0014303786296507783,Lupinus argenteus,Heterotheca villosa
16,-1573.018840473578,1,0.025410897036628355,-1.8183380882879632e-4,Ivesia gordonii,Heterotheca villosa
16,-1573.018840473578,1,-0.009059406079683259,-0.0026629776852073344,Eriogonum umbellatum,Heterotheca villosa
16,-1573.018840473578,1,0.024786596516729036,-0.0010002189086011186,Heterotheca villosa,Heterotheca villosa
17,-1575.3023159197244,1,-0.014574377957869,0.0018763845799480887,Lupinus argenteus,Lupinus argenteus
17,-1575.3023159197244,1,0.0033964181971434457,5.671871221881663e-4,Ivesia gordonii,Lupinus argenteus
17,-1575.3023159197244,1,0.007521806623661676,-0.0015566082427228658,Eriogonum umbellatum,Lupinus argenteus
17,-1575.3023159197244,1,0.012831941439569635,0.0010771320746801487,Heterotheca villosa,Lupinus argenteus
17,-1575.3023159197244,1,0.01373985884525343,-0.0015754223727624545,Lupinus argenteus,Ivesia gordonii
17,-1575.3023159197244,1,0.015537436311767955,-0.0024502979017067346,Ivesia gordonii,Ivesia gordonii
17,-1575.3023159197244,1,0.033147262392284424,-7.339645090257243e-5,Eriogonum umbellatum,Ivesia gordonii
17,-1575.3023159197244,1,-0.015246115347154282,-0.0013455787690307705,Heterotheca villosa,Ivesia gordonii
17,-1575.3023159197244,1,0.01046319799123721,5.632946645969416e-4,Lupinus argenteus,Eriogonum umbellatum
17,-1575.3023159197244,1,0.026804481971436703,9.693844390232696e-4,Ivesia gordonii,Eriogonum umbellatum
17,-1575.3023159197244,1,-0.023478697156359137,-3.7884493342111973e-4,Eriogonum umbellatum,Eriogonum umbellatum
17,-1575.3023159197244,1,0.0038521191206721712,-6.237082521398966e-5,Heterotheca villosa,Eriogonum umbellatum
17,-1575.3023159197244,1,-0.026373195370430917,-0.001641829866304366,Lupinus argenteus,Heterotheca villosa
17,-1575.3023159197244,1,0.008423408090741474,4.606368264777849e-4,Ivesia gordonii,Heterotheca villosa
17,-1575.3023159197244,1,-0.009249341555907818,-0.002306867319830986,Eriogonum umbellatum,Heterotheca villosa
17,-1575.3023159197244,1,0.01333321277299651,-0.0024174916799310133,Heterotheca villosa,Heterotheca villosa
18,-1575.3023159197244,0,-0.014574377957869,0.0018763845799480887,Lupinus argenteus,Lupinus argenteus
18,-1575.3023159197244,0,0.0033964181971434457,5.671871221881663e-4,Ivesia gordonii,Lupinus argenteus
18,-1575.3023159197244,0,0.007521806623661676,-0.0015566082427228658,Eriogonum umbellatum,Lupinus argenteus
18,-1575.3023159197244,0,0.012831941439569635,0.0010771320746801487,Heterotheca villosa,Lupinus argenteus
18,-1575.3023159197244,0,0.01373985884525343,-0.0015754223727624545,Lupinus argenteus,Ivesia gordonii
18,-1575.3023159197244,0,0.015537436311767955,-0.0024502979017067346,Ivesia gordonii,Ivesia gordonii
18,-1575.3023159197244,0,0.033147262392284424,-7.339645090257243e-5,Eriogonum umbellatum,Ivesia gordonii
18,-1575.3023159197244,0,-0.015246115347154282,-0.0013455787690307705,Heterotheca villosa,Ivesia gordonii
18,-1575.3023159197244,0,0.01046319799123721,5.632946645969416e-4,Lupinus argenteus,Eriogonum umbellatum
18,-1575.3023159197244,0,0.026804481971436703,9.693844390232696e-4,Ivesia gordonii,Eriogonum umbellatum
18,-1575.3023159197244,0,-0.023478697156359137,-3.7884493342111973e-4,Eriogonum umbellatum,Eriogonum umbellatum
18,-1575.3023159197244,0,0.0038521191206721712,-6.237082521398966e-5,Heterotheca villosa,Eriogonum umbellatum
18,-1575.3023159197244,0,-0.026373195370430917,-0.001641829866304366,Lupinus argenteus,Heterotheca villosa
18,-1575.3023159197244,0,0.008423408090741474,4.606368264777849e-4,Ivesia gordonii,Heterotheca villosa
18,-1575.3023159197244,0,-0.009249341555907818,-0.002306867319830986,Eriogonum umbellatum,Heterotheca villosa
18,-1575.3023159197244,0,0.01333321277299651,-0.0024174916799310133,Heterotheca villosa,Heterotheca villosa
19,-1575.3023159197244,0,-0.014574377957869,0.0018763845799480887,Lupinus argenteus,Lupinus argenteus
19,-1575.3023159197244,0,0.0033964181971434457,5.671871221881663e-4,Ivesia gordonii,Lupinus argenteus
19,-1575.3023159197244,0,0.007521806623661676,-0.0015566082427228658,Eriogonum umbellatum,Lupinus argenteus
19,-1575.3023159197244,0,0.012831941439569635,0.0010771320746801487,Heterotheca villosa,Lupinus argenteus
19,-1575.3023159197244,0,0.01373985884525343,-0.0015754223727624545,Lupinus argenteus,Ivesia gordonii
19,-1575.3023159197244,0,0.015537436311767955,-0.0024502979017067346,Ivesia gordonii,Ivesia gordonii
19,-1575.3023159197244,0,0.033147262392284424,-7.339645090257243e-5,Eriogonum umbellatum,Ivesia gordonii
19,-1575.3023159197244,0,-0.015246115347154282,-0.0013455787690307705,Heterotheca villosa,Ivesia gordonii
19,-1575.3023159197244,0,0.01046319799123721,5.632946645969416e-4,Lupinus argenteus,Eriogonum umbellatum
19,-1575.3023159197244,0,0.026804481971436703,9.693844390232696e-4,Ivesia gordonii,Eriogonum umbellatum
19,-1575.3023159197244,0,-0.023478697156359137,-3.7884493342111973e-4,Eriogonum umbellatum,Eriogonum umbellatum
19,-1575.3023159197244,0,0.0038521191206721712,-6.237082521398966e-5,Heterotheca villosa,Eriogonum umbellatum
19,-1575.3023159197244,0,-0.026373195370430917,-0.001641829866304366,Lupinus argenteus,Heterotheca villosa
19,-1575.3023159197244,0,0.008423408090741474,4.606368264777849e-4,Ivesia gordonii,Heterotheca villosa
19,-1575.3023159197244,0,-0.009249341555907818,-0.002306867319830986,Eriogonum umbellatum,Heterotheca villosa
19,-1575.3023159197244,0,0.01333321277299651,-0.0024174916799310133,Heterotheca villosa,Heterotheca villosa
20,-1575.3023159197244,0,-0.014574377957869,0.0018763845799480887,Lupinus argenteus,Lupinus argenteus
20,-1575.3023159197244,0,0.0033964181971434457,5.671871221881663e-4,Ivesia gordonii,Lupinus argenteus
20,-1575.3023159197244,0,0.007521806623661676,-0.0015566082427228658,Eriogonum umbellatum,Lupinus argenteus
20,-1575.3023159197244,0,0.012831941439569635,0.0010771320746801487,Heterotheca villosa,Lupinus argenteus
20,-1575.3023159197244,0,0.01373985884525343,-0.0015754223727624545,Lupinus argenteus,Ivesia gordonii
20,-1575.3023159197244,0,0.015537436311767955,-0.0024502979017067346,Ivesia gordonii,Ivesia gordonii
20,-1575.3023159197244,0,0.033147262392284424,-7.339645090257243e-5,Eriogonum umbellatum,Ivesia gordonii
20,-1575.3023159197244,0,-0.015246115347154282,-0.0013455787690307705,Heterotheca villosa,Ivesia gordonii
20,-1575.3023159197244,0,0.01046319799123721,5.632946645969416e-4,Lupinus argenteus,Eriogonum umbellatum
20,-1575.3023159197244,0,0.026804481971436703,9.693844390232696e-4,Ivesia gordonii,Eriogonum umbellatum
20,-1575.3023159197244,0,-0.023478697156359137,-3.7884493342111973e-4,Eriogonum umbellatum,Eriogonum umbellatum
20,-1575.3023159197244,0,0.0038521191206721712,-6.237082521398966e-5,Heterotheca villosa,Eriogonum umbellatum
20,-1575.3023159197244,0,-0.026373195370430917,-0.001641829866304366,Lupinus argenteus,Heterotheca villosa
20,-1575.3023159197244,0,0.008423408090741474,4.606368264777849e-4,Ivesia gordonii,Heterotheca villosa
20,-1575.3023159197244,0,-0.009249341555907818,-0.002306867319830986,Eriogonum umbellatum,Heterotheca villosa
20,-1575.3023159197244,0,0.01333321277299651,-0.0024174916799310133,Heterotheca villosa,Heterotheca villosa
21,-1575.1187235865648,1,0.0034217797322229886,6.743178347327502e-4,Lupinus argenteus,Lupinus argenteus
21,-1575.1187235865648,1,0.006444256396455728,0.0011691979200739984,Ivesia gordonii,Lupinus argenteus
21,-1575.1187235865648,1,0.009073601505979663,-0.0019526183992973662,Eriogonum umbellatum,Lupinus argenteus
21,-1575.1187235865648,1,0.019247536461117203,0.0011496034400587272,Heterotheca villosa,Lupinus argenteus
21,-1575.1187235865648,1,0.016528768280338495,-0.0011775721346068187,Lupinus argenteus,Ivesia gordonii
21,-1575.1187235865648,1,0.02637273845177302,-0.002832863083800319,Ivesia gordonii,Ivesia gordonii
21,-1575.1187235865648,1,0.028667195288178893,2.139931909986745e-4,Eriogonum umbellatum,Ivesia gordonii
21,-1575.1187235865648,1,-0.04169323907545584,-0.0021581175839754754,Heterotheca villosa,Ivesia gordonii
21,-1575.1187235865648,1,0.021877682423446083,-3.088944778302789e-4,Lupinus argenteus,Eriogonum umbellatum
21,-1575.1187235865648,1,0.014952934089666393,3.631488911363833e-4,Ivesia gordonii,Eriogonum umbellatum
21,-1575.1187235865648,1,-0.015663063215034405,-3.2836688636025567e-4,Eriogonum umbellatum,Eriogonum umbellatum
21,-1575.1187235865648,1,0.0090821922462743,-2.4668110023725264e-4,Heterotheca villosa,Eriogonum umbellatum
21,-1575.1187235865648,1,-0.014450920358543975,-0.0013605789629157312,Lupinus argenteus,Heterotheca villosa
21,-1575.1187235865648,1,0.022859802278113524,0.0010473395222177194,Ivesia gordonii,Heterotheca villosa
21,-1575.1187235865648,1,-0.02373672516052414,-0.0014369914643990352,Eriogonum umbellatum,Heterotheca villosa
21,-1575.1187235865648,1,0.03859710968186553,-0.0023824472297301847,Heterotheca villosa,Heterotheca villosa
22,-1575.1187235865648,0,0.0034217797322229886,6.743178347327502e-4,Lupinus argenteus,Lupinus argenteus
22,-1575.1187235865648,0,0.006444256396455728,0.0011691979200739984,Ivesia gordonii,Lupinus argenteus
22,-1575.1187235865648,0,0.009073601505979663,-0.0019526183992973662,Eriogonum umbellatum,Lupinus argenteus
22,-1575.1187235865648,0,0.019247536461117203,0.0011496034400587272,Heterotheca villosa,Lupinus argenteus
22,-1575.1187235865648,0,0.016528768280338495,-0.0011775721346068187,Lupinus argenteus,Ivesia gordonii
22,-1575.1187235865648,0,0.02637273845177302,-0.002832863083800319,Ivesia gordonii,Ivesia gordonii
22,-1575.1187235865648,0,0.028667195288178893,2.139931909986745e-4,Eriogonum umbellatum,Ivesia gordonii
22,-1575.1187235865648,0,-0.04169323907545584,-0.0021581175839754754,Heterotheca villosa,Ivesia gordonii
22,-1575.1187235865648,0,0.021877682423446083,-3.088944778302789e-4,Lupinus argenteus,Eriogonum umbellatum
22,-1575.1187235865648,0,0.014952934089666393,3.631488911363833e-4,Ivesia gordonii,Eriogonum umbellatum
22,-1575.1187235865648,0,-0.015663063215034405,-3.2836688636025567e-4,Eriogonum umbellatum,Eriogonum umbellatum
22,-1575.1187235865648,0,0.0090821922462743,-2.4668110023725264e-4,Heterotheca villosa,Eriogonum umbellatum
22,-1575.1187235865648,0,-0.014450920358543975,-0.0013605789629157312,Lupinus argenteus,Heterotheca villosa
22,-1575.1187235865648,0,0.022859802278113524,0.0010473395222177194,Ivesia gordonii,Heterotheca villosa
22,-1575.1187235865648,0,-0.02373672516052414,-0.0014369914643990352,Eriogonum umbellatum,Heterotheca villosa
22,-1575.1187235865648,0,0.03859710968186553,-0.0023824472297301847,Heterotheca villosa,Heterotheca villosa
23,-1577.4425144935947,1,-0.015588383744297033,-9.341169276781192e-5,Lupinus argenteus,Lupinus argenteus
23,-1577.4425144935947,1,0.016669364713703887,-2.927650864332947e-4,Ivesia gordonii,Lupinus argenteus
23,-1577.4425144935947,1,-0.0018624162809746225,-0.002712153946555528,Eriogonum umbellatum,Lupinus argenteus
23,-1577.4425144935947,1,0.009200558324753983,9.043459148713818e-4,Heterotheca villosa,Lupinus argenteus
23,-1577.4425144935947,1,0.006284119646447758,-4.4091735673318984e-4,Lupinus argenteus,Ivesia gordonii
23,-1577.4425144935947,1,0.028631411673044848,-0.002966190889813883,Ivesia gordonii,Ivesia gordonii
23,-1577.4425144935947,1,0.027622898862940264,-6.050074802893283e-4,Eriogonum umbellatum,Ivesia gordonii
23,-1577.4425144935947,1,-0.05123842332515989,-0.0017032300829996957,Heterotheca villosa,Ivesia gordonii
23,-1577.4425144935947,1,0.00619657400376189,4.226958232941842e-4,Lupinus argenteus,Eriogonum umbellatum
23,-1577.4425144935947,1,0.024122494592381617,2.7646723534759636e-4,Ivesia gordonii,Eriogonum umbellatum
23,-1577.4425144935947,1,0.0020387060065539427,-5.164302945284367e-4,Eriogonum umbellatum,Eriogonum umbellatum
23,-1577.4425144935947,1,0.011440853800947498,-1.8033152408780922e-4,Heterotheca villosa,Eriogonum umbellatum
23,-1577.4425144935947,1,0.008856706641140352,1.6952353552036198e-4,Lupinus argenteus,Heterotheca villosa
23,-1577.4425144935947,1,0.021830368732269026,0.0014491940208825375,Ivesia gordonii,Heterotheca villosa
23,-1577.4425144935947,1,-0.03806026596771883,-9.654856162060162e-4,Eriogonum umbellatum,Heterotheca villosa
23,-1577.4425144935947,1,0.052874958557817875,-0.002488440463405891,Heterotheca villosa,Heterotheca villosa
24,-1577.4425144935947,0,-0.015588383744297033,-9.341169276781192e-5,Lupinus argenteus,Lupinus argenteus
24,-1577.4425144935947,0,0.016669364713703887,-2.927650864332947e-4,Ivesia gordonii,Lupinus argenteus
24,-1577.4425144935947,0,-0.0018624162809746225,-0.002712153946555528,Eriogonum umbellatum,Lupinus argenteus
24,-1577.4425144935947,0,0.009200558324753983,9.043459148713818e-4,Heterotheca villosa,Lupinus argenteus
24,-1577.4425144935947,0,0.006284119646447758,-4.4091735673318984e-4,Lupinus argenteus,Ivesia gordonii
24,-1577.4425144935947,0,0.028631411673044848,-0.002966190889813883,Ivesia gordonii,Ivesia gordonii
24,-1577.4425144935947,0,0.027622898862940264,-6.050074802893283e-4,Eriogonum umbellatum,Ivesia gordonii
24,-1577.4425144935947,0,-0.05123842332515989,-0.0017032300829996957,Heterotheca villosa,Ivesia gordonii
24,-1577.4425144935947,0,0.00619657400376189,4.226958232941842e-4,Lupinus argenteus,Eriogonum umbellatum
24,-1577.4425144935947,0,0.024122494592381617,2.7646723534759636e-4,Ivesia gordonii,Eriogonum umbellatum
24,-1577.4425144935947,0,0.0020387060065539427,-5.164302945284367e-4,Eriogonum umbellatum,Eriogonum umbellatum
24,-1577.4425144935947,0,0.011440853800947498,-1.8033152408780922e-4,Heterotheca villosa,Eriogonum umbellatum
24,-1577.4425144935947,0,0.008856706641140352,1.6952353552036198e-4,Lupinus argenteus,Heterotheca villosa
24,-1577.4425144935947,0,0.021830368732269026,0.0014491940208825375,Ivesia gordonii,Heterotheca villosa
24,-1577.4425144935947,0,-0.03806026596771883,-9.654856162060162e-4,Eriogonum umbellatum,Heterotheca villosa
24,-1577.4425144935947,0,0.052874958557817875,-0.002488440463405891,Heterotheca villosa,Heterotheca villosa
25,-1577.4425144935947,0,-0.015588383744297033,-9.341169276781192e-5,Lupinus argenteus,Lupinus argenteus
25,-1577.4425144935947,0,0.016669364713703887,-2.927650864332947e-4,Ivesia gordonii,Lupinus argenteus
25,-1577.4425144935947,0,-0.0018624162809746225,-0.002712153946555528,Eriogonum umbellatum,Lupinus argenteus
25,-1577.4425144935947,0,0.009200558324753983,9.043459148713818e-4,Heterotheca villosa,Lupinus argenteus
25,-1577.4425144935947,0,0.006284119646447758,-4.4091735673318984e-4,Lupinus argenteus,Ivesia gordonii
25,-1577.4425144935947,0,0.028631411673044848,-0.002966190889813883,Ivesia gordonii,Ivesia gordonii
25,-1577.4425144935947,0,0.027622898862940264,-6.050074802893283e-4,Eriogonum umbellatum,Ivesia gordonii
25,-1577.4425144935947,0,-0.05123842332515989,-0.0017032300829996957,Heterotheca villosa,Ivesia gordonii
25,-1577.4425144935947,0,0.00619657400376189,4.226958232941842e-4,Lupinus argenteus,Eriogonum umbellatum
25,-1577.4425144935947,0,0.024122494592381617,2.7646723534759636e-4,Ivesia gordonii,Eriogonum umbellatum
25,-1577.4425144935947,0,0.0020387060065539427,-5.164302945284367e-4,Eriogonum umbellatum,Eriogonum umbellatum
25,-1577.4425144935947,0,0.011440853800947498,-1.8033152408780922e-4,Heterotheca villosa,Eriogonum umbellatum
25,-1577.4425144935947,0,0.008856706641140352,1.6952353552036198e-4,Lupinus argenteus,Heterotheca villosa
25,-1577.4425144935947,0,0.021830368732269026,0.0014491940208825375,Ivesia gordonii,Heterotheca villosa
25,-1577.4425144935947,0,-0.03806026596771883,-9.654856162060162e-4,Eriogonum umbellatum,Heterotheca villosa
25,-1577.4425144935947,0,0.052874958557817875,-0.002488440463405891,Heterotheca villosa,Heterotheca villosa
26,-1577.4425144935947,0,-0.015588383744297033,-9.341169276781192e-5,Lupinus argenteus,Lupinus argenteus
26,-1577.4425144935947,0,0.016669364713703887,-2.927650864332947e-4,Ivesia gordonii,Lupinus argenteus
26,-1577.4425144935947,0,-0.0018624162809746225,-0.002712153946555528,Eriogonum umbellatum,Lupinus argenteus
26,-1577.4425144935947,0,0.009200558324753983,9.043459148713818e-4,Heterotheca villosa,Lupinus argenteus
26,-1577.4425144935947,0,0.006284119646447758,-4.4091735673318984e-4,Lupinus argenteus,Ivesia gordonii
26,-1577.4425144935947,0,0.028631411673044848,-0.002966190889813883,Ivesia gordonii,Ivesia gordonii
26,-1577.4425144935947,0,0.027622898862940264,-6.050074802893283e-4,Eriogonum umbellatum,Ivesia gordonii
26,-1577.4425144935947,0,-0.05123842332515989,-0.0017032300829996957,Heterotheca villosa,Ivesia gordonii
26,-1577.4425144935947,0,0.00619657400376189,4.226958232941842e-4,Lupinus argenteus,Eriogonum umbellatum
26,-1577.4425144935947,0,0.024122494592381617,2.7646723534759636e-4,Ivesia gordonii,Eriogonum umbellatum
26,-1577.4425144935947,0,0.0020387060065539427,-5.164302945284367e-4,Eriogonum umbellatum,Eriogonum umbellatum
26,-1577.4425144935947,0,0.011440853800947498,-1.8033152408780922e-4,Heterotheca villosa,Eriogonum umbellatum
26,-1577.4425144935947,0,0.008856706641140352,1.6952353552036198e-4,Lupinus argenteus,Heterotheca villosa
26,-1577.4425144935947,0,0.021830368732269026,0.0014491940208825375,Ivesia gordonii,Heterotheca villosa
26,-1577.4425144935947,0,-0.03806026596771883,-9.654856162060162e-4,Eriogonum umbellatum,Heterotheca villosa
26,-1577.4425144935947,0,0.052874958557817875,-0.002488440463405891,Heterotheca villosa,Heterotheca villosa
27,-1577.4425144935947,0,-0.015588383744297033,-9.341169276781192e-5,Lupinus argenteus,Lupinus argenteus
27,-1577.4425144935947,0,0.016669364713703887,-2.927650864332947e-4,Ivesia gordonii,Lupinus argenteus
27,-1577.4425144935947,0,-0.0018624162809746225,-0.002712153946555528,Eriogonum umbellatum,Lupinus argenteus
27,-1577.4425144935947,0,0.009200558324753983,9.043459148713818e-4,Heterotheca villosa,Lupinus argenteus
27,-1577.4425144935947,0,0.006284119646447758,-4.4091735673318984e-4,Lupinus argenteus,Ivesia gordonii
27,-1577.4425144935947,0,0.028631411673044848,-0.002966190889813883,Ivesia gordonii,Ivesia gordonii
27,-1577.4425144935947,0,0.027622898862940264,-6.050074802893283e-4,Eriogonum umbellatum,Ivesia gordonii
27,-1577.4425144935947,0,-0.05123842332515989,-0.0017032300829996957,Heterotheca villosa,Ivesia gordonii
27,-1577.4425144935947,0,0.00619657400376189,4.226958232941842e-4,Lupinus argenteus,Eriogonum umbellatum
27,-1577.4425144935947,0,0.024122494592381617,2.7646723534759636e-4,Ivesia gordonii,Eriogonum umbellatum
27,-1577.4425144935947,0,0.0020387060065539427,-5.164302945284367e-4,Eriogonum umbellatum,Eriogonum umbellatum
27,-1577.4425144935947,0,0.011440853800947498,-1.8033152408780922e-4,Heterotheca villosa,Eriogonum umbellatum
27,-1577.4425144935947,0,0.008856706641140352,1.6952353552036198e-4,Lupinus argenteus,Heterotheca villosa
27,-1577.4425144935947,0,0.021830368732269026,0.0014491940208825375,Ivesia gordonii,Heterotheca villosa
27,-1577.4425144935947,0,-0.03806026596771883,-9.654856162060162e-4,Eriogonum umbellatum,Heterotheca villosa
27,-1577.4425144935947,0,0.052874958557817875,-0.002488440463405891,Heterotheca villosa,Heterotheca villosa
28,-1574.8470344515363,1,-0.020213465591908602,-3.283553563478744e-4,Lupinus argenteus,Lupinus argenteus
28,-1574.8470344515363,1,0.015056631271723452,2.1837583210845347e-4,Ivesia gordonii,Lupinus argenteus
28,-1574.8470344515363,1,-0.0017180658310188908,-0.00180232229916103,Eriogonum umbellatum,Lupinus argenteus
28,-1574.8470344515363,1,-0.014135676899142814,3.2157903486957197e-4,Heterotheca villosa,Lupinus argenteus
28,-1574.8470344515363,1,0.0030731288542006742,5.34276686314595e-4,Lupinus argenteus,Ivesia gordonii
28,-1574.8470344515363,1,0.017385379792952082,-0.003252710495990764,Ivesia gordonii,Ivesia gordonii
28,-1574.8470344515363,1,0.025159943870420344,-0.0012630917742858974,Eriogonum umbellatum,Ivesia gordonii
28,-1574.8470344515363,1,-0.04321513250438346,-0.001704668816606119,Heterotheca villosa,Ivesia gordonii
28,-1574.8470344515363,1,-0.0011650986162344357,-5.019092963565409e-4,Lupinus argenteus,Eriogonum umbellatum
28,-1574.8470344515363,1,0.030086567410006634,-1.581544601741228e-4,Ivesia gordonii,Eriogonum umbellatum
28,-1574.8470344515363,1,-0.0021340272595589613,6.274449489180776e-5,Eriogonum umbellatum,Eriogonum umbellatum
28,-1574.8470344515363,1,0.03294651178140054,-2.319946287779878e-4,Heterotheca villosa,Eriogonum umbellatum
28,-1574.8470344515363,1,0.004222261292654649,4.0832682514405994e-4,Lupinus argenteus,Heterotheca villosa
28,-1574.8470344515363,1,0.00830674848831517,0.0011906123701704975,Ivesia gordonii,Heterotheca villosa
28,-1574.8470344515363,1,-0.031140862742816664,-9.832873353161757e-4,Eriogonum umbellatum,Heterotheca villosa
28,-1574.8470344515363,1,0.061711237348650055,-0.002273718422928853,Heterotheca villosa,Heterotheca villosa
29,-1574.8470344515363,0,-0.020213465591908602,-3.283553563478744e-4,Lupinus argenteus,Lupinus argenteus
29,-1574.8470344515363,0,0.015056631271723452,2.1837583210845347e-4,Ivesia gordonii,Lupinus argenteus
29,-1574.8470344515363,0,-0.0017180658310188908,-0.00180232229916103,Eriogonum umbellatum,Lupinus argenteus
29,-1574.8470344515363,0,-0.014135676899142814,3.2157903486957197e-4,Heterotheca villosa,Lupinus argenteus
29,-1574.8470344515363,0,0.0030731288542006742,5.34276686314595e-4,Lupinus argenteus,Ivesia gordonii
29,-1574.8470344515363,0,0.017385379792952082,-0.003252710495990764,Ivesia gordonii,Ivesia gordonii
29,-1574.8470344515363,0,0.025159943870420344,-0.0012630917742858974,Eriogonum umbellatum,Ivesia gordonii
29,-1574.8470344515363,0,-0.04321513250438346,-0.001704668816606119,Heterotheca villosa,Ivesia gordonii
29,-1574.8470344515363,0,-0.0011650986162344357,-5.019092963565409e-4,Lupinus argenteus,Eriogonum umbellatum
29,-1574.8470344515363,0,0.030086567410006634,-1.581544601741228e-4,Ivesia gordonii,Eriogonum umbellatum
29,-1574.8470344515363,0,-0.0021340272595589613,6.274449489180776e-5,Eriogonum umbellatum,Eriogonum umbellatum
29,-1574.8470344515363,0,0.03294651178140054,-2.319946287779878e-4,Heterotheca villosa,Eriogonum umbellatum
29,-1574.8470344515363,0,0.004222261292654649,4.0832682514405994e-4,Lupinus argenteus,Heterotheca villosa
29,-1574.8470344515363,0,0.00830674848831517,0.0011906123701704975,Ivesia gordonii,Heterotheca villosa
29,-1574.8470344515363,0,-0.031140862742816664,-9.832873353161757e-4,Eriogonum umbellatum,Heterotheca villosa
29,-1574.8470344515363,0,0.061711237348650055,-0.002273718422928853,Heterotheca villosa,Heterotheca villosa
30,-1574.8470344515363,0,-0.020213465591908602,-3.283553563478744e-4,Lupinus argenteus,Lupinus argenteus
30,-1574.8470344515363,0,0.015056631271723452,2.1837583210845347e-4,Ivesia gordonii,Lupinus argenteus
30,-1574.8470344515363,0,-0.0017180658310188908,-0.00180232229916103,Eriogonum umbellatum,Lupinus argenteus
30,-1574.8470344515363,0,-0.014135676899142814,3.2157903486957197e-4,Heterotheca villosa,Lupinus argenteus
30,-1574.8470344515363,0,0.0030731288542006742,5.34276686314595e-4,Lupinus argenteus,Ivesia gordonii
30,-1574.8470344515363,0,0.017385379792952082,-0.003252710495990764,Ivesia gordonii,Ivesia gordonii
30,-1574.8470344515363,0,0.025159943870420344,-0.0012630917742858974,Eriogonum umbellatum,Ivesia gordonii
30,-1574.8470344515363,0,-0.04321513250438346,-0.001704668816606119,Heterotheca villosa,Ivesia gordonii
30,-1574.8470344515363,0,-0.0011650986162344357,-5.019092963565409e-4,Lupinus argenteus,Eriogonum umbellatum
30,-1574.8470344515363,0,0.030086567410006634,-1.581544601741228e-4,Ivesia gordonii,Eriogonum umbellatum
30,-1574.8470344515363,0,-0.0021340272595589613,6.274449489180776e-5,Eriogonum umbellatum,Eriogonum umbellatum
30,-1574.8470344515363,0,0.03294651178140054,-2.319946287779878e-4,Heterotheca villosa,Eriogonum umbellatum
30,-1574.8470344515363,0,0.004222261292654649,4.0832682514405994e-4,Lupinus argenteus,Heterotheca villosa
30,-1574.8470344515363,0,0.00830674848831517,0.0011906123701704975,Ivesia gordonii,Heterotheca villosa
30,-1574.8470344515363,0,-0.031140862742816664,-9.832873353161757e-4,Eriogonum umbellatum,Heterotheca villosa
30,-1574.8470344515363,0,0.061711237348650055,-0.002273718422928853,Heterotheca villosa,Heterotheca villosa
31,-1574.8470344515363,0,-0.020213465591908602,-3.283553563478744e-4,Lupinus argenteus,Lupinus argenteus
31,-1574.8470344515363,0,0.015056631271723452,2.1837583210845347e-4,Ivesia gordonii,Lupinus argenteus
31,-1574.8470344515363,0,-0.0017180658310188908,-0.00180232229916103,Eriogonum umbellatum,Lupinus argenteus
31,-1574.8470344515363,0,-0.014135676899142814,3.2157903486957197e-4,Heterotheca villosa,Lupinus argenteus
31,-1574.8470344515363,0,0.0030731288542006742,5.34276686314595e-4,Lupinus argenteus,Ivesia gordonii
31,-1574.8470344515363,0,0.017385379792952082,-0.003252710495990764,Ivesia gordonii,Ivesia gordonii
31,-1574.8470344515363,0,0.025159943870420344,-0.0012630917742858974,Eriogonum umbellatum,Ivesia gordonii
31,-1574.8470344515363,0,-0.04321513250438346,-0.001704668816606119,Heterotheca villosa,Ivesia gordonii
31,-1574.8470344515363,0,-0.0011650986162344357,-5.019092963565409e-4,Lupinus argenteus,Eriogonum umbellatum
31,-1574.8470344515363,0,0.030086567410006634,-1.581544601741228e-4,Ivesia gordonii,Eriogonum umbellatum
31,-1574.8470344515363,0,-0.0021340272595589613,6.274449489180776e-5,Eriogonum umbellatum,Eriogonum umbellatum
31,-1574.8470344515363,0,0.03294651178140054,-2.319946287779878e-4,Heterotheca villosa,Eriogonum umbellatum
31,-1574.8470344515363,0,0.004222261292654649,4.0832682514405994e-4,Lupinus argenteus,Heterotheca villosa
31,-1574.8470344515363,0,0.00830674848831517,0.0011906123701704975,Ivesia gordonii,Heterotheca villosa
31,-1574.8470344515363,0,-0.031140862742816664,-9.832873353161757e-4,Eriogonum umbellatum,Heterotheca villosa
31,-1574.8470344515363,0,0.061711237348650055,-0.002273718422928853,Heterotheca villosa,Heterotheca villosa
