date,1986,1987,1988,1989,1990,1991,1992,1993,1994,1995,1996,1997,1998,1999,2000,2001,2002,2003,2004,2005,2006,2007,2008,2009,2010,2011,2012,2013,2014,2015,2016,2017,2018,2019,2020,2021,2022,2023,2024,2025,10%,30%,70%,90%,Min,Median ('91-'20),Median (POR),Max
10-01,0.0,0.0,0.0,0.0,0.0,0.0,0.0,0.0,0.0,0.0,0.0,0.0,0.0,0.0,0.0,0.0,0.0,0.0,0.0,0.0,0.0,0.0,0.0,0.0,0.0,0.0,0.0,0.0,0.0,0.0,0.0,0.0,0.0,0.0,0.0,0.0,0.0,0.0,0.0,0.0,0.0,0.0,0.0,0.0,0.0,0.0,0.0,0.0
10-02,0.0,0.0,0.0,0.0,0.0,0.0,0.0,0.0,0.0,0.6,0.0,0.0,0.0,0.4,0.0,0.1,0.0,0.1,0.1,0.0,0.1,0.0,0.7,0.1,0.0,0.0,0.0,0.0,0.0,0.7,0.1,0.0,1.1,0.0,0.0,0.0,0.4,0.4,0.1,0.0,0.0,0.0,0.1,0.44,0.0,0.0,0.0,1.1
10-03,0.0,0.0,0.0,0.0,0.0,0.7,0.0,0.0,0.0,0.6,0.0,0.6,0.7,0.5,0.0,0.2,0.0,0.3,0.5,0.0,0.2,0.4,0.8,0.1,0.2,0.0,0.0,0.0,0.0,0.7,0.1,0.0,1.3,1.0,0.0,0.0,0.4,0.9,0.6,0.0,0.0,0.0,0.46,0.72,0.0,0.2,0.1,1.3
10-04,0.0,0.2,0.0,0.0,0.3,0.7,0.0,0.0,0.0,0.7,0.0,1.7,0.9,0.9,0.0,0.2,0.0,0.8,0.5,0.0,0.2,0.6,0.9,0.1,0.3,0.0,0.1,0.0,0.0,0.8,0.1,0.0,1.3,1.7,0.0,0.0,0.4,1.0,0.8,0.0,0.0,0.0,0.66,0.92,0.0,0.2,0.2,1.7
10-05,0.0,0.6,0.0,0.1,0.7,0.7,0.0,0.0,0.4,0.7,0.6,1.7,0.9,1.5,0.0,0.4,0.0,1.0,0.5,0.0,0.6,0.8,0.9,0.5,0.9,0.0,0.4,0.0,0.0,0.8,0.2,0.0,1.3,2.2,0.0,0.0,0.4,1.0,0.8,0.0,0.0,0.0,0.76,1.06,0.0,0.5,0.5,2.2
10-06,0.5,0.6,0.0,0.4,0.7,0.7,0.0,0.0,0.4,1.4,0.7,1.7,1.0,2.2,0.1,0.5,0.0,1.0,0.5,0.0,0.8,0.9,0.9,0.9,1.3,0.1,0.6,0.0,0.0,0.8,0.4,0.0,1.3,2.4,0.0,0.0,0.4,1.0,0.8,0.0,0.0,0.22,0.86,1.32,0.0,0.6,0.6,2.4
10-07,1.1,0.8,0.0,0.5,0.7,0.7,0.0,0.2,0.6,2.5,0.7,1.7,1.0,2.2,0.2,0.5,0.0,1.0,0.5,0.3,0.8,1.4,0.9,0.9,1.4,0.2,2.2,0.0,0.0,1.0,0.6,0.0,1.3,2.5,0.0,0.0,0.4,1.0,0.9,0.0,0.0,0.34,1.0,1.8,0.0,0.7,0.7,2.5
10-08,2.5,0.8,0.0,0.6,0.7,1.9,0.0,0.2,1.0,2.5,0.8,1.7,1.2,2.2,0.9,0.7,0.0,1.0,0.5,0.3,0.9,1.5,0.9,0.9,1.8,0.8,2.2,0.0,0.2,1.2,0.6,0.0,1.3,2.6,0.0,0.0,0.4,1.0,0.9,0.0,0.0,0.54,1.12,2.2,0.0,0.9,0.9,2.6
10-09,3.8,1.1,0.0,0.6,0.7,2.3,0.0,0.2,1.0,2.5,0.8,1.7,2.0,2.3,0.9,0.7,0.1,1.0,0.5,0.3,1.2,1.5,1.2,0.9,1.9,1.0,2.3,0.0,0.3,1.2,0.6,0.1,1.4,2.7,0.0,0.0,1.0,1.0,0.9,0.0,0.0,0.6,1.2,2.3,0.0,1.0,1.0,3.8
10-10,3.8,1.3,0.0,0.7,0.7,2.4,0.0,0.2,1.6,2.6,0.8,1.7,2.1,2.3,0.9,0.7,1.0,1.0,0.5,0.3,1.8,2.2,1.3,1.2,2.0,1.2,2.3,0.0,0.3,1.2,0.6,0.1,1.7,2.8,0.0,0.0,2.0,1.0,0.9,0.0,0.0,0.7,1.7,2.32,0.0,1.2,1.0,3.8
10-11,4.0,1.8,0.0,0.7,0.7,2.4,0.0,0.2,2.2,2.6,0.8,1.7,2.1,2.3,1.0,0.7,1.0,1.1,0.6,0.3,1.9,2.8,1.4,1.2,2.0,1.2,2.3,0.0,0.6,1.2,0.6,0.4,1.7,3.8,0.0,0.0,2.1,1.0,0.9,0.0,0.0,0.7,1.86,2.44,0.0,1.2,1.1,4.0
10-12,4.2,2.6,0.0,0.7,0.7,2.4,0.0,0.2,2.4,2.6,0.8,1.7,2.3,2.3,1.0,0.8,1.3,1.1,0.6,0.3,1.9,2.8,1.4,1.6,2.1,1.2,2.5,0.0,0.7,1.3,0.6,0.4,1.7,4.8,0.0,0.0,2.1,1.0,1.6,0.0,0.0,0.7,2.02,2.6,0.0,1.3,1.3,4.8
10-13,4.2,2.8,0.1,0.7,0.7,2.4,0.0,0.2,2.8,2.6,1.4,1.7,2.7,2.3,1.0,0.8,1.4,1.1,0.6,0.3,2.0,2.8,1.4,1.6,2.2,1.2,2.5,0.0,0.8,1.5,0.6,0.4,1.7,4.8,0.1,0.1,2.4,1.0,2.5,0.0,0.1,0.74,2.26,2.8,0.0,1.4,1.4,4.8
10-14,4.2,2.8,0.5,0.7,0.7,2.4,0.0,0.2,3.0,2.6,1.4,1.7,2.8,2.3,1.0,0.8,1.4,1.1,0.6,0.3,2.0,2.8,1.4,1.6,2.7,1.2,2.5,0.0,1.0,1.5,0.6,0.4,1.7,5.0,0.1,0.1,2.5,1.0,2.5,0.0,0.18,0.74,2.36,2.8,0.0,1.4,1.4,5.0
10-15,4.7,2.8,1.0,0.8,0.7,2.4,0.0,0.2,3.4,3.1,1.5,1.8,2.8,2.3,1.0,0.8,1.4,1.1,0.7,0.3,2.1,3.4,1.4,1.7,3.6,1.2,2.5,0.0,1.4,1.8,0.6,0.5,1.7,5.0,0.1,0.1,2.8,1.0,2.6,0.0,0.18,0.88,2.36,3.4,0.0,1.4,1.4,5.0
10-16,4.8,2.8,1.1,0.8,1.4,2.4,0.0,0.3,4.2,3.6,1.5,1.8,2.8,2.3,1.0,0.9,1.5,1.1,0.7,0.3,2.1,3.7,1.4,1.8,3.6,1.2,2.6,0.0,1.4,2.0,0.6,0.5,1.7,5.1,0.1,0.1,2.8,1.0,2.6,0.0,0.26,1.0,2.36,3.62,0.0,1.5,1.5,5.1
10-17,4.8,2.9,1.1,0.8,1.8,2.5,0.0,0.3,4.5,3.9,1.5,2.3,2.8,2.3,1.0,0.9,1.5,1.1,0.7,0.3,2.1,4.3,1.6,1.8,3.6,1.2,2.6,0.0,1.4,2.0,0.6,0.5,1.7,5.2,0.1,0.1,2.9,1.0,2.7,0.1,0.26,1.0,2.42,3.98,0.0,1.6,1.6,5.2
10-18,4.8,3.1,1.1,0.8,1.9,2.5,0.0,0.3,5.0,4.2,1.5,2.4,2.8,2.4,1.0,0.9,1.6,1.1,0.7,0.4,2.1,5.5,2.6,1.8,3.6,1.2,2.6,0.0,1.6,2.0,0.7,0.5,1.7,5.3,0.1,0.1,2.9,1.0,2.7,0.6,0.26,1.0,2.56,4.32,0.0,1.6,1.7,5.5
10-19,4.8,3.3,1.1,0.8,1.9,2.7,0.0,0.3,5.3,4.3,1.5,2.4,2.8,2.4,1.0,0.9,1.6,1.1,0.7,1.4,2.4,5.5,2.8,1.9,3.7,1.3,2.6,0.0,1.6,2.2,0.8,0.5,1.7,5.3,1.2,0.1,2.9,1.0,2.7,0.9,0.46,1.1,2.66,4.4,0.0,1.6,1.7,5.5
10-20,4.8,3.5,1.1,0.8,1.9,3.7,0.0,0.3,5.3,4.3,1.5,3.4,2.9,2.4,1.0,0.9,1.6,1.1,0.7,1.5,2.8,5.7,3.0,1.9,3.9,1.3,2.6,0.0,1.8,2.2,1.1,0.5,1.7,5.3,1.4,0.1,3.1,1.0,2.7,0.9,0.46,1.1,2.86,4.4,0.0,1.8,1.8,5.7
10-21,4.8,3.7,1.1,0.8,1.9,4.1,0.0,0.3,5.3,4.3,1.5,3.8,2.9,2.5,1.0,0.9,1.6,1.1,0.7,1.5,2.8,6.1,3.1,2.0,3.9,1.3,2.6,0.0,1.9,2.2,1.4,0.5,2.0,5.3,1.9,0.1,3.2,1.0,2.7,1.3,0.46,1.18,2.86,4.4,0.0,2.0,1.9,6.1
10-22,4.8,3.7,1.1,0.8,1.9,4.1,0.0,0.4,5.3,4.3,1.5,3.8,2.9,2.5,1.0,0.9,1.7,1.1,0.7,1.5,2.8,6.3,3.3,2.0,3.9,1.5,2.6,0.0,1.9,2.2,1.4,0.5,2.0,5.3,2.1,0.1,3.2,1.0,2.7,1.5,0.48,1.22,2.86,4.4,0.0,2.0,2.0,6.3
10-23,4.8,3.7,1.1,0.8,2.1,4.1,0.1,0.4,5.3,4.3,1.9,3.9,2.9,2.5,1.0,1.0,2.4,1.5,0.7,1.8,2.8,6.3,3.5,2.0,3.9,1.8,2.6,0.0,1.9,2.2,1.9,0.6,2.0,5.5,2.1,0.1,3.2,1.0,2.7,1.5,0.56,1.62,2.86,4.4,0.0,2.0,2.1,6.3
10-24,5.0,3.9,1.1,0.8,2.1,4.1,1.3,0.4,5.3,4.3,1.9,3.9,3.2,2.5,1.0,1.2,2.4,2.2,0.7,1.8,2.8,6.3,3.5,2.2,3.9,2.5,2.7,0.0,1.9,2.2,1.9,0.6,2.0,5.5,2.3,0.1,3.6,2.1,2.7,1.5,0.68,1.9,3.04,4.44,0.0,2.2,2.2,6.3
10-25,5.0,3.9,2.0,0.8,2.1,4.1,2.5,0.4,5.3,4.3,1.9,4.0,4.1,2.5,1.0,1.6,2.5,2.5,0.7,1.9,2.8,6.4,3.5,2.2,3.9,2.9,2.8,0.0,1.9,2.2,1.9,0.9,2.0,5.5,2.3,0.1,3.7,2.1,2.7,1.5,0.78,1.94,3.26,4.44,0.0,2.5,2.5,6.4
10-26,5.0,3.9,2.4,0.8,2.1,4.1,3.2,0.5,5.3,4.3,2.0,4.8,4.2,2.8,1.1,1.6,2.5,2.6,0.7,2.3,2.8,6.6,3.5,2.2,3.9,4.5,3.3,0.3,1.9,2.2,2.0,0.9,2.0,5.5,2.4,0.6,3.7,2.4,2.7,1.5,0.78,2.04,3.62,4.84,0.3,2.6,2.5,6.6
10-27,5.1,4.0,2.4,0.8,2.7,4.1,3.3,0.5,5.3,4.3,2.0,5.0,4.2,3.3,1.1,1.7,2.6,2.9,0.8,2.3,2.8,6.8,3.5,2.2,4.1,4.9,3.9,0.5,1.9,2.2,2.1,0.9,2.0,5.5,2.4,0.6,4.2,3.5,2.8,1.5,0.8,2.14,3.96,5.02,0.5,2.7,2.8,6.8
10-28,5.1,4.0,2.4,0.8,2.7,4.1,3.5,0.5,5.3,4.4,2.0,5.1,4.2,3.8,1.1,1.8,2.7,3.2,0.8,2.6,2.9,6.9,3.6,2.2,4.4,4.9,3.9,0.5,1.9,2.2,2.1,0.9,2.1,5.5,2.4,0.7,4.4,3.5,3.0,1.6,0.8,2.14,3.96,5.1,0.5,2.8,2.9,6.9
10-29,5.2,4.1,2.4,0.8,2.7,4.1,3.7,1.2,5.3,4.4,2.0,6.1,4.3,4.1,1.2,2.0,2.7,3.6,0.8,2.9,3.0,7.0,3.6,2.2,5.1,5.0,3.9,0.5,2.0,2.2,2.4,1.0,2.1,5.5,2.5,0.9,4.4,3.5,5.3,2.2,0.98,2.2,4.1,5.3,0.5,3.0,3.0,7.0
10-30,5.3,4.1,2.7,0.9,2.7,4.1,4.0,1.9,5.4,4.4,2.0,6.5,4.3,4.1,1.4,2.0,2.7,3.7,0.8,3.3,3.7,7.0,3.6,2.3,5.3,5.1,4.0,0.5,2.7,2.2,2.5,1.0,2.1,5.5,3.1,0.9,4.4,3.5,5.3,3.1,0.98,2.38,4.1,5.32,0.5,3.4,3.5,7.0
10-31,5.3,4.4,2.8,0.9,2.7,4.1,4.4,3.0,5.4,5.1,2.0,6.5,4.3,4.5,1.5,2.1,2.7,4.6,0.8,3.3,4.4,7.0,3.6,2.3,5.4,5.4,4.0,0.5,2.8,2.2,2.5,1.0,2.2,5.5,3.1,0.9,4.4,3.5,5.3,3.4,0.98,2.58,4.4,5.4,0.5,3.4,3.5,7.0
11-01,5.3,5.8,2.8,0.9,2.8,4.2,4.5,4.1,5.4,5.1,2.4,6.5,4.3,4.5,1.5,2.3,3.5,5.1,0.8,3.5,4.4,7.0,3.6,2.3,5.5,5.4,4.1,0.5,3.0,2.3,2.5,1.0,2.2,5.6,3.3,0.9,4.4,3.5,5.5,3.3,0.98,2.62,4.5,5.52,0.5,3.8,3.6,7.0
11-02,5.3,6.4,3.2,0.9,2.8,4.7,4.8,4.4,5.5,5.2,3.4,6.6,4.3,4.5,1.5,2.9,3.5,5.2,0.8,3.5,4.5,7.0,3.6,2.3,5.5,5.4,4.3,0.5,3.0,2.4,2.5,1.1,2.2,5.8,3.3,0.9,4.5,3.7,5.6,3.4,1.06,2.94,4.76,5.64,0.5,4.0,3.7,7.0
11-03,5.4,6.4,3.3,0.9,2.8,5.5,4.8,5.1,5.5,5.2,3.4,6.6,4.3,4.7,1.5,3.0,3.7,6.0,2.2,3.8,4.7,7.0,3.6,2.6,5.5,5.4,4.3,0.5,3.2,2.9,2.5,1.1,2.2,5.9,3.4,0.9,5.0,3.7,5.7,3.5,1.42,3.08,5.16,5.92,0.5,4.0,3.8,7.0
11-04,5.4,6.4,3.4,1.1,2.8,5.8,5.1,5.3,5.5,6.0,3.4,6.8,4.3,4.9,1.5,3.0,3.7,6.1,3.4,3.8,4.9,7.0,3.6,2.6,5.6,5.4,4.4,0.5,3.3,3.2,2.6,1.2,2.3,6.0,3.4,0.9,5.0,4.2,5.7,3.7,1.44,3.34,5.36,6.02,0.5,4.0,4.2,7.0
11-05,5.5,6.4,3.4,1.1,2.9,5.8,5.1,5.4,5.6,6.2,3.4,6.8,4.4,4.9,1.5,3.2,3.7,6.1,3.6,3.9,4.9,7.0,3.6,3.7,5.6,5.4,4.6,0.5,3.5,3.2,3.1,1.4,2.6,6.6,3.4,0.9,5.0,4.3,5.7,3.6,1.48,3.4,5.4,6.24,0.5,4.2,4.3,7.0
11-06,5.8,6.4,3.8,1.1,2.9,6.6,5.2,5.4,5.7,6.2,3.5,7.5,4.4,5.0,1.5,4.1,3.7,6.1,3.8,3.9,5.0,7.0,3.6,3.8,5.6,5.5,5.3,0.5,3.5,3.2,3.4,1.4,2.8,6.6,3.4,0.9,5.0,4.6,5.7,,1.48,3.54,5.46,6.44,0.5,4.2,4.4,7.5
11-07,5.8,7.1,4.2,1.1,3.1,7.0,5.8,5.4,5.8,6.2,3.5,7.6,4.4,5.4,1.5,4.2,3.8,6.1,4.0,3.9,5.0,7.1,3.6,3.8,5.6,5.5,5.5,0.5,3.5,3.2,3.4,1.4,3.0,6.6,3.4,0.9,5.0,4.6,5.7,,1.48,3.54,5.56,6.68,0.5,4.3,4.4,7.6
11-08,6.1,7.9,4.3,1.1,3.3,7.1,5.9,5.4,5.8,6.2,3.5,7.6,4.4,5.7,1.5,4.3,3.9,6.2,4.2,4.2,5.0,7.1,3.6,4.2,5.6,5.6,5.5,0.5,3.7,3.2,3.6,1.4,3.2,6.6,3.4,2.0,5.0,4.6,5.7,,1.9,3.64,5.66,6.7,0.5,4.4,4.4,7.9
11-09,7.1,8.2,4.3,2.8,3.3,7.1,5.9,5.9,5.8,6.9,3.5,7.6,4.5,7.8,1.5,4.4,4.3,7.3,4.2,4.3,5.0,7.1,3.6,4.2,5.6,5.7,5.5,0.6,3.7,3.2,3.6,1.4,3.2,6.6,3.4,2.7,5.0,4.6,5.7,,2.78,3.64,5.76,7.14,0.6,4.4,4.5,8.2
11-10,7.8,8.6,4.3,3.2,3.3,7.1,5.9,7.0,5.8,6.9,4.1,7.6,4.8,8.1,1.5,4.4,4.4,8.6,4.6,4.3,5.0,7.1,3.7,4.3,5.6,6.0,5.5,0.7,3.7,3.2,3.7,1.4,3.2,6.7,3.4,3.1,5.3,4.9,5.7,,3.18,3.86,5.86,7.64,0.7,4.7,4.8,8.6
11-11,8.0,8.6,4.3,3.3,3.4,7.1,6.0,7.7,5.8,6.9,4.5,7.6,5.2,8.2,1.5,5.0,4.4,9.0,5.5,4.4,5.1,7.1,3.7,4.6,5.6,6.1,5.5,1.7,3.7,3.2,4.1,1.4,3.2,6.7,3.4,3.1,5.6,4.9,6.0,,3.18,4.18,6.0,7.76,1.4,5.2,5.1,9.0
11-12,8.3,8.7,4.3,3.9,3.4,7.1,6.1,7.7,6.6,7.1,4.6,7.6,6.0,8.4,1.5,5.4,4.5,9.1,6.0,4.4,5.6,7.3,3.7,4.7,5.7,6.1,5.7,1.9,3.7,3.3,4.1,1.4,3.2,6.7,3.4,3.1,5.6,4.9,6.0,,3.18,4.18,6.1,7.82,1.4,5.6,5.6,9.1
11-13,8.8,8.7,4.3,4.0,3.4,7.1,6.1,7.8,7.3,8.7,4.6,7.6,6.2,8.5,1.5,5.5,4.5,9.3,6.2,4.6,6.2,7.3,3.7,4.7,5.8,6.1,6.1,2.3,3.7,3.3,4.1,1.4,3.2,6.7,3.4,3.1,5.6,4.9,6.0,,3.18,4.18,6.2,8.54,1.4,6.0,5.6,9.3
11-14,8.8,8.7,4.4,4.0,3.4,7.1,6.1,7.9,7.5,9.2,4.6,7.6,6.3,8.5,1.5,5.7,4.5,9.5,7.1,4.6,6.8,7.9,3.7,4.7,6.5,6.3,7.0,2.3,3.7,3.9,4.2,1.4,3.2,6.7,3.4,3.3,5.6,5.0,6.0,,3.28,4.28,6.92,8.54,1.4,6.2,5.7,9.5
11-15,8.9,8.7,4.8,5.2,3.4,7.1,6.8,7.9,7.7,9.6,4.6,7.7,6.4,8.5,1.5,5.8,4.5,9.5,7.7,4.6,7.5,8.6,3.7,4.7,7.0,6.4,7.2,2.3,3.7,4.5,4.2,1.4,3.2,6.8,3.4,4.0,5.6,5.0,6.0,,3.36,4.54,7.16,8.62,1.4,6.4,5.8,9.6
11-16,9.1,8.7,4.9,5.4,3.4,7.1,7.3,7.9,7.7,9.7,4.6,8.7,6.4,8.5,1.5,6.2,4.5,9.7,7.7,4.7,7.9,9.0,3.7,4.7,7.0,7.0,7.2,2.3,4.2,4.8,4.4,1.4,3.2,6.8,3.4,4.1,5.6,5.0,6.0,,3.36,4.64,7.26,8.76,1.4,6.6,6.0,9.7
11-17,9.3,9.1,4.9,5.4,3.4,7.1,7.4,7.9,7.7,10.2,4.6,9.6,6.5,8.5,1.6,6.2,4.5,9.8,7.9,4.8,8.0,9.0,3.7,4.8,7.1,7.4,7.3,2.4,5.3,4.8,4.9,1.6,3.3,6.8,3.4,4.1,5.6,5.0,6.3,,3.38,4.8,7.4,9.14,1.6,6.6,6.2,10.2
11-18,10.2,9.3,5.2,6.4,3.4,7.1,8.0,7.9,7.7,10.8,4.6,10.2,6.5,8.5,1.6,6.4,4.5,9.8,8.9,4.9,8.0,9.0,3.7,4.8,7.1,7.5,7.3,2.4,5.5,5.0,5.0,1.6,6.0,6.8,3.4,4.1,5.6,5.0,6.3,,3.4,5.0,7.62,9.4,1.6,6.6,6.4,10.8
11-19,10.9,10.3,5.2,6.4,3.4,7.1,9.1,7.9,8.0,11.1,4.6,10.8,6.6,8.5,1.6,6.5,4.6,9.8,9.1,4.9,8.1,9.0,3.7,4.8,7.1,7.5,7.4,2.5,5.7,5.1,5.2,1.8,6.0,6.8,3.4,4.1,5.7,5.0,6.8,,3.4,5.04,7.74,9.9,1.6,6.7,6.5,11.1
11-20,11.0,10.5,5.2,6.4,3.4,7.1,9.2,8.2,8.1,11.2,4.6,10.8,6.7,8.5,1.7,6.5,4.7,9.9,9.1,4.9,8.1,9.1,3.7,4.8,7.1,7.6,7.9,2.5,6.1,5.2,5.3,2.3,6.0,6.9,3.4,4.1,5.7,5.1,7.1,,3.4,5.14,8.02,10.02,1.7,6.8,6.5,11.2
11-21,11.3,10.6,5.2,6.4,3.4,7.8,9.4,8.5,8.1,11.4,4.6,10.8,7.2,8.5,1.7,6.5,4.7,9.9,9.1,5.3,8.1,9.2,3.7,4.8,7.1,7.9,8.0,2.5,6.3,5.3,5.3,2.3,6.1,6.9,3.6,4.3,5.9,5.2,7.1,,3.56,5.24,8.06,10.04,1.7,7.0,6.5,11.4
11-22,11.7,11.3,5.4,6.4,3.4,8.0,9.7,8.5,8.1,11.8,4.6,10.9,7.4,8.5,2.4,6.6,4.8,9.9,9.2,5.7,8.1,9.2,3.7,4.8,7.3,9.5,8.2,2.5,6.9,5.3,5.3,2.5,6.1,6.9,4.0,4.5,5.9,5.2,7.1,,3.64,5.3,8.16,10.1,2.4,7.1,6.9,11.8
11-23,11.8,11.3,5.4,6.4,3.4,8.0,9.8,8.8,9.7,12.0,4.6,12.8,7.5,8.5,2.6,6.6,5.1,9.9,9.2,5.7,8.1,9.2,3.7,4.8,7.3,9.9,8.2,2.5,7.3,5.7,5.3,2.5,6.2,7.3,4.0,4.8,6.0,5.2,7.1,,3.64,5.34,8.38,10.18,2.5,7.3,7.1,12.8
11-24,13.2,11.3,5.4,6.4,3.4,8.0,9.8,8.8,11.1,12.0,4.6,12.8,7.5,8.5,2.6,6.6,5.5,9.9,9.4,5.8,8.1,9.2,3.7,4.8,7.3,10.2,8.3,2.5,7.7,6.1,5.3,2.8,6.2,7.5,4.0,5.4,6.2,5.2,7.4,,3.64,5.44,8.42,11.14,2.5,7.5,7.3,13.2
11-25,14.6,11.4,5.5,6.9,3.8,8.0,10.0,9.0,11.3,12.1,4.6,12.8,7.5,8.5,2.6,6.6,6.1,10.1,9.6,6.1,8.1,9.4,3.8,4.8,7.3,10.6,8.4,2.5,7.8,6.4,5.3,2.8,6.2,8.6,4.0,5.5,6.4,5.3,7.9,,3.8,5.74,8.56,11.32,2.5,7.6,7.3,14.6
11-26,16.3,11.4,5.9,7.1,4.4,8.0,10.1,9.0,11.3,12.1,4.7,12.8,7.5,8.5,2.7,6.6,6.9,10.2,9.8,6.3,8.2,9.8,3.9,4.8,7.4,10.8,8.4,2.5,7.8,6.8,5.3,2.9,6.2,8.7,4.3,5.5,6.5,5.3,7.9,,4.22,6.02,8.62,11.32,2.5,7.6,7.4,16.3
11-27,16.5,11.4,6.0,7.3,6.6,8.5,10.2,9.0,11.6,12.7,5.5,12.8,8.7,8.5,2.7,6.6,7.1,10.2,10.6,6.4,8.6,9.8,3.9,5.0,7.4,11.0,8.5,2.5,7.8,6.9,5.4,3.4,6.2,8.9,4.3,5.5,6.5,5.4,7.9,,4.22,6.28,8.82,11.44,2.5,8.2,7.4,16.5
11-28,16.5,11.4,6.1,7.4,6.8,8.7,10.3,9.0,11.6,12.9,5.7,12.8,9.5,8.5,2.7,6.6,7.1,10.2,10.6,8.2,8.7,10.5,4.0,5.3,7.4,11.1,8.6,2.5,7.9,6.9,5.8,4.2,6.2,9.0,4.6,5.5,6.5,5.6,7.9,,4.52,6.32,9.0,11.44,2.5,8.4,7.9,16.5
11-29,17.1,11.5,6.1,7.6,6.8,8.7,10.4,9.0,11.6,13.0,6.0,12.8,9.5,8.9,2.7,6.6,7.4,10.3,10.6,9.2,8.7,12.2,4.0,5.3,7.4,11.3,8.6,2.7,7.9,6.9,5.8,4.5,6.2,9.3,4.7,5.5,6.6,6.4,7.9,,4.66,6.48,9.26,11.72,2.7,8.6,7.9,17.1
11-30,17.6,11.8,6.1,7.7,6.8,8.7,10.7,9.0,11.7,13.2,6.0,13.0,9.5,9.1,2.7,6.6,7.5,10.3,10.6,9.2,9.4,12.2,4.3,5.8,7.4,11.3,8.6,2.7,7.9,6.9,5.8,4.5,6.2,9.4,5.6,5.5,6.6,6.7,8.0,,5.3,6.6,9.4,11.88,2.7,8.6,7.9,17.6
12-01,17.6,11.9,6.1,7.7,6.8,8.7,10.7,9.0,11.8,13.3,6.0,13.0,9.5,9.1,2.7,6.6,7.6,10.3,10.6,9.4,9.5,12.6,5.7,6.5,7.4,11.5,8.6,2.7,7.9,6.9,5.8,4.6,6.2,9.7,5.6,5.5,6.7,7.1,8.5,,5.58,6.64,9.5,12.04,2.7,8.6,7.9,17.6
12-02,17.6,11.9,6.1,7.8,6.8,8.7,10.8,9.1,11.9,13.3,6.0,13.0,9.6,9.1,2.7,6.6,8.2,10.3,10.6,9.4,10.1,12.6,9.0,6.6,7.4,11.8,8.6,2.7,8.0,7.1,5.8,5.0,6.2,9.9,5.9,5.5,7.1,7.1,8.7,,5.74,6.92,9.78,12.04,2.7,8.8,8.6,17.6
12-03,21.6,11.9,6.2,7.8,6.9,8.8,10.9,9.1,12.1,13.3,6.0,13.0,9.7,9.1,2.8,6.6,8.8,10.3,10.6,9.5,11.5,12.6,9.3,6.7,7.4,11.8,8.6,2.7,8.1,7.1,5.8,5.1,6.2,10.2,5.9,5.5,7.1,8.3,9.3,,5.74,6.98,10.0,12.2,2.7,9.0,8.8,21.6
12-04,22.1,11.9,6.2,7.8,6.9,8.8,11.0,9.1,12.1,13.3,6.0,13.0,9.7,9.1,2.9,6.6,9.0,10.3,10.6,9.6,11.5,12.7,9.5,6.8,7.5,11.8,8.8,2.7,9.0,7.1,5.9,5.1,6.3,10.3,5.9,5.5,7.3,8.7,9.9,,5.82,6.98,10.14,12.22,2.7,9.0,9.0,22.1
12-05,22.1,11.9,6.2,7.8,6.9,8.8,11.0,9.1,12.1,13.4,6.3,13.0,9.7,9.2,2.9,6.6,9.3,10.3,10.6,9.9,11.5,12.9,9.6,6.8,7.8,11.8,8.8,2.8,9.3,7.1,6.2,5.4,6.3,10.4,6.1,5.6,7.3,8.8,9.9,,6.0,6.98,10.14,12.26,2.8,9.2,9.1,22.1
12-06,22.1,12.2,6.4,7.8,6.9,8.8,11.1,9.3,12.2,14.1,6.5,14.0,9.7,9.6,2.9,6.7,9.5,10.3,10.7,9.9,12.2,12.9,9.8,6.9,7.9,11.8,8.8,3.0,9.8,7.1,6.2,5.4,6.3,10.7,6.9,5.6,7.3,9.2,9.9,,6.08,6.98,10.14,12.34,2.9,9.6,9.3,22.1
12-07,22.1,12.6,6.4,7.8,7.2,8.8,11.1,9.4,12.3,15.0,6.5,14.5,9.8,9.6,2.9,6.7,9.8,10.3,10.9,9.9,12.3,13.0,10.5,6.9,8.4,12.1,9.0,3.0,9.8,7.1,6.3,5.5,6.3,10.9,6.9,5.6,7.5,10.0,9.9,,6.16,7.14,10.42,12.68,2.9,9.7,9.6,22.1
12-08,22.1,12.6,7.3,7.9,7.3,8.8,11.1,9.4,12.4,15.8,6.9,14.5,10.1,9.6,3.1,6.7,9.9,10.3,11.5,9.9,12.3,13.0,13.1,6.9,10.2,12.1,9.0,3.0,10.9,7.1,6.6,5.5,6.3,10.9,6.9,5.6,7.5,10.5,9.9,,6.16,7.3,10.9,13.02,3.0,9.9,9.9,22.1
12-09,22.6,12.9,7.4,7.9,7.3,8.8,11.1,9.4,12.4,15.8,7.0,14.5,10.6,9.8,3.2,6.9,10.1,10.3,12.6,10.2,12.9,13.0,13.2,7.1,11.3,12.5,9.0,3.5,11.4,7.1,6.6,6.1,6.3,10.9,8.0,5.6,8.3,10.5,11.0,,6.26,7.6,11.22,13.04,3.2,10.2,10.1,22.6
12-10,22.6,12.9,7.4,7.9,7.3,8.8,11.1,9.6,12.4,15.8,7.0,14.5,10.8,9.9,3.2,7.1,10.1,10.3,12.6,10.5,12.9,13.0,13.2,7.1,11.3,12.5,9.0,3.8,11.4,7.1,6.7,6.5,6.3,10.9,8.0,5.6,10.4,10.7,11.0,,6.46,7.6,11.22,13.04,3.2,10.2,10.3,22.6
12-11,22.8,12.9,7.4,7.9,7.7,8.8,11.1,9.7,12.4,15.9,7.0,15.5,10.8,10.0,3.3,8.4,10.2,10.3,12.6,10.6,13.0,13.0,13.4,7.1,11.4,12.9,9.1,4.1,11.4,7.1,6.7,6.7,6.3,11.1,8.0,5.8,10.7,10.7,11.0,,6.62,7.94,11.28,13.08,3.3,10.2,10.3,22.8
12-12,22.8,12.9,7.5,7.9,7.7,8.8,11.6,9.7,12.4,15.9,7.2,16.1,11.1,10.0,3.4,8.8,10.2,10.3,12.6,10.6,13.1,13.2,13.4,7.2,11.6,12.9,9.1,4.2,11.4,7.1,6.7,7.3,6.3,11.1,8.2,6.4,11.0,10.7,11.0,,6.64,8.02,11.52,13.24,3.4,10.2,10.3,22.8
12-13,22.8,12.9,7.6,7.9,7.7,9.5,11.7,9.9,13.0,16.4,7.3,16.3,11.1,10.0,3.4,9.2,10.2,10.5,12.6,10.6,13.1,13.4,13.5,7.8,12.3,12.9,9.3,4.2,11.4,7.3,6.7,7.3,6.3,11.2,8.7,6.8,11.0,10.8,11.0,,6.78,8.22,11.58,13.42,3.4,10.4,10.5,22.8
12-14,23.0,12.9,7.7,7.9,7.9,10.2,11.8,9.9,13.1,16.8,8.7,16.3,11.2,10.0,3.7,9.4,10.4,10.6,13.2,10.6,13.3,13.5,13.6,8.6,14.1,12.9,9.6,4.2,11.4,7.4,6.8,7.3,6.3,11.3,9.4,7.0,11.1,11.0,11.2,,6.96,8.98,11.64,13.7,3.7,10.5,10.6,23.0
12-15,23.0,12.9,7.7,8.3,8.0,10.5,11.8,9.9,13.2,17.0,8.7,16.3,11.2,10.0,3.9,9.9,10.4,10.6,13.5,10.6,13.3,13.5,13.6,8.8,14.1,13.0,9.8,4.5,11.4,7.4,7.1,7.7,6.3,11.4,10.5,7.2,11.2,11.2,11.2,,7.18,9.2,11.64,13.7,3.9,10.6,10.6,23.0
12-16,23.0,12.9,7.7,8.6,8.1,10.6,11.8,10.0,13.3,17.0,8.7,16.5,11.3,10.0,4.0,10.3,10.4,10.6,13.8,10.6,13.3,13.5,13.8,10.6,14.2,13.6,9.8,4.7,11.4,7.4,7.1,8.2,6.3,11.4,10.5,7.2,11.8,11.3,11.2,,7.18,9.88,11.8,13.88,4.0,10.6,10.6,23.0
12-17,23.0,12.9,7.7,8.6,8.2,10.8,11.8,10.1,13.6,17.2,8.7,16.9,11.3,10.0,4.0,10.9,10.7,10.9,13.8,10.6,13.4,13.5,14.0,11.4,14.2,13.6,9.9,4.9,11.4,7.7,7.3,11.6,6.3,11.4,10.5,7.2,11.8,11.3,11.2,,7.28,10.04,11.8,14.04,4.0,11.1,11.2,23.0
12-18,23.1,12.9,7.9,8.6,8.5,10.9,11.8,10.5,13.6,17.2,8.7,16.9,11.3,10.0,4.2,10.9,10.7,12.0,13.8,10.6,13.5,14.0,14.1,11.9,14.2,13.9,9.9,5.3,11.5,7.8,7.3,11.6,6.3,11.5,10.5,7.7,11.8,11.4,11.2,,7.62,10.2,11.96,14.12,4.2,11.4,11.3,23.1
12-19,23.1,13.0,8.1,8.6,8.6,11.1,12.1,11.4,13.6,17.2,8.7,17.0,11.3,10.1,4.5,11.0,10.7,12.5,13.8,10.6,13.7,14.4,14.5,13.3,14.2,15.0,9.9,6.1,11.6,7.8,7.5,11.7,6.3,11.5,10.5,7.9,11.8,11.4,11.2,,7.74,10.26,12.8,14.6,4.5,11.4,11.4,23.1
12-20,23.1,13.0,8.2,9.0,8.7,11.7,12.4,11.6,13.8,17.2,8.7,17.2,11.3,10.1,4.6,11.2,10.7,12.5,13.8,10.6,14.3,14.7,14.5,13.3,14.3,17.3,9.9,6.9,11.6,7.8,7.8,12.0,6.3,11.5,10.5,7.9,11.8,11.4,11.2,,7.8,10.26,12.8,15.2,4.6,11.6,11.5,23.1
12-21,23.3,13.0,8.2,9.2,8.7,12.6,12.4,11.6,14.0,17.2,8.7,17.5,11.3,11.1,4.8,11.2,10.8,12.6,13.8,10.6,14.8,14.7,14.7,13.6,14.4,19.7,9.9,6.9,11.7,8.2,8.4,12.2,6.3,11.5,10.5,8.0,11.9,11.6,11.3,,8.16,10.54,12.84,15.28,4.8,11.6,11.6,23.3
12-22,23.3,13.0,8.5,10.0,8.8,12.9,12.4,11.6,14.0,17.3,8.7,18.0,11.3,11.2,4.9,11.3,10.8,12.6,14.1,10.6,14.8,14.9,15.1,14.0,14.4,20.1,9.9,7.0,11.7,8.8,9.3,12.3,6.5,11.7,10.5,8.0,11.9,11.8,11.3,,8.4,10.54,12.96,15.54,4.9,11.7,11.7,23.3
12-23,23.3,13.0,9.3,10.5,8.9,12.9,12.4,11.6,14.0,17.4,8.7,19.4,11.3,11.3,5.0,11.3,10.9,12.7,14.1,10.8,14.8,15.0,15.3,15.4,14.6,20.5,9.9,7.0,12.0,8.8,10.0,13.0,6.6,11.7,10.5,8.1,12.0,12.1,11.4,,8.58,10.62,13.0,15.8,5.0,11.8,11.7,23.3
12-24,23.3,13.0,10.0,10.9,8.9,13.0,12.5,11.6,14.1,17.5,8.7,19.4,11.3,11.3,5.0,11.3,11.0,12.7,14.2,10.8,15.1,15.1,15.3,16.1,14.6,20.5,9.9,7.2,12.0,9.1,10.4,13.5,6.9,11.9,10.5,8.3,14.2,12.2,11.7,,8.62,10.84,13.86,16.38,5.0,12.0,11.9,23.3
12-25,23.3,13.0,10.2,11.4,8.9,13.0,12.5,11.6,14.1,17.5,8.7,19.5,11.4,11.3,5.0,11.4,11.0,12.8,14.2,10.8,15.1,15.1,15.4,16.2,14.6,20.5,10.0,7.7,12.0,9.8,10.8,13.7,7.0,12.1,10.6,8.3,17.5,12.2,11.8,,8.62,10.88,13.94,17.5,5.0,12.0,12.0,23.3
12-26,23.3,13.0,10.2,12.9,8.9,13.0,12.5,11.6,14.1,17.5,8.7,19.7,11.4,11.4,5.0,11.6,11.0,12.8,14.3,10.8,15.2,15.4,15.4,18.0,14.6,20.5,10.0,7.7,12.3,9.9,11.7,13.8,7.4,12.3,10.9,8.3,18.1,12.3,11.8,,8.62,11.16,13.98,18.02,5.0,12.3,12.3,23.3
12-27,23.3,13.0,10.3,13.1,8.9,13.0,12.5,11.6,14.1,17.5,8.7,20.0,11.4,11.5,5.0,11.6,11.0,12.9,14.9,10.9,15.2,15.6,15.4,18.5,14.6,20.5,10.0,8.4,12.4,10.0,11.7,14.0,7.4,12.4,11.1,8.5,18.7,12.3,11.8,,8.66,11.22,14.06,18.54,5.0,12.4,12.4,23.3
12-28,23.3,13.0,10.4,13.3,8.9,13.0,12.5,11.6,14.4,17.5,8.7,20.8,11.5,11.5,5.0,11.6,11.0,13.0,15.3,11.0,15.7,15.7,15.4,18.7,14.7,20.5,10.1,8.7,12.5,10.0,11.7,14.0,7.4,12.4,11.5,8.5,20.4,12.9,11.8,,8.7,11.5,14.24,19.04,5.0,12.4,12.5,23.3
12-29,23.3,13.0,10.4,13.3,8.9,13.5,12.5,13.1,14.4,17.5,8.7,21.0,11.7,11.5,5.0,11.6,11.1,13.0,15.4,11.1,15.8,15.7,15.4,18.8,14.8,20.5,10.1,8.8,12.5,10.4,11.7,14.0,7.4,12.4,11.5,9.7,22.1,13.5,11.8,,8.88,11.5,14.24,19.14,5.0,12.5,12.5,23.3
12-30,23.5,13.0,10.6,13.4,9.0,14.4,12.5,13.6,14.4,17.6,8.7,21.0,11.9,11.5,5.0,11.6,11.2,13.0,15.6,12.6,16.4,15.8,15.5,18.9,15.0,21.7,10.2,8.8,12.5,10.6,11.8,14.1,7.4,12.6,11.5,9.7,22.6,13.5,11.8,,8.96,11.54,14.4,19.32,5.0,12.6,12.6,23.5
12-31,24.1,13.0,11.3,13.5,9.0,14.5,12.5,14.8,14.4,17.6,9.2,21.0,11.9,11.5,5.0,11.7,11.2,13.0,16.4,12.9,16.4,15.8,15.5,18.9,15.1,22.3,10.2,9.1,12.5,10.6,12.0,14.1,7.4,12.7,11.5,9.7,23.8,14.3,11.9,,9.18,11.58,14.68,19.32,5.0,12.8,12.9,24.1
01-01,24.1,13.0,11.4,13.5,9.0,14.5,12.6,14.9,14.4,17.6,9.8,21.0,11.9,11.9,5.0,11.7,11.2,13.6,16.6,13.4,16.8,15.8,15.5,19.0,15.1,22.3,10.2,9.1,12.6,10.8,12.0,14.1,7.4,13.0,11.7,9.7,24.8,15.6,11.9,,9.58,11.78,15.02,19.4,5.0,13.2,13.0,24.8
01-02,24.1,13.4,11.4,13.5,9.0,14.6,12.6,15.1,14.4,17.7,9.9,21.0,12.1,11.9,5.4,11.7,11.2,13.9,17.3,13.5,16.8,15.8,15.9,19.1,15.3,22.3,10.2,9.1,12.8,10.8,12.1,14.4,7.4,13.0,12.1,9.7,24.9,17.1,11.9,,9.58,11.9,15.22,19.48,5.4,13.2,13.4,24.9
01-03,24.1,13.7,11.4,13.5,9.3,14.6,12.6,15.6,14.5,17.8,10.2,21.0,12.3,11.9,5.8,11.7,11.2,14.0,19.2,13.6,18.2,15.9,16.8,19.2,15.3,22.5,10.2,9.1,12.8,11.0,12.4,15.4,7.4,13.2,12.1,9.7,24.9,17.2,11.9,,9.62,11.9,15.52,19.56,5.8,13.4,13.5,24.9
01-04,24.1,13.7,11.4,13.5,9.5,14.7,12.6,15.8,14.6,17.8,10.9,22.5,13.1,12.1,5.9,11.8,11.4,14.1,20.3,14.3,18.2,15.9,16.8,19.6,15.3,22.6,10.2,9.3,12.9,11.1,12.5,16.0,7.4,13.4,12.2,9.8,25.0,17.2,11.9,,9.74,11.98,15.86,20.74,5.9,13.8,13.5,25.0
01-05,24.1,13.9,11.8,14.0,9.5,15.7,13.0,15.8,14.6,18.2,11.2,22.5,13.2,12.3,6.2,11.8,11.4,14.1,20.8,14.9,18.2,15.9,16.9,19.6,15.3,22.6,10.2,9.4,13.4,11.4,12.6,17.1,7.4,13.4,12.3,10.0,25.0,17.3,12.0,,9.9,12.12,15.86,21.14,6.2,13.8,13.9,25.0
01-06,24.5,14.7,12.9,14.2,9.5,15.9,13.0,15.8,15.0,18.6,11.2,22.5,13.3,12.5,6.2,11.8,11.4,14.1,20.8,14.9,18.3,15.9,19.7,19.7,15.5,22.6,10.2,9.5,13.6,11.5,12.7,18.4,7.5,13.5,12.3,10.1,25.4,17.4,12.0,,9.98,12.38,15.9,21.14,6.2,13.8,14.1,25.4
01-07,24.8,14.7,13.2,15.3,9.5,15.9,13.3,16.6,15.2,18.8,11.4,22.5,13.3,12.5,6.3,11.8,11.5,14.1,20.9,15.0,18.9,15.9,21.6,19.9,15.7,22.6,10.2,9.5,13.7,11.5,12.7,18.4,8.1,14.3,12.3,10.1,26.0,18.1,12.3,,9.98,12.38,16.32,21.78,6.3,14.2,14.3,26.0
01-08,24.8,14.9,13.3,15.4,9.5,16.0,13.5,17.5,15.2,19.4,11.4,22.5,13.3,12.5,6.3,11.8,11.5,14.1,21.1,15.5,18.9,16.0,22.2,20.2,15.7,22.6,10.7,9.5,13.8,11.5,12.7,18.6,8.2,14.9,12.3,10.3,26.1,18.1,12.4,,10.14,12.44,16.9,22.26,6.3,14.5,14.9,26.1
01-09,24.8,14.9,13.5,15.5,9.8,16.2,13.6,18.1,15.3,19.7,11.4,22.6,13.4,12.5,6.4,11.8,11.6,14.1,21.1,17.8,18.9,16.5,22.9,20.3,15.7,22.7,10.7,9.5,14.0,11.5,12.7,19.7,8.4,15.0,12.4,10.3,26.2,18.1,12.4,,10.2,12.44,17.98,22.62,6.4,14.6,14.9,26.2
01-10,24.8,14.9,13.6,15.7,9.8,16.2,13.6,18.3,15.3,19.7,11.5,23.1,13.4,12.5,6.6,11.8,11.7,14.1,21.1,19.6,18.9,16.6,23.0,20.3,15.7,23.3,10.7,9.5,14.9,11.5,12.7,23.2,8.7,15.0,12.4,10.3,26.2,18.2,12.7,,10.2,12.58,18.26,23.12,6.6,15.0,14.9,26.2
01-11,24.8,15.0,13.9,15.9,9.8,16.3,13.6,18.4,15.3,19.8,11.6,23.6,13.8,12.5,6.9,11.8,11.7,14.3,21.1,21.5,19.0,16.7,23.0,20.4,15.7,23.3,10.7,9.7,15.2,11.6,12.7,23.9,9.5,15.1,12.4,10.3,26.2,19.3,13.2,,10.2,12.58,18.76,23.36,6.9,15.2,15.1,26.2
01-12,24.8,15.0,14.1,16.1,9.8,16.3,13.6,18.8,15.3,20.4,11.7,24.6,14.1,12.6,7.0,11.8,11.7,14.5,21.1,24.1,19.1,16.7,23.0,20.4,15.7,23.3,10.7,10.3,15.3,11.7,12.7,25.6,9.5,15.1,12.6,10.3,26.2,19.9,13.5,,10.3,12.64,18.98,24.2,7.0,15.2,15.1,26.2
01-13,24.8,15.0,14.1,16.1,9.8,16.4,13.6,19.1,15.3,20.6,11.7,25.8,14.4,12.6,7.0,11.9,11.8,14.5,21.1,24.1,19.1,17.2,23.0,20.6,15.7,23.3,10.7,10.3,15.6,11.9,12.7,26.5,9.7,15.1,12.9,10.3,26.3,19.9,14.1,,10.3,12.78,19.1,24.24,7.0,15.2,15.1,26.5
01-14,24.8,15.0,14.2,16.1,10.5,16.6,13.7,19.5,15.4,20.8,11.7,26.3,14.8,12.6,7.0,11.9,11.8,14.6,21.1,24.2,19.2,17.2,23.0,20.7,15.7,23.4,10.8,10.5,15.6,12.0,12.9,26.8,9.7,15.1,13.8,10.3,26.3,20.1,14.5,,10.5,13.22,19.38,24.32,7.0,15.2,15.1,26.8
01-15,24.8,15.0,14.4,16.3,10.7,16.8,13.8,19.7,15.4,20.8,11.7,26.4,14.8,12.6,7.0,12.0,11.8,14.6,21.2,24.2,19.4,17.2,23.0,20.7,15.7,23.4,10.9,10.5,15.6,12.0,13.0,27.0,9.7,15.1,13.8,10.4,26.3,20.4,15.3,,10.66,13.32,19.58,24.32,7.0,15.2,15.3,27.0
01-16,25.1,15.4,15.0,16.3,10.9,16.9,13.8,19.8,15.4,20.9,11.9,26.4,15.2,12.6,7.1,12.1,11.8,14.6,21.2,24.6,19.4,17.3,23.0,20.7,15.7,23.4,11.0,10.5,15.6,12.2,13.1,27.1,9.7,15.3,13.8,10.5,26.3,21.2,15.3,,10.82,13.38,19.64,24.7,7.1,15.4,15.4,27.1
01-17,25.1,15.4,15.2,16.3,10.9,16.9,13.8,20.5,15.6,20.9,12.3,26.4,15.3,13.0,7.2,12.1,12.0,14.6,21.2,24.8,19.4,17.4,23.0,20.7,15.8,23.5,12.1,10.5,15.6,12.2,13.5,27.1,9.7,16.3,14.0,10.5,26.3,21.9,15.4,,10.82,13.62,20.06,24.86,7.2,15.6,15.6,27.1
01-18,25.1,15.4,15.8,16.3,10.9,17.0,13.8,21.0,15.6,20.9,12.8,26.5,15.8,13.2,7.4,12.2,12.3,14.6,21.2,24.8,19.7,17.5,23.0,20.7,15.9,23.9,12.1,10.5,15.6,12.3,13.6,27.1,9.7,17.0,14.7,10.5,26.3,22.7,16.2,,10.82,13.68,20.3,24.86,7.4,15.7,15.8,27.1
01-19,25.1,15.5,15.9,16.3,11.1,17.1,13.8,21.0,15.6,20.9,12.9,26.6,16.2,14.1,8.3,12.3,12.5,14.6,21.2,24.9,19.9,17.5,23.0,20.7,15.9,23.9,12.4,10.5,15.6,12.3,13.9,27.2,9.7,17.7,14.7,10.5,26.3,22.8,16.3,,10.98,13.98,20.38,24.94,8.3,15.8,15.9,27.2
01-20,25.1,15.7,15.9,16.3,11.2,17.1,13.8,21.4,15.6,20.9,13.3,26.7,17.0,15.3,8.5,12.3,12.8,14.6,21.2,25.5,20.0,17.6,23.0,20.8,16.3,24.3,12.5,10.5,15.6,12.6,14.0,27.5,9.7,17.8,14.8,10.6,26.3,22.9,16.5,,11.08,14.24,20.48,25.18,8.5,16.0,16.3,27.5
01-21,25.3,15.7,16.0,16.3,11.2,17.2,13.8,21.4,15.6,20.9,13.4,26.9,17.0,16.0,8.5,12.3,12.8,14.6,21.2,25.5,20.0,17.6,23.1,21.0,16.5,24.3,12.6,10.5,15.6,12.6,14.1,27.9,10.2,17.8,14.9,10.7,26.3,23.0,16.9,,11.1,14.3,20.54,25.34,8.5,16.2,16.3,27.9
01-22,25.3,15.7,16.0,16.3,11.2,17.2,13.9,21.8,15.6,20.9,13.6,27.9,17.1,16.8,9.1,12.5,12.9,14.6,21.2,25.5,20.0,17.6,23.5,21.0,17.0,24.4,14.2,10.5,15.7,12.6,14.2,28.0,10.4,18.3,15.3,10.8,26.4,23.0,16.9,,11.12,14.36,20.54,25.34,9.1,16.9,16.8,28.0
01-23,25.3,15.8,16.1,16.3,11.2,17.2,13.9,22.2,15.6,20.9,14.2,28.0,17.3,16.8,9.5,12.5,13.7,14.6,21.2,25.5,20.0,17.6,23.5,21.2,17.6,24.8,14.7,10.6,15.7,12.6,14.4,28.6,10.5,18.3,15.4,11.1,26.4,23.0,16.9,,11.18,14.64,20.54,25.34,9.5,17.0,16.8,28.6
01-24,25.3,16.0,16.1,16.3,11.4,17.2,13.9,22.2,15.6,21.0,14.4,29.0,17.3,17.1,9.7,12.5,13.7,14.7,21.2,25.5,20.2,17.6,23.5,21.8,18.0,24.8,14.9,10.7,15.7,12.6,14.4,30.2,10.5,18.4,15.7,11.9,26.4,23.0,16.9,,11.8,14.78,20.68,25.34,9.7,17.2,16.9,30.2
01-25,25.3,16.1,16.1,17.1,11.5,17.2,13.9,22.3,15.7,21.3,14.8,29.0,17.4,17.5,10.1,12.6,13.9,14.7,21.2,25.5,20.2,17.7,23.9,22.8,18.2,24.8,15.0,10.8,15.7,12.7,14.6,30.3,10.5,18.7,15.7,12.2,26.4,23.0,16.9,,12.06,14.88,20.8,25.34,10.1,17.3,17.1,30.3
01-26,25.3,16.3,16.3,17.3,11.5,17.2,13.9,22.3,16.0,21.3,15.5,30.4,17.6,17.7,10.5,13.0,14.0,14.7,21.2,25.5,20.4,17.7,24.4,24.1,18.2,24.8,15.4,10.9,15.7,12.7,14.6,30.5,10.5,18.8,15.7,12.4,26.5,23.0,16.9,,12.22,15.44,20.88,25.34,10.5,17.4,17.2,30.5
01-27,25.3,16.3,16.3,17.3,11.5,17.2,13.9,22.3,16.0,21.3,15.5,31.3,17.6,17.8,11.5,13.2,14.1,14.8,21.2,25.6,20.7,17.7,24.4,24.8,18.4,24.8,15.8,11.4,15.7,12.7,14.6,30.5,10.9,18.8,15.7,12.5,26.5,23.1,16.9,,12.3,15.58,21.0,25.36,10.9,17.4,17.2,31.3
01-28,25.3,16.6,16.5,17.3,11.6,17.2,13.9,22.3,16.0,21.3,15.9,31.5,17.6,18.1,11.5,13.3,14.1,14.8,21.4,25.6,20.8,17.7,25.7,25.1,18.9,24.9,15.9,12.0,15.7,12.8,14.7,30.5,10.9,18.8,15.8,12.6,26.5,23.3,16.9,,12.48,15.74,21.1,25.62,10.9,17.4,17.2,31.5
01-29,25.3,17.8,16.5,17.3,11.6,17.2,13.9,22.3,16.0,21.3,16.6,31.7,17.6,18.1,11.5,13.4,14.1,14.8,21.5,25.6,21.1,17.7,27.3,25.3,19.1,24.9,16.0,12.9,15.7,12.8,14.9,30.6,10.9,18.8,15.8,12.7,26.5,23.6,16.9,,12.78,15.74,21.22,25.78,10.9,17.4,17.3,31.7
01-30,25.5,18.0,17.3,17.3,11.9,17.2,13.9,22.3,16.0,21.3,17.0,31.7,17.6,18.2,11.5,13.6,14.2,14.8,21.5,25.6,21.7,17.7,27.6,25.4,19.1,24.9,16.1,13.1,16.0,12.8,15.1,30.6,10.9,18.8,15.8,12.9,26.6,23.9,16.9,,12.88,15.88,21.42,25.8,10.9,17.4,17.3,31.7
01-31,25.5,18.0,18.0,17.3,12.0,17.2,13.9,22.4,16.0,21.4,17.9,31.8,17.6,19.3,11.5,13.6,14.5,14.8,21.5,25.7,21.9,17.7,28.0,25.4,19.1,25.0,16.1,13.5,17.7,12.9,15.9,30.6,11.0,18.9,15.8,13.0,26.6,25.0,16.9,,12.98,15.94,21.46,25.88,11.0,17.7,17.7,31.8
02-01,25.7,18.1,18.8,17.3,12.6,17.2,13.9,22.6,16.1,21.5,19.0,31.9,17.6,19.4,11.7,13.7,14.5,14.8,21.5,25.8,21.9,17.9,28.2,25.4,19.1,25.3,16.1,13.7,18.9,12.9,17.2,30.6,11.0,18.9,15.8,13.1,26.9,25.0,16.9,,13.06,16.1,21.5,26.02,11.0,18.4,18.1,31.9
02-02,25.7,18.1,19.1,18.1,13.0,17.2,13.9,22.7,16.1,21.5,19.0,32.6,17.6,19.5,11.7,13.7,14.8,14.9,21.5,25.8,22.3,18.0,28.5,25.4,19.3,25.3,16.1,13.7,19.0,13.1,18.0,30.7,11.0,18.9,15.9,13.2,26.9,25.0,17.1,,13.18,16.1,21.5,26.02,11.0,18.4,18.1,32.6
02-03,25.8,18.3,19.6,18.5,13.0,17.2,13.9,22.7,16.1,21.5,19.0,32.9,17.9,19.6,11.8,14.0,14.8,15.0,21.5,25.8,22.7,18.1,28.9,25.4,19.3,25.3,16.1,13.7,19.0,13.2,18.0,30.7,11.0,19.0,16.1,13.3,27.0,25.0,17.5,,13.28,16.1,21.5,26.04,11.0,18.6,18.5,32.9
02-04,26.1,18.3,19.8,21.0,13.0,17.2,13.9,22.7,16.2,21.5,19.0,33.0,18.1,19.6,11.8,14.2,14.8,15.2,21.5,25.9,22.8,18.2,30.2,25.4,19.4,25.6,16.1,13.7,19.3,13.4,18.1,30.9,11.0,20.1,16.1,14.3,27.1,25.2,17.7,,13.64,16.14,21.5,26.3,11.0,18.6,19.0,33.0
02-05,26.1,18.3,20.0,22.3,13.1,17.2,13.9,22.7,16.6,21.5,19.1,33.4,18.1,19.7,11.8,14.2,14.8,15.4,21.5,25.9,23.0,18.3,30.7,25.4,19.4,25.8,16.1,13.7,19.8,13.4,18.2,31.3,11.0,20.4,16.1,14.4,27.3,25.2,17.7,,13.64,16.3,21.98,26.34,11.0,18.7,19.1,33.4
02-06,26.1,18.5,20.0,23.3,13.1,17.2,13.9,22.7,16.6,21.5,19.6,33.6,18.2,20.5,11.8,14.3,14.8,15.4,21.5,26.0,23.0,18.4,30.7,25.4,19.5,26.5,16.2,13.7,19.9,13.7,18.2,31.4,11.3,21.0,16.1,14.7,27.3,25.4,18.0,,13.7,16.36,22.22,26.66,11.3,19.0,19.5,33.6
02-07,26.1,18.5,20.0,23.3,13.2,17.2,13.9,22.7,16.8,21.5,19.6,33.6,18.2,20.6,11.8,14.4,14.8,15.4,21.5,26.0,23.0,18.5,30.8,25.8,19.8,26.9,16.3,13.8,20.4,13.7,18.3,31.6,11.4,22.0,17.0,14.9,27.3,25.5,18.3,,13.78,16.88,22.42,26.98,11.4,19.0,19.6,33.6
02-08,26.3,18.6,20.0,23.3,13.3,17.2,13.9,23.1,18.3,21.5,19.6,33.6,18.5,21.0,11.8,14.5,14.8,15.4,21.5,26.3,23.1,18.5,31.5,25.8,20.0,27.5,16.3,13.8,21.5,13.7,18.3,32.8,11.5,22.1,17.6,14.9,27.3,25.5,19.0,,13.78,17.36,22.7,27.34,11.5,19.0,19.6,33.6
02-09,26.3,18.6,20.1,23.3,13.9,17.2,14.0,24.3,19.6,22.2,19.9,33.6,18.9,21.1,11.9,15.0,14.8,15.5,21.5,26.9,23.1,18.5,31.6,26.1,20.0,27.7,16.6,14.0,22.6,13.7,18.3,32.9,11.5,22.3,17.7,14.9,27.3,25.6,19.4,,13.98,17.4,22.9,27.38,11.5,19.8,19.9,33.6
02-10,26.3,18.6,20.1,23.5,14.0,17.2,14.1,24.9,19.6,22.4,20.2,33.6,19.1,21.2,12.1,15.1,14.8,15.6,21.5,26.9,23.1,18.5,31.6,26.9,20.1,28.0,16.6,14.1,23.8,13.8,18.3,32.9,11.6,22.3,18.0,15.3,27.3,25.8,19.4,,14.08,17.52,23.34,27.44,11.6,19.8,20.1,33.6
02-11,26.5,18.8,20.8,24.1,14.1,17.2,14.3,25.0,20.6,22.7,20.2,33.7,19.1,21.2,12.7,15.1,15.0,15.7,21.5,27.0,23.1,18.6,31.7,26.9,20.2,28.0,16.8,14.2,24.5,13.8,18.3,33.6,12.1,22.3,18.3,15.6,27.3,26.0,19.4,,14.18,17.64,23.7,27.44,12.1,20.2,20.2,33.7
02-12,26.6,19.0,21.0,24.3,14.1,17.2,14.7,25.2,21.4,23.6,20.2,33.7,19.1,21.2,13.2,15.3,15.0,15.7,21.5,27.2,23.1,19.0,31.7,27.0,20.2,28.0,16.9,14.2,24.5,13.8,18.3,35.1,12.1,22.3,18.5,15.7,27.3,26.1,19.4,,14.18,17.64,24.02,27.44,12.1,20.2,20.2,35.1
02-13,27.3,19.5,21.0,24.8,14.7,17.3,14.8,25.5,21.4,25.3,20.3,34.0,19.1,21.4,14.3,15.7,15.0,16.0,21.5,27.3,23.1,19.6,31.7,27.2,20.3,28.0,17.3,14.3,24.8,13.8,18.4,35.8,13.1,22.4,18.5,16.8,27.3,26.1,19.4,,14.62,17.74,24.8,27.44,13.1,20.3,20.3,35.8
02-14,28.6,20.1,21.1,25.0,14.7,17.6,15.6,25.5,21.4,27.7,20.4,34.0,19.3,21.5,14.9,16.1,15.1,17.0,21.5,27.3,23.1,19.6,31.9,27.6,20.4,28.0,17.9,14.4,25.0,13.8,18.4,35.8,13.6,22.5,18.5,17.7,27.3,26.1,19.6,,14.86,18.1,25.0,28.12,13.6,20.4,20.4,35.8
02-15,29.7,20.8,21.1,25.1,14.9,17.6,15.7,25.5,21.4,31.2,20.5,34.0,19.5,21.5,15.7,16.7,15.1,17.6,21.5,27.5,23.6,19.6,32.1,28.2,20.4,28.0,18.2,14.5,25.2,13.8,18.5,35.8,13.9,23.5,18.7,17.7,27.6,26.9,20.1,,15.06,18.32,25.16,30.0,13.8,20.4,20.8,35.8
02-16,31.4,20.8,21.1,25.3,15.0,17.6,15.7,25.9,21.4,31.2,20.5,34.0,19.7,21.9,15.9,16.7,15.2,17.6,21.5,28.2,23.9,19.7,32.1,28.2,20.6,28.0,18.2,14.5,25.2,13.8,18.6,35.8,15.2,24.4,18.7,17.8,27.6,27.5,20.7,,15.2,18.36,25.26,31.24,13.8,20.6,20.8,35.8
02-17,32.5,20.8,21.1,25.3,15.1,18.4,15.9,26.6,21.4,31.2,20.5,34.1,19.8,22.0,16.2,16.8,15.3,18.0,23.1,28.7,24.0,19.8,32.1,28.2,20.7,28.1,18.2,14.6,25.2,13.8,18.6,35.8,15.3,24.4,19.4,18.1,27.6,27.5,21.1,,15.3,18.48,25.26,31.38,13.8,20.6,21.1,35.8
02-18,33.7,21.0,21.3,25.3,16.5,19.0,16.1,27.8,21.9,31.2,20.5,34.5,19.8,22.0,16.5,16.9,15.4,18.5,23.3,28.8,24.2,20.0,32.1,28.8,20.8,29.0,18.2,14.8,25.2,13.8,18.7,35.8,15.4,24.4,19.5,18.1,27.7,27.7,21.3,,15.96,18.82,25.26,31.38,13.8,20.6,21.3,35.8
02-19,35.0,21.0,21.3,25.3,17.3,19.0,16.2,28.6,23.1,31.2,21.0,34.7,19.8,22.2,16.5,17.1,15.6,18.7,23.3,29.1,24.4,20.3,32.1,29.0,21.3,29.2,18.2,14.9,25.2,13.8,19.1,36.0,15.4,24.5,19.5,18.1,27.7,27.7,21.3,,16.08,19.04,25.26,31.38,13.8,21.2,21.3,36.0
02-20,38.1,21.0,21.3,25.7,17.5,19.0,16.4,31.1,23.6,31.4,21.1,34.9,19.8,22.6,16.6,17.2,15.7,18.7,23.6,29.8,24.7,20.7,32.1,29.0,22.3,30.2,18.2,15.0,26.0,13.9,19.1,36.2,16.1,24.5,19.5,18.4,28.0,27.8,21.3,,16.34,19.04,25.88,31.54,13.9,21.7,21.3,38.1
02-21,40.0,21.0,21.3,25.8,17.6,19.3,16.6,32.9,24.6,31.4,24.3,34.9,19.8,22.8,16.8,17.3,16.0,18.7,23.6,30.5,25.0,21.0,32.3,29.0,23.6,30.7,18.3,15.5,26.1,13.9,19.1,36.2,16.6,24.5,19.5,18.4,28.4,28.0,21.8,,16.6,19.18,25.98,32.42,13.9,23.2,22.8,40.0
02-22,40.0,21.0,21.3,25.8,17.6,19.4,16.7,33.2,24.8,31.4,27.7,34.9,19.8,22.9,16.9,18.1,16.3,18.9,23.8,30.9,25.0,21.4,32.4,29.0,24.2,30.8,18.5,15.7,26.2,13.9,19.1,36.7,16.7,24.7,19.6,18.4,29.0,28.2,21.9,,16.7,19.22,27.1,32.56,13.9,23.4,22.9,40.0
02-23,40.1,21.0,21.3,26.3,17.6,19.4,16.9,33.5,24.8,31.4,29.4,34.9,20.5,22.9,16.9,18.3,16.4,19.1,23.8,31.0,25.0,21.5,32.6,29.2,24.4,30.8,18.5,15.8,26.2,14.5,19.1,37.9,17.2,25.0,19.9,18.4,31.1,29.7,21.9,,16.9,19.22,28.04,32.78,14.5,23.4,22.9,40.1
02-24,40.2,21.1,21.3,26.3,17.8,19.4,17.0,34.4,24.8,31.4,29.4,34.9,21.0,23.4,17.0,18.3,16.6,19.3,23.8,31.0,25.0,21.6,33.0,31.0,24.5,30.9,18.5,16.2,26.2,15.3,19.1,38.7,17.6,25.0,20.2,18.4,32.4,30.2,21.9,,17.0,19.34,28.16,33.28,15.3,23.6,23.4,40.2
02-25,40.4,21.6,21.3,26.4,17.8,19.4,17.0,35.7,24.8,31.4,29.4,35.3,21.5,23.5,17.0,18.4,16.6,19.4,23.8,31.0,25.0,21.6,34.6,31.2,24.6,31.6,18.6,16.2,26.2,15.4,19.1,39.2,17.7,25.1,20.2,18.4,32.4,30.4,22.0,,17.0,19.4,28.2,34.74,15.4,23.6,23.5,40.4
02-26,40.5,22.1,21.5,26.4,17.8,19.5,17.0,36.4,24.8,31.4,29.5,35.3,21.7,23.5,17.0,18.5,16.6,20.3,24.5,31.2,25.0,21.8,35.0,31.2,24.7,32.9,18.6,16.4,26.3,15.5,19.2,39.6,17.8,25.2,20.2,18.5,32.8,30.8,22.2,,17.0,19.78,28.26,35.06,15.5,24.0,23.5,40.5
02-27,40.5,22.3,21.5,26.5,17.8,19.5,17.0,36.5,24.8,31.4,30.3,35.5,21.7,23.5,17.2,18.6,16.6,20.6,24.6,31.5,25.1,22.0,35.0,31.2,24.7,34.1,18.6,16.5,26.5,15.6,19.2,39.8,17.8,25.3,20.5,18.6,32.8,30.8,22.4,,17.16,19.9,28.78,35.1,15.6,24.0,23.5,40.5
02-28,40.5,22.5,21.6,27.1,17.8,19.5,17.0,36.7,24.8,31.5,30.6,36.1,21.7,23.5,18.8,18.9,16.6,20.7,25.0,31.6,25.1,22.2,35.1,31.2,24.7,36.4,18.8,16.5,27.0,15.7,19.2,41.3,17.8,25.4,20.8,18.6,32.8,31.3,23.1,,17.64,19.98,29.2,36.16,15.7,24.1,23.5,41.3
02-29,,,21.6,,,,17.0,,,,30.7,,,,18.8,,,,25.0,,,,35.1,,,,20.1,,,,19.2,,,,20.8,,,,23.4,,17.64,19.98,29.2,36.16,15.7,24.1,23.5,41.3
03-01,40.5,22.6,21.6,27.1,17.8,20.2,17.0,36.7,24.8,31.6,30.8,37.1,21.7,23.5,19.1,19.2,16.6,21.1,25.4,31.7,25.6,23.2,35.1,31.2,24.7,36.4,20.3,16.6,28.0,16.6,19.3,42.0,17.8,26.4,20.9,18.6,32.9,32.2,23.5,,17.64,20.54,29.68,36.46,16.6,24.1,23.5,42.0
03-02,40.5,22.6,22.0,27.2,17.8,21.2,17.0,36.7,24.8,32.6,30.9,37.1,21.8,23.6,19.4,19.2,16.6,21.1,25.4,31.9,26.4,23.8,35.3,31.2,24.7,36.5,21.5,16.8,30.3,17.7,19.4,42.0,17.9,27.6,21.2,18.9,33.5,32.8,23.5,,17.78,21.2,30.66,36.54,16.6,24.2,23.8,42.0
03-03,40.5,22.6,22.1,29.0,17.9,21.4,17.0,36.7,24.8,33.9,30.9,37.2,21.9,23.6,19.4,19.3,16.6,21.1,25.8,31.9,26.4,24.0,35.7,31.2,24.7,36.6,21.5,16.8,30.3,18.9,19.4,42.0,17.9,27.9,21.9,19.0,33.9,32.8,24.0,,17.9,21.44,30.66,36.62,16.6,24.4,24.0,42.0
03-04,40.5,22.6,22.1,29.3,18.3,21.8,17.2,36.7,25.0,35.1,31.0,37.4,22.1,23.7,19.4,19.3,16.8,21.3,25.8,31.9,26.4,24.1,35.7,31.2,24.7,37.2,21.5,17.2,30.3,19.1,19.4,42.0,18.0,27.9,22.0,19.1,34.3,32.8,25.5,,18.24,21.62,30.72,36.8,16.8,24.4,24.7,42.0
03-05,40.6,22.6,22.3,29.3,18.4,23.0,17.6,36.8,25.0,36.0,31.4,37.6,22.4,23.7,19.5,19.9,16.9,21.3,25.8,32.1,26.4,24.2,35.8,31.2,24.7,37.3,21.7,17.9,30.3,19.2,19.4,42.0,18.3,27.9,22.0,19.3,34.9,32.8,26.0,,18.38,21.82,30.84,36.9,16.9,24.4,24.7,42.0
03-06,40.7,22.8,22.3,29.3,18.6,24.0,17.9,36.8,25.0,37.5,33.2,37.7,22.7,23.7,19.7,19.9,17.0,21.5,25.8,32.2,26.4,24.5,35.8,31.6,24.9,37.4,21.9,18.0,30.3,19.6,19.4,42.0,18.3,28.2,22.1,19.5,35.9,32.8,26.3,,18.54,21.98,31.08,37.42,17.0,24.7,24.9,42.0
03-07,41.0,22.8,23.3,29.5,19.0,24.1,17.9,36.9,25.1,38.0,33.7,37.7,23.2,24.4,19.8,20.0,17.1,21.6,25.8,32.5,26.4,24.7,35.8,31.8,24.9,37.7,21.9,18.1,30.6,19.9,19.8,42.4,18.3,30.5,22.3,19.5,36.2,32.8,26.4,,18.86,22.06,31.32,37.7,17.1,24.8,24.9,42.4
03-08,41.1,22.8,23.6,29.5,19.1,24.2,18.1,37.0,25.1,38.0,33.7,37.7,23.2,24.7,20.2,20.2,17.9,21.8,25.8,32.7,26.4,24.7,35.8,32.2,25.0,38.0,21.9,18.1,30.9,20.4,20.2,42.4,18.3,32.2,22.3,19.5,36.6,32.8,26.4,,18.94,22.06,32.2,37.76,17.9,24.8,25.0,42.4
03-09,41.2,23.3,23.6,30.4,19.1,24.2,18.4,37.2,25.2,38.0,33.8,37.9,23.2,25.0,20.3,20.7,19.2,23.4,26.4,33.1,26.5,24.8,36.0,32.5,25.2,38.4,22.0,18.7,30.9,20.4,20.3,42.4,18.4,33.2,22.3,19.5,36.6,32.8,26.4,,19.18,22.66,32.68,37.92,18.4,25.1,25.2,42.4
03-10,41.9,23.6,23.6,30.4,19.2,24.4,18.5,37.2,25.2,38.1,33.8,37.9,23.2,25.1,20.9,21.0,19.7,23.6,26.4,33.1,26.5,25.1,36.0,32.7,25.2,38.4,22.0,19.0,31.4,20.4,20.3,42.7,18.4,33.3,22.3,19.9,36.6,32.8,26.4,,19.6,22.66,32.76,37.94,18.4,25.2,25.2,42.7
03-11,42.5,23.6,24.1,30.4,19.3,25.9,18.5,37.6,25.2,38.3,34.3,37.9,23.3,25.4,20.9,21.3,19.8,23.6,26.4,33.1,26.5,25.1,36.0,33.6,25.2,38.6,22.0,19.0,31.5,20.4,20.4,42.9,18.4,33.3,22.6,20.4,36.6,34.5,26.4,,19.7,22.88,33.22,37.98,18.4,25.3,25.4,42.9
03-12,42.8,23.8,24.1,30.4,20.0,27.0,18.5,37.8,25.2,38.7,34.9,37.9,23.3,25.4,21.2,21.7,19.8,23.7,26.4,33.1,26.5,25.2,36.0,33.6,25.2,38.8,22.0,19.0,31.9,20.4,20.5,43.2,18.4,33.8,23.3,20.5,36.6,35.8,26.8,,19.96,23.3,33.4,38.06,18.4,25.3,25.4,43.2
03-13,42.9,23.8,24.3,30.4,20.2,27.1,18.5,37.8,25.2,38.9,35.8,37.9,23.4,25.4,21.4,22.0,19.9,23.8,26.4,33.1,26.6,25.5,36.3,33.6,25.2,38.8,22.0,19.0,32.2,20.4,20.5,43.3,18.4,34.9,23.3,20.5,36.8,36.2,27.2,,20.14,23.34,33.4,38.08,18.4,25.4,25.5,43.3
03-14,43.1,24.0,24.5,30.4,20.5,27.2,18.5,37.8,25.2,39.1,36.0,37.9,23.6,25.4,21.5,22.1,19.9,23.8,26.4,33.1,27.2,25.5,36.7,33.6,25.3,38.8,22.0,19.0,32.2,20.4,20.6,43.5,18.4,34.9,23.6,20.9,37.0,36.3,27.3,,20.3,23.6,33.4,38.08,18.4,25.4,25.5,43.5
03-15,43.5,24.0,24.5,30.4,20.5,27.3,18.5,38.2,25.2,39.4,36.0,37.9,23.7,25.5,21.6,22.7,19.9,23.9,26.4,33.1,27.4,25.5,37.4,33.6,25.3,39.2,22.0,19.0,32.5,20.4,21.0,43.7,18.4,35.0,24.0,21.1,37.0,36.6,27.3,,20.3,23.78,33.4,38.4,18.4,25.5,25.5,43.7
03-16,43.5,24.3,24.8,30.4,20.7,27.4,18.5,38.4,25.2,39.4,36.2,38.1,23.8,25.6,21.7,22.8,19.9,23.9,26.4,33.1,27.7,25.5,37.4,33.6,25.5,39.6,22.0,19.0,32.5,20.5,21.2,43.7,18.6,35.1,24.0,21.4,37.6,37.8,27.4,,20.38,23.84,33.4,38.6,18.5,25.6,25.6,43.7
03-17,43.6,24.5,24.8,30.4,20.8,27.4,18.6,38.5,25.2,39.9,36.7,38.1,23.8,25.6,21.8,23.6,19.9,23.9,26.4,33.1,27.7,25.5,37.4,33.7,25.5,39.6,22.0,19.8,32.5,20.5,21.7,43.7,19.1,35.5,24.0,21.4,37.6,37.8,27.5,,20.38,23.84,33.46,38.72,18.6,25.6,25.6,43.7
03-18,43.7,24.6,24.8,30.4,21.0,27.5,18.8,39.2,25.2,40.0,37.4,38.1,23.8,25.6,21.9,23.8,20.2,24.0,26.4,33.1,27.7,25.5,37.5,33.7,25.5,39.6,22.1,20.2,32.5,20.6,21.7,43.7,19.3,35.6,24.1,21.4,37.7,37.8,27.5,,20.52,23.88,33.46,39.28,18.8,25.6,25.6,43.7
03-19,43.7,24.8,24.8,30.4,21.1,27.7,19.1,39.5,25.2,40.0,37.4,38.1,23.8,25.6,21.9,24.1,20.3,24.3,26.4,33.1,28.3,25.5,37.5,33.8,25.6,39.6,22.2,20.3,32.5,20.6,21.7,43.7,19.4,35.7,24.3,21.4,37.7,37.8,27.5,,20.54,24.18,33.52,39.52,19.1,25.6,25.6,43.7
03-20,43.8,25.3,25.0,31.0,21.2,28.2,19.3,39.5,25.7,40.3,37.4,38.1,23.8,25.6,22.2,24.3,20.4,24.3,26.4,33.2,28.5,25.5,37.5,33.8,26.6,39.6,22.4,20.3,32.5,20.6,21.7,43.7,19.5,35.7,24.8,21.6,37.9,37.8,27.5,,20.56,24.3,33.56,39.52,19.3,26.0,26.4,43.8
03-21,43.8,26.1,25.0,31.7,21.2,28.4,19.3,39.5,26.4,40.4,37.5,38.2,23.9,25.6,22.4,24.4,20.4,24.5,26.4,33.7,28.8,25.6,37.9,33.8,26.6,39.6,22.4,20.5,32.5,20.6,21.7,43.7,19.5,35.7,25.3,21.8,37.9,39.3,27.5,,20.58,24.44,33.76,39.52,19.3,26.4,26.4,43.8
03-22,43.8,26.5,25.0,31.8,21.3,28.8,19.8,39.5,26.4,40.4,37.5,38.2,24.0,25.6,22.8,24.9,20.5,24.6,26.4,34.0,28.8,25.7,37.9,33.9,26.6,40.0,22.5,21.3,32.5,20.6,21.9,43.7,19.5,35.9,25.5,22.2,37.9,40.1,27.6,,21.16,24.72,33.96,40.02,19.5,26.4,26.5,43.8
03-23,43.8,26.6,25.1,31.8,21.3,29.2,20.2,39.5,26.6,40.6,38.4,38.3,25.9,25.6,22.8,24.9,22.1,24.7,26.4,34.2,28.8,25.8,37.9,33.9,26.6,40.6,22.5,21.4,32.8,20.6,21.9,43.7,19.9,35.9,25.8,22.2,37.9,41.7,27.6,,21.38,24.98,34.08,40.6,19.9,26.5,26.6,43.8
03-24,43.8,26.6,25.3,32.0,21.5,29.3,20.6,39.7,27.0,40.7,38.9,38.3,25.9,25.6,24.1,25.0,22.1,24.7,26.6,34.7,29.2,25.9,37.9,34.1,26.7,40.7,22.5,21.4,32.8,20.7,22.0,43.9,21.7,36.0,26.1,22.5,37.9,42.0,28.4,,21.66,25.12,34.46,40.7,20.6,26.6,26.7,43.9
03-25,43.8,26.6,25.3,32.0,21.5,29.3,20.7,39.7,27.1,40.7,38.9,38.3,25.9,25.6,24.1,25.3,22.1,24.9,26.7,35.0,29.3,26.2,37.9,34.5,26.8,40.8,22.5,21.4,32.8,20.8,22.2,44.0,21.8,36.0,26.4,22.7,37.9,42.8,28.8,,21.74,25.3,34.8,40.72,20.7,26.8,26.8,44.0
03-26,43.8,26.6,25.3,32.0,21.5,29.3,20.8,39.7,27.6,40.7,38.9,38.3,26.0,25.6,24.2,25.4,22.1,25.1,26.9,35.1,30.1,26.4,38.4,34.8,26.9,40.8,22.5,21.4,33.4,20.8,22.5,44.1,21.8,36.0,26.4,23.0,37.9,43.1,28.8,,21.74,25.34,34.98,40.72,20.8,26.9,26.9,44.1
03-27,43.8,26.9,25.3,32.2,21.5,29.7,21.0,39.9,27.6,40.7,39.3,38.5,26.3,25.6,24.2,25.5,22.4,25.4,26.9,35.5,30.1,26.6,38.4,35.3,27.4,41.0,22.5,21.5,34.1,21.1,22.6,44.1,21.8,36.2,26.4,23.5,37.9,43.3,29.0,,21.74,25.44,35.42,40.76,21.0,27.2,27.4,44.1
03-28,43.8,27.0,25.3,32.2,21.7,29.9,21.8,39.9,27.6,40.7,39.5,38.5,26.7,26.1,24.3,25.5,22.4,25.6,27.1,35.6,30.1,26.6,38.4,35.4,27.5,41.6,22.5,21.5,34.1,21.1,23.0,44.2,21.8,36.5,26.5,23.5,37.9,43.3,29.0,,21.8,25.54,35.52,40.88,21.1,27.3,27.5,44.2
03-29,43.8,27.3,25.5,32.3,21.8,29.9,22.1,39.9,27.8,40.7,39.6,38.8,27.3,26.1,24.3,25.9,22.4,25.6,27.3,35.6,30.3,26.6,38.4,35.7,27.6,42.6,22.5,21.5,34.1,21.1,23.1,44.7,21.9,37.8,26.8,24.0,37.9,43.5,29.4,,22.06,25.72,35.66,41.08,21.1,27.4,27.6,44.7
03-30,43.8,27.3,25.6,32.7,22.0,29.9,22.3,39.9,27.8,40.7,39.7,38.9,27.6,26.3,24.4,26.2,22.4,25.7,27.5,35.8,31.3,26.7,38.4,35.8,27.6,42.6,22.5,21.6,34.1,21.1,23.1,45.0,22.0,39.2,27.1,24.0,37.9,43.8,30.1,,22.24,25.9,35.8,41.08,21.1,27.6,27.6,45.0
03-31,44.2,27.4,26.1,32.7,22.1,29.9,22.3,39.9,27.9,40.7,39.7,38.9,27.6,26.3,24.7,26.4,22.4,25.8,27.6,35.9,31.5,26.9,39.6,36.0,27.7,42.8,22.5,21.6,34.1,21.1,23.2,45.0,22.1,39.2,27.2,24.0,37.9,44.0,30.2,,22.26,26.18,35.96,41.12,21.1,27.6,27.7,45.0
04-01,44.3,27.6,26.2,32.8,22.1,30.0,22.7,40.3,27.9,41.0,39.7,39.7,27.9,26.3,25.0,26.7,22.4,25.9,27.6,36.1,31.9,27.0,40.6,36.3,27.7,42.8,22.5,21.6,34.1,21.1,23.2,45.0,22.1,39.2,27.2,24.2,38.2,44.0,30.5,,22.34,26.24,36.22,41.36,21.1,27.8,27.9,45.0
04-02,45.4,27.6,26.2,33.4,22.1,30.8,22.7,41.1,28.3,41.1,39.9,40.1,28.2,27.0,25.2,26.7,22.4,25.9,27.6,36.2,32.4,27.1,41.0,36.9,28.4,43.6,22.5,21.6,34.1,21.1,23.2,45.0,22.1,39.2,27.3,24.2,38.2,44.2,30.7,,22.34,26.4,36.62,41.6,21.1,28.2,28.3,45.4
04-03,46.3,27.6,26.3,33.8,22.2,31.6,22.7,41.1,28.7,41.1,40.3,40.2,28.5,27.1,25.3,26.8,22.4,25.9,27.6,36.3,32.5,27.1,41.4,37.3,28.9,43.6,22.5,22.0,34.1,21.1,23.3,45.2,22.1,39.2,28.2,24.2,38.4,44.4,30.8,,22.36,26.5,36.9,41.84,21.1,28.6,28.7,46.3
04-04,46.3,27.7,26.3,34.0,22.2,31.6,22.7,42.3,28.7,41.1,40.3,40.8,28.9,27.8,25.4,26.8,22.4,25.9,27.6,37.0,33.5,27.1,41.9,39.0,29.2,44.0,22.5,22.1,34.1,21.1,23.4,45.2,22.1,39.5,28.5,24.2,38.5,44.5,30.8,,22.36,26.5,37.9,42.64,21.1,28.8,28.9,46.3
04-05,46.3,27.8,26.5,34.0,22.2,31.6,22.7,43.0,29.4,41.2,40.4,41.0,28.9,27.9,25.6,26.8,22.4,26.1,27.7,37.0,33.5,27.2,42.2,39.0,30.2,44.3,22.5,22.2,34.1,21.2,23.5,45.2,22.1,39.6,28.5,24.2,38.5,45.3,30.9,,22.36,26.62,37.9,43.26,21.2,29.2,29.4,46.3
04-06,46.4,28.2,26.5,34.3,22.4,31.6,22.9,43.0,29.4,43.0,40.4,41.1,28.9,28.2,25.6,26.8,22.4,26.5,28.2,37.5,33.6,27.5,42.4,39.0,30.2,44.4,22.5,22.2,34.1,21.2,23.5,45.6,22.2,40.3,28.5,24.2,38.5,45.3,31.2,,22.4,26.62,38.1,43.28,21.2,29.2,29.4,46.4
04-07,46.4,28.2,26.5,34.4,22.4,31.6,22.9,43.3,29.5,43.0,40.4,41.1,28.9,28.3,25.6,27.3,22.4,27.1,28.3,37.6,34.0,27.5,43.0,40.0,30.4,44.4,22.5,22.4,34.1,21.2,23.5,45.8,22.6,40.3,28.5,24.2,38.5,45.4,31.2,,22.48,27.18,38.14,43.52,21.2,29.2,29.5,46.4
04-08,46.4,28.2,26.5,34.4,22.6,31.9,23.0,43.4,30.3,43.0,40.4,41.2,29.2,28.5,25.6,27.7,22.4,27.2,28.6,37.7,34.1,27.6,43.7,40.0,30.9,44.6,22.5,22.5,34.1,21.2,23.6,46.0,24.1,40.3,28.5,24.2,38.5,45.4,31.3,,22.58,27.36,38.18,43.88,21.2,29.8,30.3,46.4
04-09,46.6,28.2,26.5,34.4,23.2,32.1,23.0,43.6,30.3,43.2,40.4,41.3,29.2,28.8,25.6,27.9,22.4,27.6,28.9,37.7,35.0,27.7,43.9,40.0,31.8,44.6,22.5,22.6,34.1,21.2,23.7,46.0,24.7,40.3,28.5,24.2,38.5,45.4,31.3,,22.92,27.64,38.18,44.04,21.2,29.8,30.3,46.6
04-10,46.8,28.2,26.5,34.4,23.9,32.1,23.0,43.6,30.4,43.4,40.4,41.5,29.3,28.8,25.6,28.6,22.4,27.7,29.7,37.7,35.0,27.9,44.5,40.0,31.9,44.6,22.5,23.4,34.1,21.2,24.0,46.0,24.9,40.3,28.5,24.2,38.5,45.4,31.4,,23.32,27.78,38.18,44.52,21.2,30.0,30.4,46.8
04-11,46.8,28.3,26.5,34.4,23.9,32.4,23.0,43.6,30.5,43.4,40.8,41.6,29.6,29.2,25.6,28.6,22.5,27.7,29.9,37.7,35.0,28.1,45.1,40.0,31.9,44.8,22.5,23.6,34.1,21.2,24.0,46.0,24.9,40.5,28.5,24.2,38.5,45.4,31.4,,23.48,27.86,38.18,44.86,21.2,30.2,30.5,46.8
04-12,47.1,28.8,26.5,34.4,23.9,32.8,23.0,43.6,30.9,43.6,41.3,41.6,29.7,29.3,25.8,29.2,22.8,27.7,30.2,37.7,35.1,28.2,45.4,40.3,31.9,45.2,22.5,23.9,34.1,21.3,24.0,46.0,24.9,40.5,28.5,24.2,38.7,45.4,31.4,,23.72,27.9,38.3,45.24,21.3,30.6,30.9,47.1
04-13,47.3,29.1,26.5,34.4,24.1,32.9,23.0,43.7,31.0,43.7,41.7,41.6,29.7,29.3,25.8,29.4,22.9,27.7,30.4,37.8,35.1,28.5,45.6,40.4,31.9,45.2,22.5,24.0,34.1,21.3,24.1,46.0,24.9,40.5,28.6,24.2,38.8,45.4,31.4,,23.8,28.02,38.4,45.24,21.3,30.7,31.0,47.3
04-14,47.6,29.1,26.5,34.4,24.2,32.9,23.1,43.7,31.0,43.8,42.1,41.6,30.5,29.3,25.9,30.0,23.0,27.7,30.4,37.9,35.1,28.5,45.6,41.0,32.0,45.3,22.5,24.5,34.1,21.4,24.2,46.0,25.2,40.5,28.7,24.4,38.8,45.4,31.4,,23.98,28.02,38.44,45.32,21.4,30.8,31.0,47.6
04-15,47.6,29.3,26.6,34.4,24.2,33.0,23.4,43.7,31.1,43.8,42.2,41.8,31.0,29.3,25.9,30.0,23.0,27.7,30.5,37.9,35.2,28.6,45.6,41.0,32.1,45.8,22.9,24.9,34.1,21.5,24.3,46.0,25.2,40.5,28.7,24.6,38.9,45.9,31.4,,24.04,28.06,38.5,45.64,21.5,31.0,31.1,47.6
04-16,47.7,29.3,26.6,34.5,24.2,33.1,23.7,43.8,31.1,44.4,42.4,43.2,31.1,29.3,26.5,30.1,23.0,27.8,30.5,37.9,35.8,28.7,45.6,41.1,32.1,45.9,23.7,25.8,34.1,21.5,24.7,46.0,25.3,40.5,29.5,24.6,39.1,45.9,31.7,,24.1,28.16,38.62,45.66,21.5,31.1,31.1,47.7
04-17,48.0,29.3,27.2,34.5,24.2,33.1,23.8,44.2,31.2,44.8,42.5,43.2,31.3,29.3,26.6,30.1,23.2,28.0,30.5,37.9,35.9,28.9,45.6,41.4,32.1,46.0,23.8,26.0,34.1,21.5,24.8,46.0,25.3,40.5,30.6,24.7,39.1,45.9,31.8,,24.12,28.36,38.62,45.66,21.5,31.2,31.3,48.0
04-18,48.3,29.3,27.5,34.6,24.5,33.1,24.5,44.3,31.2,44.9,42.9,43.2,31.3,29.6,26.7,30.1,23.2,28.0,30.5,37.9,35.9,29.0,45.6,41.9,32.3,46.3,24.0,26.1,34.1,22.1,24.9,46.0,25.3,40.5,31.0,24.7,39.1,45.9,32.0,,24.5,28.4,38.62,45.66,22.1,31.2,31.3,48.3
04-19,48.3,29.3,27.6,34.6,24.8,33.1,25.0,44.8,31.2,45.2,44.0,43.2,31.3,29.6,26.7,30.2,23.2,28.4,30.5,37.9,35.9,29.0,47.3,42.1,32.3,46.7,24.2,26.2,34.1,22.8,25.1,46.0,25.3,40.5,31.0,24.8,39.1,45.9,32.0,,24.8,28.64,38.62,45.92,22.8,31.2,31.3,48.3
04-20,48.4,29.4,27.6,34.6,25.1,33.1,25.2,44.9,31.2,45.6,44.5,43.2,31.4,29.6,26.7,30.2,23.3,28.5,30.6,37.9,35.9,29.0,48.4,42.2,32.3,47.1,24.4,26.4,34.1,22.9,25.3,46.0,25.4,40.5,31.2,25.1,39.1,45.9,32.0,,25.1,28.7,38.62,45.92,22.9,31.3,31.4,48.4
04-21,48.4,29.5,27.7,34.6,25.2,33.2,25.3,45.1,31.2,45.7,44.6,43.3,31.8,29.7,27.0,30.2,23.3,28.7,30.6,37.9,36.0,29.2,48.4,42.3,32.4,48.1,24.5,26.8,34.1,23.1,25.5,46.1,26.3,40.5,31.2,25.1,39.1,45.9,32.1,,25.18,28.9,38.62,45.94,23.1,31.5,31.8,48.4
04-22,48.4,29.5,28.8,34.6,25.2,33.4,25.3,45.2,31.2,45.7,45.0,43.6,32.5,29.9,27.0,30.4,23.7,28.8,31.1,37.9,36.1,29.2,48.4,42.3,32.7,48.8,24.5,27.0,34.1,23.1,25.6,46.3,26.5,40.5,31.2,25.2,39.1,46.3,32.1,,25.2,28.96,38.62,46.3,23.1,31.8,32.1,48.8
04-23,48.7,29.5,29.3,34.6,25.3,33.6,25.8,45.4,31.3,45.7,45.0,44.0,32.5,30.9,27.3,31.0,23.8,29.4,31.7,38.0,36.1,29.3,48.4,42.3,33.3,49.0,24.5,27.2,34.1,23.1,25.7,46.3,26.6,40.6,31.2,25.5,39.6,46.3,32.2,,25.46,29.34,38.96,46.3,23.1,32.1,32.2,49.0
04-24,48.7,29.5,29.5,34.6,25.5,33.8,25.9,45.5,31.4,45.7,45.2,44.4,32.6,31.9,27.8,31.3,23.9,29.8,32.0,38.1,36.1,29.4,48.4,42.3,33.7,49.4,24.5,27.4,34.1,23.1,25.9,46.3,26.7,40.6,31.2,25.6,39.7,46.3,32.2,,25.58,29.5,39.06,46.3,23.1,32.3,32.2,49.4
04-25,49.2,29.5,29.6,34.6,26.1,33.8,25.9,46.1,31.6,45.8,45.3,44.8,33.1,32.5,27.8,31.4,23.9,30.6,32.3,38.4,36.1,29.6,48.5,42.3,34.2,50.0,24.6,27.5,34.1,23.2,26.1,46.8,27.1,40.6,31.2,25.8,39.7,46.7,32.2,,25.88,29.6,39.18,46.72,23.2,32.8,32.5,50.0
04-26,50.1,29.5,30.1,34.6,26.3,34.3,25.9,46.2,32.4,45.9,45.3,44.8,33.4,33.0,27.9,31.4,23.9,30.6,32.6,38.9,36.1,29.7,48.7,42.3,34.3,50.7,24.6,27.5,34.1,23.3,26.4,47.2,27.1,40.6,31.2,25.8,39.7,47.0,32.2,,25.88,29.86,39.38,47.04,23.3,33.2,33.0,50.7
04-27,50.3,29.5,30.1,34.6,26.6,34.9,26.0,46.4,32.6,46.0,45.5,44.8,33.4,33.3,27.9,31.4,24.3,30.6,32.6,39.0,36.1,29.7,48.7,42.8,34.4,51.8,24.6,27.6,34.1,23.5,26.8,47.4,27.1,40.9,31.2,25.8,39.7,47.0,32.5,,25.96,29.86,39.42,47.08,23.5,33.4,33.3,51.8
04-28,50.7,29.6,30.2,34.9,27.1,35.2,26.0,46.5,33.4,47.7,45.5,45.0,33.5,33.4,27.9,31.5,25.0,30.6,32.6,39.4,36.1,29.9,48.7,43.2,34.5,52.4,24.7,27.6,34.8,24.0,27.0,47.9,27.1,41.2,31.2,25.9,39.7,47.0,33.1,,25.98,30.02,39.58,47.74,24.0,33.4,33.4,52.4
04-29,50.7,29.6,30.2,35.0,27.6,35.4,26.0,46.5,33.7,47.8,45.5,45.4,33.5,33.6,27.9,31.5,25.2,30.6,32.7,40.0,36.1,30.0,48.7,43.2,34.6,52.4,24.8,27.6,34.9,24.0,27.4,48.3,27.1,41.9,31.2,25.9,39.7,47.0,33.2,,25.98,30.08,39.88,47.9,24.0,33.6,33.6,52.4
04-30,50.7,29.6,30.2,35.3,27.9,35.9,26.1,46.5,34.1,48.1,45.8,46.2,33.5,33.9,27.9,31.5,25.2,30.6,32.8,40.5,36.2,30.0,48.7,43.2,35.3,52.4,24.8,27.6,35.5,24.0,27.8,48.3,27.1,43.7,31.2,25.9,39.7,47.0,33.2,,26.06,30.08,40.18,48.14,24.0,34.0,33.9,52.4
05-01,50.7,29.7,30.2,35.6,28.3,36.0,26.1,46.6,34.2,48.4,45.9,46.4,33.5,35.5,27.9,31.6,25.2,30.6,33.1,40.7,36.2,30.0,48.7,43.2,35.6,52.4,24.8,27.6,35.8,24.1,27.9,48.3,27.1,44.9,31.2,25.9,39.9,47.0,33.2,,26.06,30.08,40.38,48.32,24.1,34.8,34.2,52.4
05-02,50.7,29.7,30.4,35.6,28.6,36.0,26.1,46.6,34.5,48.7,45.9,47.3,33.5,35.9,27.9,31.6,25.2,30.6,33.3,41.0,36.5,30.0,49.2,43.2,35.9,52.5,24.9,27.8,36.3,24.1,28.0,48.3,27.2,46.1,31.2,26.0,39.9,47.0,33.5,,26.08,30.16,40.56,48.38,24.1,35.2,34.5,52.5
05-03,50.7,30.3,30.5,35.7,28.6,36.0,26.1,46.6,34.6,49.3,45.9,47.5,33.5,36.9,27.9,31.6,25.2,30.7,33.3,41.1,36.5,30.0,49.2,43.6,36.3,52.5,24.9,27.9,36.6,24.1,28.0,48.4,27.2,46.1,31.2,26.2,39.9,47.1,33.5,,26.18,30.38,40.62,48.56,24.1,35.3,34.6,52.5
05-04,50.7,30.3,30.5,35.9,28.6,36.1,26.1,46.6,34.6,49.4,45.9,47.6,33.5,37.3,27.9,32.4,25.2,30.7,33.3,41.1,36.5,30.0,49.7,43.9,36.3,52.5,24.9,28.0,36.6,24.2,28.1,48.7,27.6,46.1,31.2,26.8,40.1,47.1,33.6,,26.66,30.38,40.7,48.84,24.2,35.4,34.6,52.5
05-05,50.7,30.3,30.6,36.1,28.6,36.2,26.1,46.9,34.7,49.7,45.9,47.6,33.5,37.6,27.9,33.1,25.2,32.0,33.3,41.1,36.5,30.2,49.7,44.1,36.3,52.5,24.9,28.1,36.6,24.3,28.1,48.8,27.8,46.1,31.2,26.8,40.1,47.2,33.6,,26.66,30.42,40.7,48.98,24.3,35.4,34.7,52.5
05-06,50.7,30.3,30.6,36.1,28.6,36.2,26.1,47.1,34.7,49.9,45.9,47.6,33.6,37.7,27.9,33.5,25.2,32.5,33.3,41.2,36.5,30.5,49.7,44.1,36.3,52.5,24.9,28.1,36.6,24.6,28.2,48.8,27.8,46.1,31.2,26.8,40.3,47.2,34.0,,26.66,30.54,40.84,48.98,24.6,35.4,34.7,52.5
05-07,50.8,30.3,30.7,36.1,28.7,36.2,26.1,47.5,34.7,50.3,45.9,47.6,33.9,37.8,27.9,33.6,25.2,32.6,33.3,41.4,36.5,30.9,49.7,44.3,36.3,52.5,24.9,28.2,36.6,25.9,28.3,48.8,27.9,46.1,31.2,26.8,40.3,47.3,34.7,,26.66,30.78,40.96,48.98,24.9,35.4,34.7,52.5
05-08,51.1,30.3,30.9,36.1,28.7,36.2,26.1,48.1,34.7,50.3,45.9,47.6,34.0,38.7,28.0,33.6,25.2,32.9,33.3,42.7,36.5,31.0,49.8,44.3,36.3,52.5,25.1,28.6,36.6,26.3,28.3,48.8,27.9,46.1,31.2,26.8,40.4,47.6,35.0,,26.7,30.94,41.78,49.0,25.1,35.4,35.0,52.5
05-09,51.9,30.3,30.9,36.1,28.7,36.2,26.1,48.1,34.7,51.0,45.9,47.6,34.1,38.9,29.2,33.7,25.2,33.4,33.3,43.2,36.6,31.2,50.1,44.3,36.3,52.5,25.2,29.5,36.6,26.4,28.8,48.8,27.9,46.3,31.2,26.8,40.4,47.7,35.0,,26.72,31.02,42.08,49.06,25.2,35.4,35.0,52.5
05-10,52.3,30.3,30.9,36.2,28.7,36.2,27.0,48.2,35.2,51.5,45.9,47.6,34.1,39.0,29.4,33.7,25.2,33.8,33.3,43.3,36.6,31.2,50.9,44.3,36.3,52.5,25.3,29.7,36.7,27.0,29.3,48.8,27.9,47.0,31.2,27.1,40.4,47.7,35.4,,27.08,31.02,42.14,49.22,25.2,35.7,35.4,52.5
05-11,52.4,30.3,30.9,36.4,28.7,36.2,27.0,48.2,35.2,51.7,45.9,47.6,34.1,39.4,29.4,33.7,25.2,33.9,33.4,43.3,36.6,31.2,51.2,44.3,36.4,52.6,25.4,29.7,37.0,27.4,30.0,48.9,27.9,47.0,31.2,27.5,40.4,47.7,35.5,,27.48,31.02,42.14,49.36,25.2,35.7,35.5,52.6
05-12,52.4,30.4,30.9,36.4,29.0,36.2,27.0,48.2,35.3,52.1,45.9,47.6,34.1,39.5,29.4,33.7,25.3,34.4,33.6,43.4,36.7,31.2,51.2,44.3,36.4,53.7,25.4,29.7,38.3,27.6,30.0,49.0,27.9,47.0,31.9,27.6,40.4,48.4,36.1,,27.6,31.02,42.2,49.44,25.3,35.8,36.1,53.7
05-13,52.4,30.4,30.9,36.4,29.1,36.2,27.1,48.2,35.3,52.8,45.9,47.6,34.1,39.6,29.4,33.7,25.3,34.4,33.8,43.5,36.7,31.2,51.4,44.3,36.8,53.9,25.4,29.7,39.1,27.7,30.1,49.0,27.9,47.0,31.9,27.7,40.4,48.4,36.2,,27.7,31.02,42.26,49.48,25.3,35.8,36.2,53.9
05-14,52.4,30.4,30.9,36.4,29.1,36.2,27.1,48.2,35.4,52.9,45.9,47.6,34.1,39.7,29.5,33.7,25.4,34.4,34.1,43.7,36.7,31.3,52.3,44.3,37.1,54.1,25.4,29.7,39.3,27.7,30.2,49.0,27.9,47.1,31.9,27.8,40.4,48.4,36.3,,27.78,31.06,42.38,49.66,25.4,35.8,36.2,54.1
05-15,52.8,30.4,30.9,36.7,29.2,36.3,27.1,48.2,35.4,54.2,45.9,47.6,34.1,39.7,29.5,33.7,25.4,34.4,34.1,43.8,36.7,31.3,52.3,44.3,37.4,54.1,25.5,29.7,39.4,27.7,30.3,49.0,27.9,47.1,31.9,27.8,40.4,48.4,36.4,,27.78,31.06,42.44,49.66,25.4,35.8,36.3,54.2
05-16,53.6,30.5,30.9,36.8,29.8,36.8,27.1,48.4,35.4,54.6,45.9,47.6,34.2,39.7,29.6,33.7,25.5,34.6,34.1,43.8,36.7,31.3,52.4,44.3,37.8,54.1,25.5,29.7,39.4,27.7,30.7,49.0,27.9,47.1,31.9,27.9,40.4,48.4,36.4,,27.86,31.06,42.44,49.68,25.5,36.0,36.4,54.6
05-17,53.8,30.6,30.9,37.2,29.9,36.9,27.1,48.6,35.4,54.6,45.9,47.6,34.3,39.7,29.6,33.7,25.5,34.8,34.1,43.9,36.7,31.3,52.6,44.3,37.8,54.1,25.5,29.8,39.4,28.1,31.3,49.0,27.9,47.2,32.0,27.9,40.4,48.4,36.4,,27.9,31.3,42.5,49.72,25.5,36.0,36.4,54.6
05-18,53.8,30.6,31.3,37.2,29.9,36.9,27.1,48.8,35.4,55.1,45.9,47.7,34.3,39.7,29.6,33.7,25.5,34.8,34.1,43.9,36.7,31.3,52.6,44.3,37.9,54.2,25.5,29.8,39.6,28.8,31.5,49.0,27.9,47.3,32.0,28.2,40.5,48.4,36.5,,28.14,31.38,42.54,49.72,25.5,36.0,36.5,55.1
05-19,53.8,30.7,31.4,37.2,29.9,36.9,27.1,48.8,35.4,55.2,45.9,47.7,34.3,39.7,29.8,33.8,25.5,35.3,34.1,44.0,36.7,31.3,52.6,44.3,37.9,54.2,25.5,29.8,39.6,29.0,31.5,49.6,27.9,47.5,32.0,28.3,40.5,48.4,36.5,,28.22,31.44,42.6,50.2,25.5,36.0,36.5,55.2
05-20,53.9,30.9,31.7,37.2,29.9,36.9,27.2,48.9,35.4,55.3,45.9,47.7,34.3,39.7,29.8,33.8,25.5,36.0,34.1,44.1,36.7,31.3,52.6,44.3,38.3,54.7,25.5,30.1,39.6,29.5,31.5,49.7,27.9,47.6,32.0,28.4,40.5,48.4,36.5,,28.3,31.58,42.66,50.28,25.5,36.4,36.5,55.3
05-21,53.9,31.2,31.7,37.2,29.9,36.9,27.5,48.9,35.4,55.5,45.9,47.7,34.4,39.7,29.9,33.8,25.5,36.0,34.1,44.1,36.7,31.3,52.6,44.5,38.3,54.9,25.5,30.2,39.6,29.6,31.6,49.9,27.9,49.1,32.0,28.6,40.6,48.4,36.8,,28.46,31.64,42.7,50.44,25.5,36.4,36.7,55.5
05-22,53.9,31.5,31.7,37.2,29.9,37.3,27.6,48.9,35.4,55.6,45.9,47.8,34.4,39.7,29.9,33.8,25.6,36.0,34.1,44.1,36.7,31.3,52.6,44.6,38.3,55.2,25.6,30.3,39.6,29.7,31.6,50.2,27.9,49.4,32.0,28.6,40.6,48.4,37.3,,28.46,31.64,42.7,50.68,25.6,36.4,36.7,55.6
05-23,53.9,31.5,31.7,37.2,29.9,37.4,27.7,49.0,35.4,55.6,45.9,48.3,34.4,39.7,30.0,33.9,25.6,36.0,34.1,44.1,37.4,31.3,52.8,44.9,38.3,55.4,25.7,30.3,39.6,30.3,31.6,50.4,27.9,49.4,32.0,28.6,40.7,48.9,37.5,,28.46,31.64,42.74,50.88,25.6,36.7,37.2,55.6
05-24,53.9,31.5,31.7,37.2,29.9,37.5,27.7,49.0,35.4,55.6,45.9,48.3,34.4,39.7,30.0,33.9,25.6,36.0,34.1,44.1,37.4,31.3,52.9,45.1,38.3,55.4,25.7,30.3,39.6,30.6,31.6,50.4,27.9,49.7,32.0,28.6,40.7,48.9,37.9,,28.46,31.64,42.74,50.9,25.6,36.7,37.2,55.6
05-25,53.9,31.6,31.7,37.2,29.9,37.5,27.8,49.2,35.4,55.9,45.9,48.6,34.4,39.7,30.1,33.9,25.6,36.0,34.2,44.1,37.4,31.6,53.1,45.6,38.3,55.5,25.7,30.3,39.6,30.9,31.6,50.4,27.9,50.0,32.1,28.6,40.7,48.9,38.1,,28.46,31.64,42.74,50.94,25.6,36.7,37.2,55.9
05-26,53.9,31.7,31.7,37.2,29.9,37.7,27.8,49.2,35.5,56.1,46.0,49.3,34.4,39.7,30.1,34.0,25.7,36.0,34.2,44.1,37.5,31.7,53.1,46.1,38.5,55.8,25.7,30.3,39.8,31.4,31.6,50.5,28.1,50.0,32.1,28.6,40.7,48.9,38.3,,28.5,31.7,42.74,51.02,25.7,36.8,37.2,56.1
05-27,53.9,31.8,31.7,37.2,29.9,37.7,28.6,49.8,35.5,56.4,46.4,49.6,34.4,39.7,30.2,34.0,25.7,36.0,34.2,44.1,37.6,31.7,53.1,46.1,38.5,55.8,25.7,30.3,40.1,31.5,31.6,50.7,28.1,50.0,32.2,28.6,40.7,48.9,38.3,,28.6,31.74,42.74,51.18,25.7,36.8,37.2,56.4
05-28,53.9,31.9,31.8,37.2,29.9,37.7,29.1,50.5,35.6,56.7,46.4,49.6,34.5,39.7,30.5,34.0,25.8,36.0,34.3,44.1,37.6,31.8,53.1,46.1,38.5,55.8,25.7,30.3,40.1,31.6,31.8,50.8,28.3,50.4,32.2,28.6,40.7,48.9,38.3,,29.0,31.84,42.74,51.26,25.7,36.8,37.2,56.7
05-29,53.9,31.9,31.8,37.2,30.1,37.7,29.3,50.6,36.0,57.0,47.0,49.8,34.5,39.7,30.5,34.0,25.9,36.0,34.3,44.1,37.6,31.8,53.1,46.1,38.5,55.8,25.8,30.3,40.1,31.6,32.0,50.9,28.3,50.4,32.2,28.6,40.8,48.9,38.4,,29.16,31.94,42.78,51.34,25.8,36.8,37.2,57.0
05-30,53.9,32.1,31.9,37.2,30.2,37.7,29.5,50.7,36.1,57.6,47.1,50.4,34.5,39.8,30.6,34.0,25.9,36.0,34.5,44.1,37.6,31.8,53.1,46.1,38.5,55.8,25.9,30.4,40.1,31.7,32.0,50.9,28.3,50.4,32.5,28.6,41.4,48.9,38.4,,29.32,32.04,43.02,51.34,25.9,36.8,37.2,57.6
05-31,53.9,32.1,31.9,37.2,30.2,37.7,29.7,50.7,36.2,58.5,47.1,50.4,34.5,40.0,30.7,34.1,26.1,36.0,34.6,44.2,37.6,32.0,53.1,46.1,38.5,55.9,25.9,30.4,40.1,31.8,32.0,50.9,28.3,50.4,32.6,28.6,41.7,48.9,38.4,,29.48,32.04,43.2,51.34,25.9,36.9,37.2,58.5
06-01,53.9,32.1,31.9,37.2,30.3,37.7,29.7,50.7,36.3,58.7,47.1,50.4,34.6,40.0,30.7,34.2,26.1,36.0,34.7,44.4,37.7,32.1,53.1,46.2,38.5,56.1,25.9,30.4,40.1,31.8,32.1,50.9,28.5,50.4,32.7,28.6,41.7,49.1,38.4,,29.48,32.1,43.32,51.34,25.9,37.0,37.2,58.7
06-02,54.0,32.1,32.0,37.2,30.7,38.2,29.7,50.7,36.3,58.7,47.1,50.4,34.6,40.0,30.7,34.3,26.1,36.2,34.9,44.5,37.9,32.1,53.1,46.4,38.5,56.1,25.9,30.5,40.1,31.9,32.1,50.9,28.5,50.4,33.0,28.6,41.7,49.2,38.4,,29.48,32.1,43.38,51.34,25.9,37.1,37.2,58.7
06-03,54.0,32.1,32.0,37.2,30.7,38.7,29.7,50.8,36.3,58.9,47.1,50.4,34.6,40.2,30.7,34.4,26.1,36.2,34.9,44.5,37.9,32.1,53.1,46.7,38.5,56.1,25.9,30.6,40.1,31.9,32.1,50.9,28.5,50.4,33.0,28.6,41.7,49.6,38.4,,29.48,32.1,43.38,51.34,25.9,37.1,37.2,58.9
06-04,54.0,32.1,32.0,37.2,30.7,39.2,29.7,51.1,36.3,59.0,47.2,50.5,34.6,40.3,30.7,34.5,26.1,36.4,35.0,44.5,37.9,32.1,53.1,46.7,38.6,56.1,25.9,30.7,40.1,31.9,32.1,50.9,28.5,50.4,33.0,28.6,41.7,49.6,38.6,,29.48,32.1,43.38,51.5,25.9,37.2,37.2,59.0
06-05,54.2,32.1,32.0,37.2,30.7,39.2,29.8,51.1,36.3,59.3,47.2,50.5,35.2,40.3,30.7,34.5,26.1,36.4,35.1,44.8,38.0,32.1,53.1,46.8,38.6,56.1,25.9,30.8,40.1,31.9,32.1,50.9,28.6,50.5,33.0,28.6,41.7,49.6,38.6,,29.56,32.1,43.56,51.5,25.9,37.2,37.2,59.3
06-06,54.2,32.1,32.1,37.2,30.7,39.7,30.2,51.1,36.3,59.3,47.2,50.5,36.2,40.3,30.7,34.6,26.1,36.6,35.3,45.0,38.1,32.1,53.7,46.8,38.7,56.1,25.9,30.8,40.1,31.9,32.1,50.9,28.6,50.5,33.0,28.6,41.7,49.6,38.6,,29.88,32.1,43.68,51.62,25.9,37.4,37.2,59.3
06-07,54.2,32.1,32.1,37.3,30.7,39.9,30.3,51.6,36.3,59.3,47.2,50.5,36.3,40.4,30.7,34.7,26.1,36.6,35.4,45.0,38.1,32.1,53.7,46.8,38.9,56.1,25.9,30.9,40.1,31.9,32.1,50.9,28.7,50.5,33.0,28.6,41.8,49.6,38.6,,29.98,32.1,43.72,52.02,25.9,37.4,37.3,59.3
06-08,54.2,32.1,32.1,37.3,30.7,39.9,30.4,52.0,36.3,59.4,47.2,50.6,36.3,40.5,30.7,34.8,26.1,36.8,35.4,45.0,38.1,32.1,53.7,46.8,38.9,56.1,25.9,30.9,40.1,32.1,32.1,50.9,28.7,50.5,33.0,28.6,41.8,49.6,38.6,,30.06,32.1,43.72,52.34,25.9,37.4,37.3,59.4
06-09,54.3,32.6,32.1,37.4,30.7,39.9,30.4,52.0,36.3,59.4,47.3,51.1,36.4,40.5,30.7,34.8,26.2,37.1,35.4,45.0,38.2,32.1,53.7,46.8,38.9,56.1,25.9,31.1,40.1,32.2,32.1,50.9,28.7,50.5,33.4,28.6,41.8,49.6,38.6,,30.06,32.36,43.72,52.34,25.9,37.6,37.4,59.4
06-10,54.8,32.6,32.1,37.4,30.7,40.0,30.6,52.0,36.3,59.4,47.3,51.2,36.4,40.5,30.8,34.9,26.2,37.1,35.4,45.0,38.5,32.3,53.7,46.8,39.0,56.1,25.9,31.2,40.1,32.4,32.1,50.9,28.7,50.5,33.7,28.6,41.8,49.6,38.6,,30.22,32.48,43.72,52.34,25.9,37.8,37.4,59.4
06-11,54.8,32.6,32.1,37.7,30.9,40.0,30.6,52.0,36.3,59.4,47.3,51.5,36.4,40.5,31.1,34.9,26.2,37.1,35.4,45.0,38.5,32.4,53.7,47.0,39.0,56.1,25.9,31.2,40.2,32.5,32.1,50.9,28.7,50.5,33.7,28.6,41.8,49.6,38.7,,30.22,32.54,43.72,52.34,25.9,37.8,37.7,59.4
06-12,54.8,32.6,32.5,37.7,31.0,40.0,30.8,52.0,36.3,59.4,47.3,51.5,36.4,40.7,31.1,34.9,26.2,37.3,35.4,45.2,38.5,32.5,53.7,47.7,39.0,56.1,25.9,31.2,40.3,32.7,32.1,50.9,28.7,50.5,33.7,28.6,41.8,49.6,38.7,,30.38,32.64,43.84,52.34,25.9,37.9,37.7,59.4
06-13,54.9,32.6,32.5,37.8,31.4,40.0,30.8,52.0,36.4,59.4,47.4,51.6,36.4,40.8,31.1,34.9,26.2,37.6,35.4,45.8,38.5,32.5,53.7,48.1,39.0,56.1,25.9,31.2,40.3,32.8,32.1,50.9,28.7,50.5,33.9,28.6,41.8,49.7,38.7,,30.38,32.68,44.2,52.34,25.9,38.0,37.8,59.4
06-14,54.9,32.6,32.7,38.1,31.4,40.0,30.8,52.0,36.4,59.4,47.4,51.8,36.5,40.9,31.1,34.9,26.2,37.6,35.4,46.1,38.5,32.7,53.7,48.1,39.4,56.1,25.9,31.2,40.3,32.9,32.1,50.9,28.7,50.5,33.9,28.6,41.8,49.7,38.7,,30.38,32.78,44.38,52.34,25.9,38.0,38.1,59.4
06-15,54.9,32.6,32.7,38.1,31.4,40.6,30.8,52.0,36.4,59.5,47.5,51.8,36.7,40.9,31.1,35.0,26.2,37.6,35.5,46.1,38.5,32.7,53.7,48.1,39.8,56.1,25.9,31.2,40.3,33.0,32.1,50.9,28.7,50.5,33.9,28.6,41.8,49.9,38.7,,30.38,32.82,44.38,52.34,25.9,38.0,38.1,59.5
06-16,54.9,32.6,32.7,38.1,31.4,40.6,30.8,52.0,36.4,59.6,47.8,51.8,37.1,41.0,31.1,35.2,26.2,37.6,35.5,46.1,38.5,32.7,53.7,48.1,40.2,56.1,25.9,31.2,40.6,33.1,32.1,50.9,28.7,50.5,33.9,28.6,41.8,50.2,38.7,,30.38,32.86,44.38,52.34,25.9,38.0,38.1,59.6
06-17,54.9,32.7,32.7,38.1,31.4,40.6,30.8,52.1,36.4,59.6,47.9,51.9,37.1,41.1,31.1,35.4,26.2,37.6,35.5,46.1,38.5,32.7,53.7,48.1,40.4,56.1,25.9,31.2,40.7,33.6,32.1,50.9,28.7,50.5,33.9,28.6,41.8,50.4,38.7,,30.38,33.06,44.38,52.42,25.9,38.0,38.1,59.6
06-18,55.0,32.7,32.8,38.1,31.4,40.6,30.8,52.2,36.4,60.4,47.9,51.9,37.2,41.2,31.1,35.5,26.2,37.6,35.5,46.1,38.5,32.7,53.7,48.2,40.4,56.3,25.9,31.2,40.7,33.7,32.1,50.9,28.7,50.5,33.9,28.6,42.0,50.8,38.7,,30.38,33.16,44.46,52.5,25.9,38.0,38.1,60.4
06-19,55.0,32.7,32.8,38.1,31.4,40.6,30.8,52.5,36.4,60.4,47.9,51.9,37.5,41.3,31.2,35.5,26.2,37.6,35.5,46.1,38.5,32.7,53.7,48.2,40.5,56.4,25.9,31.2,40.7,33.8,32.1,50.9,28.7,50.6,33.9,28.6,42.9,50.8,38.7,,30.38,33.2,44.82,52.74,25.9,38.0,38.1,60.4
06-20,55.0,32.7,32.8,38.1,31.4,40.6,30.8,52.5,36.4,60.4,47.9,51.9,37.5,41.4,31.8,35.5,26.2,37.6,35.5,46.1,38.5,32.7,53.7,48.2,40.5,56.4,25.9,31.2,40.7,33.9,32.1,50.9,28.7,50.9,33.9,28.6,43.1,50.8,38.8,,30.38,33.24,44.9,52.74,25.9,38.0,38.1,60.4
06-21,55.0,32.8,32.8,38.1,31.4,40.6,30.8,52.5,36.9,60.4,48.3,51.9,37.5,41.5,32.1,35.5,26.2,37.6,35.5,46.1,38.5,32.7,53.7,48.2,40.5,56.5,25.9,31.2,40.8,33.9,32.1,50.9,28.7,50.9,33.9,28.6,43.1,50.8,39.3,,30.38,33.24,44.9,52.74,25.9,38.0,38.1,60.4
06-22,55.0,32.8,32.8,38.1,31.4,40.6,30.8,52.5,36.9,60.4,48.8,51.9,37.5,41.9,32.2,35.5,26.2,37.6,35.6,46.1,38.5,32.7,53.7,48.3,40.5,56.6,25.9,31.2,40.8,33.9,32.1,50.9,28.7,50.9,33.9,28.6,43.1,50.8,39.9,,30.38,33.24,44.9,52.74,25.9,38.0,38.1,60.4
06-23,55.0,32.8,32.8,38.1,31.4,40.6,30.8,52.5,37.4,60.4,49.1,52.0,37.5,41.9,32.2,35.5,26.2,37.6,35.6,46.1,38.5,32.7,53.7,48.3,40.5,56.6,25.9,31.2,40.8,33.9,32.1,50.9,28.7,51.8,33.9,28.6,43.1,50.8,39.9,,30.38,33.24,44.9,52.74,25.9,38.0,38.1,60.4
06-24,55.0,32.8,32.8,38.1,31.4,40.6,30.8,52.5,37.4,60.4,49.1,52.0,37.5,42.0,32.2,35.5,26.2,37.6,35.6,46.2,38.5,32.7,53.7,48.3,40.5,56.6,25.9,31.2,40.8,33.9,32.2,50.9,28.7,51.8,33.9,28.8,43.2,50.8,39.9,,30.4,33.24,45.0,52.74,25.9,38.0,38.1,60.4
06-25,55.0,32.8,32.9,38.1,31.4,40.6,31.1,52.5,37.4,60.4,49.1,52.0,37.5,42.1,32.2,35.5,26.2,37.6,35.6,46.4,38.5,32.7,53.7,48.3,40.5,56.6,25.9,31.2,40.8,33.9,32.2,50.9,28.7,51.8,33.9,29.8,43.2,50.8,39.9,,30.84,33.3,45.12,52.74,25.9,38.0,38.1,60.4
06-26,55.4,32.8,32.9,38.1,31.4,40.6,31.2,52.5,37.4,60.4,49.2,52.0,37.6,42.1,32.2,35.5,26.2,37.6,35.6,46.4,38.5,32.7,53.7,48.4,40.5,56.6,25.9,31.2,40.8,33.9,32.2,50.9,28.7,51.8,33.9,29.9,43.2,50.8,39.9,,30.94,33.3,45.12,52.74,25.9,38.0,38.1,60.4
06-27,55.4,32.8,33.0,38.1,31.4,40.6,31.3,52.5,37.4,60.5,49.2,52.0,37.6,42.2,32.2,35.5,26.2,37.6,35.7,46.4,38.5,32.7,53.7,48.4,40.5,56.6,25.9,31.2,40.8,33.9,32.2,50.9,28.7,51.8,33.9,30.0,43.8,50.8,40.0,,30.96,33.36,45.36,52.74,25.9,38.0,38.1,60.5
06-28,55.4,32.8,33.2,38.1,31.4,40.6,31.5,52.5,37.5,60.5,49.3,52.0,37.6,42.2,32.2,35.5,26.2,37.6,35.7,46.7,38.5,32.7,53.7,48.4,40.5,56.6,25.9,31.2,40.8,33.9,32.2,50.9,28.7,51.8,33.9,30.0,43.8,50.8,40.5,,30.96,33.48,45.54,52.74,25.9,38.0,38.1,60.5
06-29,55.4,32.8,33.5,38.1,31.4,40.6,31.5,52.6,37.5,60.6,49.3,52.0,37.6,42.2,32.4,35.6,26.2,37.6,35.8,46.7,38.5,32.7,53.7,48.5,40.5,56.6,25.9,31.2,40.8,33.9,32.2,50.9,28.7,51.8,33.9,30.2,44.1,50.8,41.2,,31.0,33.66,45.66,52.82,25.9,38.0,38.1,60.6
06-30,55.4,33.4,33.5,38.1,31.4,40.9,31.5,52.6,37.5,60.6,49.3,52.0,37.6,42.2,32.5,35.6,26.2,37.6,36.0,47.0,38.5,32.7,53.7,48.5,40.5,56.8,25.9,31.2,40.8,33.9,32.2,50.9,28.7,51.8,33.9,30.4,44.2,50.8,41.4,,31.04,33.66,45.88,52.82,25.9,38.0,38.1,60.6
07-01,55.4,33.6,33.5,38.1,31.4,40.9,31.5,52.6,37.5,61.2,49.3,52.0,37.6,42.2,32.5,35.6,26.2,37.6,36.1,47.0,38.5,32.7,53.7,48.5,40.5,56.8,25.9,31.2,40.8,33.9,32.2,50.9,28.7,51.9,33.9,30.4,44.4,50.8,41.6,,31.04,33.72,45.96,52.82,25.9,38.0,38.1,61.2
07-02,55.4,33.6,33.5,38.1,31.8,40.9,31.6,52.6,37.5,61.6,49.3,52.0,37.6,42.2,32.5,35.6,26.2,37.6,36.1,47.0,38.5,32.7,53.7,48.5,40.5,56.9,25.9,31.2,40.8,33.9,32.5,50.9,28.7,52.0,33.9,30.4,44.4,50.8,42.4,,31.04,33.72,45.96,52.82,25.9,38.0,38.1,61.6
07-03,55.4,33.6,33.6,38.1,31.8,40.9,31.6,52.6,37.5,62.0,49.3,52.0,37.6,42.2,32.5,35.6,26.2,37.6,36.2,47.0,38.9,32.7,53.7,48.6,40.5,56.9,25.9,31.2,40.8,33.9,32.6,50.9,28.7,52.2,33.9,30.4,44.4,50.8,42.7,,31.04,33.72,45.96,52.82,25.9,38.2,38.1,62.0
07-04,55.4,33.6,33.8,38.1,32.0,40.9,31.6,53.4,37.5,62.4,49.4,52.0,37.6,42.2,32.5,35.6,26.4,37.6,36.2,47.0,39.1,32.7,53.7,49.0,40.5,56.9,25.9,31.2,40.8,33.9,32.7,50.9,28.7,52.2,33.9,30.4,44.6,50.8,42.7,,31.04,33.84,46.04,53.46,25.9,38.4,38.1,62.4
07-05,55.7,33.6,33.9,38.1,32.4,40.9,31.6,53.5,37.5,62.5,49.4,52.1,37.6,42.2,32.5,35.6,26.7,37.6,36.2,47.0,39.3,32.7,53.7,49.2,40.5,56.9,25.9,31.2,40.8,34.3,32.7,50.9,28.7,52.3,33.9,30.4,44.6,50.8,42.7,,31.04,33.9,46.04,53.54,25.9,38.4,38.1,62.5
07-06,56.0,33.6,33.9,38.1,32.9,40.9,31.6,53.7,37.5,62.6,49.4,52.1,37.6,42.3,32.5,35.6,26.7,37.6,36.3,47.0,39.3,32.7,53.7,49.2,40.5,56.9,25.9,31.2,40.8,34.6,32.7,50.9,28.7,52.3,33.9,30.8,45.5,50.8,42.7,,31.12,33.9,46.4,53.7,25.9,38.4,38.1,62.6
07-07,56.0,33.6,33.9,38.1,32.9,40.9,31.6,53.8,37.5,62.6,49.4,52.1,37.6,42.3,32.6,35.6,26.8,37.6,36.3,47.0,39.3,32.7,53.7,49.2,40.5,57.0,26.1,31.2,40.8,35.0,32.7,50.9,28.7,52.3,33.9,30.8,45.5,50.8,42.7,,31.12,33.9,46.4,53.72,26.1,38.4,38.1,62.6
07-08,56.0,33.6,33.9,38.1,33.1,41.1,32.1,53.9,37.5,62.6,49.4,52.1,37.6,42.3,32.6,35.6,26.8,37.6,36.3,47.0,39.5,32.7,53.7,49.2,40.5,57.2,26.4,31.2,40.8,35.4,32.7,50.9,28.7,52.3,33.9,30.8,45.5,50.8,42.7,,31.12,33.9,46.4,53.74,26.4,38.6,38.1,62.6
07-09,56.1,33.6,33.9,38.1,33.6,41.5,33.4,53.9,37.5,62.7,49.4,52.2,38.1,42.3,32.6,35.6,26.8,37.6,36.3,47.0,40.2,32.7,53.7,49.2,40.5,57.7,26.6,31.2,40.8,36.0,32.7,50.9,29.0,52.3,33.9,30.8,45.5,50.8,42.7,,31.12,33.9,46.4,53.74,26.6,39.2,38.1,62.7
07-10,56.2,33.6,33.9,38.1,33.8,41.6,33.4,54.0,37.5,62.7,49.6,52.3,38.3,42.4,32.9,35.6,26.8,37.6,36.3,47.0,40.6,32.7,53.7,49.3,40.5,58.2,26.8,31.2,40.8,36.6,32.7,50.9,29.0,52.3,33.9,30.8,45.6,50.8,42.7,,31.12,33.9,46.44,53.76,26.8,39.4,38.3,62.7
07-11,56.2,33.6,34.0,38.1,33.8,41.6,33.4,54.0,37.5,62.7,49.6,52.3,38.3,42.4,33.1,35.8,26.8,37.6,36.4,47.0,40.9,32.7,53.7,49.3,40.5,58.6,26.8,31.2,40.9,36.7,32.7,50.9,29.0,52.3,33.9,30.8,45.7,50.8,42.7,,31.12,33.94,46.48,53.76,26.8,39.4,38.3,62.7
07-12,56.3,33.6,34.0,38.2,33.8,41.6,33.6,54.0,37.5,62.7,49.6,52.3,38.5,42.4,33.1,36.0,26.8,37.6,36.4,47.0,40.9,32.7,53.7,49.3,40.7,58.8,26.8,31.2,40.9,36.8,32.7,50.9,29.0,52.3,33.9,30.8,45.7,50.8,42.7,,31.12,33.94,46.48,53.76,26.8,39.6,38.5,62.7
07-13,56.3,33.6,34.0,38.3,33.8,41.7,33.8,54.1,37.5,62.7,49.6,52.3,38.5,42.7,33.1,36.1,26.8,37.6,36.4,47.0,41.0,32.7,53.7,49.4,40.9,59.1,26.8,31.2,40.9,36.9,32.7,50.9,29.0,52.3,33.9,30.8,45.7,50.8,42.7,,31.12,33.94,46.48,53.78,26.8,39.7,38.5,62.7
07-14,56.3,33.7,34.0,38.3,33.8,41.7,33.8,54.1,37.5,63.1,49.6,52.3,38.6,42.7,33.3,36.2,26.8,37.6,36.4,47.0,41.0,32.8,53.7,49.4,41.0,59.3,26.8,31.2,40.9,37.0,32.7,51.2,29.0,52.3,33.9,31.2,45.9,50.8,42.7,,31.2,33.94,46.56,53.78,26.8,39.8,38.6,63.1
07-15,56.3,33.7,34.0,38.3,33.8,41.8,33.8,54.1,37.5,63.2,49.6,52.3,38.7,42.7,33.8,36.4,26.8,37.6,36.4,47.0,41.1,32.8,53.7,49.6,41.0,59.3,26.8,31.4,40.9,37.5,32.7,51.3,29.1,52.3,33.9,31.4,46.1,50.8,42.7,,31.4,33.94,46.64,53.78,26.8,39.8,38.7,63.2
07-16,56.7,33.7,34.2,38.3,33.8,42.0,34.0,54.1,37.5,63.3,49.8,52.3,38.7,42.7,34.4,37.0,26.8,37.6,36.6,47.0,41.1,32.8,53.7,49.6,41.0,59.3,27.2,31.4,40.9,37.8,32.7,51.5,29.1,52.3,33.9,31.4,46.1,50.8,42.7,,31.4,34.28,46.64,53.78,26.8,39.8,38.7,63.3
07-17,56.7,33.7,34.2,38.3,33.8,42.3,34.0,54.1,37.5,63.3,50.2,52.4,38.7,42.9,35.4,37.3,26.8,37.6,36.6,47.0,41.1,32.8,53.7,49.6,41.0,59.3,27.4,31.5,40.9,38.1,32.7,51.5,29.1,52.3,33.9,31.4,46.1,50.8,42.7,,31.48,34.68,46.64,53.78,26.8,39.8,38.7,63.3
07-18,56.7,34.0,34.2,38.3,33.8,42.4,34.0,54.1,37.5,63.4,50.7,52.4,38.7,43.0,35.5,37.3,26.8,37.6,36.7,47.0,41.2,32.8,53.7,49.6,41.0,59.3,27.9,32.0,40.9,38.1,32.7,51.5,29.1,52.3,33.9,31.4,46.1,50.8,42.7,,31.88,34.72,46.64,53.78,26.8,39.8,38.7,63.4
07-19,56.8,34.0,34.2,38.3,34.0,42.4,34.0,54.1,37.5,63.5,50.7,52.4,38.7,43.0,35.6,37.3,26.8,37.6,37.0,47.0,41.2,32.8,53.7,49.6,41.0,59.3,27.9,32.2,40.9,38.1,32.7,51.5,29.1,52.3,33.9,31.4,46.2,50.8,42.9,,32.04,34.76,46.68,53.78,26.8,39.8,38.7,63.5
07-20,56.9,34.0,34.2,38.3,34.0,42.5,34.2,54.1,37.5,63.7,50.7,52.4,38.7,43.3,35.6,37.3,26.8,37.6,37.1,47.0,41.2,32.9,53.9,49.6,41.0,59.3,27.9,32.5,40.9,38.1,32.7,52.9,29.1,52.3,33.9,31.4,46.2,50.8,42.9,,32.28,34.76,46.68,53.94,26.8,39.8,38.7,63.7
07-21,56.9,34.0,34.2,38.3,34.1,42.7,34.2,54.1,37.5,63.7,50.7,52.5,38.7,43.5,35.6,37.3,26.8,37.6,37.1,47.0,41.4,33.1,53.9,49.6,41.2,59.3,27.9,32.6,40.9,38.3,32.7,52.9,29.1,52.3,34.0,31.8,46.2,50.8,42.9,,32.44,34.76,46.68,53.94,26.8,39.8,38.7,63.7
07-22,57.0,34.0,34.2,38.3,34.2,42.7,34.3,54.1,37.5,63.7,50.7,52.6,38.8,43.5,35.6,37.3,26.8,37.6,37.2,47.0,41.4,33.4,53.9,49.6,41.6,59.3,27.9,32.7,41.0,38.4,32.7,52.9,29.2,52.3,34.0,32.0,46.2,50.8,42.9,,32.56,34.82,46.68,53.94,26.8,39.9,38.8,63.7
07-23,57.2,34.0,34.2,38.4,34.2,42.8,34.3,54.1,37.5,63.7,50.7,53.0,38.8,43.5,35.6,37.3,26.8,37.6,37.3,47.0,41.4,33.7,54.0,49.6,41.8,59.3,27.9,32.7,41.0,38.7,32.7,52.9,29.2,52.3,34.0,32.3,46.2,50.8,42.9,,32.62,34.82,46.68,54.02,26.8,39.9,38.8,63.7
07-24,57.3,34.0,34.2,38.6,34.2,42.8,34.5,54.2,37.5,63.8,50.7,53.3,38.9,43.9,35.6,37.3,26.8,37.6,38.1,47.3,41.5,33.7,54.0,49.6,42.0,59.3,27.9,32.7,41.0,38.7,32.7,53.0,29.2,52.3,34.0,32.4,46.3,50.8,42.9,,32.64,34.94,46.9,54.04,26.8,40.0,38.9,63.8
07-25,57.3,34.0,34.2,39.0,34.7,43.0,34.5,54.2,37.5,63.8,50.7,53.3,39.6,44.0,35.6,37.3,26.8,37.6,38.5,49.0,41.5,33.7,54.3,49.7,42.0,59.3,27.9,32.7,41.0,38.7,32.7,53.3,29.2,52.3,34.0,32.4,46.4,50.8,42.9,,32.64,35.06,47.96,54.22,26.8,40.3,39.6,63.8
07-26,57.4,34.0,34.2,39.1,34.8,43.0,35.0,54.2,37.5,63.8,50.7,53.3,39.7,44.1,35.7,37.3,26.8,37.6,38.6,49.2,41.5,34.1,54.3,49.7,42.0,59.3,27.9,32.7,41.0,39.1,32.7,53.5,29.2,52.3,34.0,32.8,46.5,50.8,42.9,,32.7,35.28,48.12,54.22,26.8,40.4,39.7,63.8
07-27,57.4,34.1,34.2,39.1,34.8,43.1,35.0,54.3,37.5,63.9,50.7,53.3,39.8,44.3,35.7,37.3,27.2,37.9,38.6,49.4,41.5,34.5,54.3,49.8,42.2,59.3,27.9,33.1,41.0,39.1,32.7,53.5,29.2,52.3,34.0,32.9,46.6,50.8,42.9,,32.86,35.28,48.28,54.3,27.2,40.4,39.8,63.9
07-28,57.4,34.3,34.2,39.1,34.8,43.1,35.0,54.3,37.5,63.9,50.7,53.3,40.3,44.7,35.7,37.5,27.3,38.3,38.7,49.4,41.5,35.4,54.3,49.8,42.5,59.5,27.9,33.3,41.1,39.1,32.7,53.5,29.2,52.3,34.2,32.9,46.6,50.8,42.9,,32.86,35.52,48.28,54.3,27.3,40.7,40.3,63.9
07-29,57.4,34.5,34.4,39.7,34.8,43.1,35.0,54.3,37.5,64.0,50.9,53.4,40.4,44.8,35.7,37.6,27.4,38.7,38.7,49.4,41.6,35.4,54.3,49.9,42.5,59.6,27.9,35.1,41.1,39.1,32.7,53.7,29.2,52.3,34.2,32.9,46.6,50.8,42.9,,32.86,35.52,48.28,54.3,27.4,40.8,40.4,64.0
07-30,57.4,34.5,34.8,39.9,34.8,43.1,35.0,54.3,37.5,64.0,51.0,53.7,40.5,45.7,35.7,37.7,27.4,38.7,38.7,49.4,42.0,35.4,54.3,50.1,42.6,59.6,27.9,35.5,41.4,39.1,32.7,54.1,29.2,52.3,34.2,33.1,46.8,50.8,42.9,,33.02,35.58,48.36,54.3,27.4,41.0,40.5,64.0
07-31,57.4,34.6,35.3,39.9,34.8,43.1,35.0,54.3,37.5,64.0,51.0,53.7,40.5,46.0,35.7,37.7,27.4,38.7,38.7,49.4,42.4,35.4,54.3,50.1,42.6,59.7,28.0,35.6,41.6,39.1,32.7,54.2,29.2,52.3,34.5,33.4,47.0,50.8,42.9,,33.26,35.64,48.44,54.3,27.4,41.0,40.5,64.0
08-01,57.5,34.7,35.4,41.0,34.8,43.1,35.0,54.3,37.5,64.0,51.0,54.1,40.7,46.2,35.7,37.8,27.4,38.7,38.7,49.5,42.9,35.4,54.3,50.3,42.8,59.8,28.0,35.8,41.6,39.1,32.7,54.2,29.2,52.3,34.5,34.2,47.1,50.8,42.9,,33.9,35.74,48.54,54.3,27.4,41.2,41.0,64.0
08-02,57.5,35.5,35.4,41.2,35.0,43.2,35.0,54.3,37.6,64.0,51.1,54.2,40.8,46.5,35.7,38.2,27.4,39.2,38.7,49.6,42.9,35.4,54.3,50.3,43.1,59.8,28.0,35.8,41.7,39.1,32.7,54.2,29.2,52.5,34.5,34.6,48.0,50.9,42.9,,34.14,35.74,48.96,54.3,27.4,41.2,41.2,64.0
08-03,57.5,35.5,35.4,41.5,35.0,43.2,35.0,54.3,37.6,64.0,51.1,54.2,40.8,46.9,35.7,38.3,27.7,39.2,38.7,49.6,42.9,35.5,54.3,50.3,43.4,59.8,28.0,35.9,42.1,39.1,32.7,54.2,29.2,52.5,34.5,34.6,48.5,51.7,42.9,,34.14,35.78,49.16,54.3,27.7,41.4,41.5,64.0
08-04,57.5,35.5,35.4,41.5,35.0,43.7,35.0,54.3,37.6,64.1,51.3,54.2,40.8,46.9,35.7,38.5,27.9,39.2,38.8,49.9,43.1,35.5,54.3,50.3,43.4,60.0,28.0,35.9,42.1,39.1,32.7,54.2,29.2,52.5,34.6,34.7,48.6,51.7,42.9,,34.22,35.78,49.38,54.3,27.9,41.4,41.5,64.1
08-05,57.6,35.5,35.4,41.5,35.0,43.7,35.1,54.5,37.7,64.1,51.3,54.2,40.9,46.9,35.7,38.7,27.9,39.2,38.8,50.8,43.2,35.5,54.3,50.3,43.8,60.0,28.0,36.1,42.9,39.6,32.7,54.2,29.2,53.0,34.7,34.7,48.6,51.7,42.9,,34.3,35.86,49.62,54.34,27.9,41.9,41.5,64.1
08-06,58.0,35.5,35.4,41.5,35.0,43.7,35.2,54.6,37.7,64.1,51.3,54.3,40.9,47.0,35.7,38.9,27.9,39.6,38.8,50.8,43.2,35.8,54.8,50.4,43.8,60.0,28.0,36.1,43.0,39.6,32.8,54.2,29.3,53.0,34.7,34.7,48.6,51.7,43.0,,34.32,35.92,49.68,54.64,27.9,42.0,41.5,64.1
08-07,58.0,35.9,35.4,41.5,35.0,43.9,35.6,54.6,37.7,64.1,51.3,54.6,40.9,47.0,35.7,39.5,27.9,39.6,38.8,50.8,43.9,36.3,55.2,50.5,43.8,60.0,28.8,36.1,43.0,39.6,33.1,54.2,29.3,53.0,34.7,34.7,48.6,51.7,43.0,,34.38,36.18,49.74,54.72,27.9,42.0,41.5,64.1
08-08,58.2,36.1,35.4,41.5,35.0,43.9,35.7,54.6,37.7,64.1,51.4,55.0,40.9,47.3,35.7,39.9,28.1,39.6,38.8,50.8,44.0,36.3,55.9,50.5,43.9,60.0,29.1,36.1,43.0,39.6,33.5,54.2,29.3,53.0,34.7,34.7,48.6,51.7,43.2,,34.46,36.18,49.74,55.18,28.1,42.0,41.5,64.1
08-09,58.2,36.1,35.4,41.5,35.0,43.9,35.7,55.0,37.8,64.1,51.4,55.0,40.9,47.3,35.8,41.2,28.2,39.6,38.8,50.9,44.0,36.3,56.4,50.5,43.9,60.0,29.1,36.1,43.0,39.7,33.5,54.2,29.3,53.0,34.7,34.7,48.6,51.7,43.2,,34.46,36.18,49.74,55.28,28.2,42.1,41.5,64.1
08-10,58.2,36.1,35.4,41.5,35.0,43.9,35.7,55.0,38.0,64.1,51.4,55.0,40.9,47.3,35.8,41.6,28.2,39.8,38.8,51.0,44.0,36.3,56.6,50.5,43.9,60.0,29.1,36.1,43.0,39.8,33.5,54.5,29.3,53.0,34.7,34.7,48.6,51.7,43.4,,34.46,36.18,49.74,55.32,28.2,42.3,41.6,64.1
08-11,58.2,36.1,35.4,42.5,35.0,43.9,35.8,55.3,38.0,64.3,51.4,55.8,41.1,47.3,35.9,41.7,28.3,39.8,38.8,51.2,44.0,36.3,56.6,50.6,43.9,60.0,29.1,36.3,43.0,39.9,33.5,54.8,29.3,53.0,34.7,34.7,48.6,51.7,43.7,,34.46,36.3,49.8,55.96,28.3,42.4,42.5,64.3
08-12,58.2,36.2,35.4,42.8,35.0,44.0,35.9,55.4,38.0,64.3,51.4,56.0,41.1,47.5,36.6,41.8,28.3,40.2,38.8,51.2,44.0,36.4,56.8,50.6,44.1,60.0,29.1,36.3,43.0,40.0,33.5,54.8,29.3,53.3,34.7,34.7,48.7,51.7,43.9,,34.46,36.48,49.84,56.16,28.3,42.4,42.8,64.3
08-13,58.4,36.2,35.4,42.8,35.0,44.1,36.0,55.5,38.0,64.3,51.4,56.5,41.1,47.7,36.9,42.0,28.4,40.6,38.8,51.2,44.0,36.4,56.8,50.6,44.4,60.0,29.1,36.6,43.0,40.1,33.5,54.8,29.3,53.3,34.7,34.8,48.8,51.8,44.0,,34.46,36.72,49.88,56.56,28.4,42.5,42.8,64.3
08-14,58.4,36.2,35.4,42.8,35.0,44.1,36.0,55.6,38.1,64.3,51.4,56.6,41.1,47.9,37.2,42.0,28.4,41.2,38.8,51.2,44.0,36.4,56.8,50.7,44.4,60.0,29.2,36.6,43.1,40.2,33.5,54.8,29.3,53.3,34.7,34.8,48.8,51.8,44.6,,34.46,36.84,49.94,56.64,28.4,42.6,42.8,64.3
08-15,58.4,36.2,35.4,42.8,35.3,44.1,36.1,55.6,38.1,64.3,51.4,57.1,41.2,48.0,37.2,42.7,28.4,41.4,38.8,51.2,44.1,36.6,56.8,50.7,44.4,60.1,29.2,36.6,43.1,40.2,33.7,54.8,29.3,53.3,34.7,34.8,48.8,51.8,44.7,,34.5,36.84,49.94,56.86,28.4,42.9,42.8,64.3
08-16,58.4,36.3,35.4,42.8,35.4,44.1,36.1,55.6,38.1,64.3,51.4,57.1,41.2,48.0,37.3,43.0,28.4,41.4,38.8,51.3,44.2,36.8,56.8,51.0,44.4,60.1,29.2,36.8,43.1,40.2,33.7,54.8,29.3,53.3,34.7,34.8,49.2,51.8,44.8,,34.5,37.0,50.28,56.86,28.4,43.0,43.0,64.3
08-17,58.4,36.3,35.5,42.8,35.4,44.3,36.5,55.6,38.1,64.3,51.4,57.1,41.2,48.5,37.4,43.0,28.4,41.8,38.8,51.6,44.2,37.2,56.9,51.0,44.6,60.1,29.2,36.8,43.1,40.2,33.7,54.8,29.3,53.3,34.7,34.8,49.4,51.8,44.8,,34.5,37.28,50.36,56.94,28.4,43.0,43.0,64.3
08-18,58.4,36.3,35.5,42.8,35.5,44.3,36.5,55.6,38.1,64.3,51.4,57.1,41.2,48.5,37.6,43.0,28.4,42.3,38.8,51.6,44.2,37.2,56.9,51.0,44.7,60.1,29.2,36.8,43.1,40.2,33.7,54.8,29.3,53.3,34.7,34.8,49.5,51.8,44.8,,34.5,37.36,50.4,56.94,28.4,43.0,43.0,64.3
08-19,58.4,36.3,35.5,42.8,35.5,44.3,36.5,55.6,38.2,64.3,51.4,57.1,41.3,48.6,37.8,43.0,28.4,42.3,39.0,51.6,44.2,37.2,57.0,51.0,44.7,60.1,29.2,36.8,43.1,40.5,33.7,54.8,29.3,53.3,34.7,35.1,49.6,51.9,44.8,,34.5,37.44,50.44,57.02,28.4,43.0,43.0,64.3
08-20,58.5,36.3,35.5,42.8,35.6,44.3,36.5,55.9,38.4,64.9,51.5,57.2,41.3,48.7,38.3,43.0,28.5,42.8,39.0,51.6,44.2,37.2,57.0,51.0,45.4,60.1,29.2,36.9,43.4,40.5,33.7,54.8,29.4,53.3,34.7,36.3,50.0,51.9,44.8,,34.5,37.64,50.6,57.04,28.5,43.2,43.0,64.9
08-21,58.8,36.3,35.6,42.8,35.7,44.3,36.5,56.0,38.4,64.9,51.5,57.2,41.3,48.8,38.3,43.5,28.9,42.8,39.0,51.7,44.5,37.2,57.0,51.0,45.4,60.1,29.3,37.0,43.7,40.5,33.7,54.9,29.7,53.3,34.7,36.3,50.3,51.9,44.8,,34.5,37.64,50.72,57.04,28.9,43.6,43.5,64.9
08-22,58.9,36.6,36.2,42.8,35.7,44.3,36.6,56.6,38.4,64.9,51.5,57.2,41.3,49.0,38.5,43.9,29.0,42.8,39.3,51.7,44.5,37.2,57.0,51.0,45.4,60.1,29.4,37.7,43.7,40.5,33.7,54.9,29.7,53.3,34.7,36.4,50.3,51.9,45.8,,34.5,37.98,50.72,57.04,29.0,43.8,43.7,64.9
08-23,59.0,37.4,36.2,42.9,35.8,44.3,37.2,56.7,38.4,64.9,51.5,57.2,41.3,49.0,38.7,44.2,29.0,42.8,39.4,51.7,44.6,37.2,57.0,51.1,45.4,60.1,29.4,37.7,44.1,40.5,33.7,54.9,29.9,53.3,34.7,36.4,50.3,52.0,46.0,,34.5,37.98,50.78,57.04,29.0,44.2,44.1,64.9
08-24,59.3,37.9,36.2,42.9,35.8,44.3,37.7,56.9,38.4,65.0,51.5,57.2,41.3,49.0,38.9,44.5,29.0,42.8,39.4,51.7,44.7,37.2,57.0,51.1,45.4,60.1,29.9,37.9,45.1,40.5,33.7,54.9,29.9,53.3,34.8,36.4,50.3,52.0,46.5,,34.58,38.1,50.78,57.04,29.0,44.4,44.3,65.0
08-25,59.9,38.4,36.2,42.9,35.8,44.4,38.1,56.9,38.4,65.0,51.5,57.2,41.3,49.2,39.3,44.6,29.0,42.8,39.5,51.7,44.8,37.2,57.0,51.2,45.4,60.2,30.0,37.9,45.1,40.5,33.7,54.9,30.3,53.3,35.0,36.4,50.3,52.0,47.1,,34.74,38.4,50.84,57.04,29.0,44.5,44.4,65.0
08-26,59.9,38.5,36.2,42.9,35.8,44.4,38.4,57.0,38.4,65.1,51.5,57.4,41.7,49.2,39.6,44.6,29.0,43.1,39.5,51.9,44.8,37.2,57.0,51.2,45.4,60.2,30.0,38.1,45.3,40.5,33.9,54.9,30.3,53.3,35.1,36.4,50.5,52.1,47.7,,34.86,38.44,50.92,57.08,29.0,44.5,44.4,65.1
08-27,59.9,38.5,36.2,42.9,35.8,44.4,38.4,57.5,38.4,65.4,51.5,57.7,41.7,49.3,39.6,44.6,29.1,43.1,39.5,52.1,45.5,37.2,57.0,51.2,45.4,60.2,30.0,38.2,45.6,40.6,34.1,54.9,30.3,53.3,35.4,36.5,51.3,52.4,47.8,,35.14,38.44,51.26,57.54,29.1,44.5,44.4,65.4
08-28,59.9,38.6,36.3,42.9,35.8,44.4,38.4,57.5,38.6,65.4,51.5,57.7,42.1,49.3,39.8,44.6,29.1,43.1,39.5,52.3,45.5,37.5,57.0,51.2,45.4,60.2,30.1,38.2,46.0,42.1,34.2,54.9,30.3,53.3,35.4,36.5,51.3,52.4,47.8,,35.16,38.6,51.26,57.54,29.1,44.5,44.4,65.4
08-29,59.9,38.6,36.3,42.9,35.8,44.4,38.4,57.5,38.6,65.4,51.5,57.7,42.1,49.3,39.8,44.6,29.1,43.1,39.6,52.3,45.5,37.5,57.0,51.2,45.4,60.2,30.1,38.5,46.1,42.6,34.2,54.9,30.3,53.3,35.7,36.5,51.3,52.5,47.8,,35.4,38.6,51.26,57.54,29.1,44.5,44.4,65.4
08-30,60.1,38.6,36.3,42.9,35.8,44.4,38.4,57.7,38.8,65.4,51.5,57.7,42.1,49.3,39.8,44.6,29.1,43.1,39.6,52.3,45.6,37.6,57.0,51.3,45.4,60.5,30.1,38.5,46.1,42.6,35.2,54.9,30.3,53.3,36.4,36.5,51.3,52.5,47.8,,35.68,38.68,51.3,57.7,29.1,44.5,44.4,65.4
08-31,60.1,38.6,36.3,42.9,35.8,44.4,38.4,57.7,38.8,65.4,51.5,57.8,42.1,49.4,39.9,44.6,29.1,43.4,39.6,52.3,45.6,37.6,57.0,51.3,45.6,60.5,30.1,38.8,46.1,42.6,35.6,54.9,30.3,53.3,36.6,36.5,51.3,52.5,47.8,,35.76,38.8,51.3,57.72,29.1,44.5,44.4,65.4
09-01,60.1,38.6,36.3,42.9,35.8,44.4,38.8,57.8,38.8,65.4,51.5,57.9,42.3,49.5,39.9,44.6,29.1,43.4,39.6,52.3,45.6,37.7,57.0,51.3,45.6,60.5,30.1,38.8,46.1,42.6,36.0,54.9,30.3,53.3,36.8,36.6,51.3,52.5,47.8,,35.96,38.8,51.3,57.82,29.1,44.5,44.4,65.4
09-02,60.1,39.1,36.3,42.9,35.8,44.5,39.0,58.3,39.2,65.4,51.6,58.1,42.7,49.9,40.0,44.6,29.1,43.4,39.6,52.3,45.6,37.9,57.0,51.3,45.6,60.5,30.1,38.8,46.1,42.6,36.1,54.9,30.3,53.3,36.9,37.0,51.3,52.5,47.8,,36.04,39.14,51.3,58.14,29.1,44.6,44.5,65.4
09-03,60.3,39.1,36.3,42.9,35.8,44.5,39.2,58.3,39.2,65.4,51.6,58.1,42.7,50.1,40.2,44.7,29.1,43.5,39.6,52.3,45.6,38.0,57.0,51.3,45.6,60.5,30.1,38.8,46.2,42.6,36.2,54.9,30.3,53.3,36.9,37.4,51.3,52.5,47.8,,36.12,39.2,51.3,58.14,29.1,44.6,44.5,65.4
09-04,60.3,39.2,36.3,42.9,35.8,44.5,39.2,58.3,39.8,65.4,51.6,58.2,42.7,50.1,40.3,44.9,29.2,43.5,39.7,52.5,45.6,38.0,57.0,51.3,45.6,60.5,30.1,38.8,46.2,43.1,36.3,54.9,30.3,53.3,36.9,37.4,51.3,52.8,47.8,,36.2,39.4,51.3,58.22,29.2,44.7,44.5,65.4
09-05,60.3,39.3,36.3,42.9,35.8,44.5,39.5,58.3,39.8,65.4,51.6,58.2,42.7,50.2,40.3,44.9,29.3,43.5,40.9,52.5,45.6,38.0,57.0,51.3,45.7,60.5,30.1,38.8,46.2,43.7,36.3,54.9,30.3,53.3,36.9,37.4,51.3,52.8,47.8,,36.2,39.62,51.3,58.22,29.3,44.7,44.5,65.4
09-06,60.3,39.3,36.3,42.9,36.0,44.5,39.5,58.5,39.8,65.4,51.8,58.2,42.7,50.2,40.3,45.0,29.3,43.6,40.9,52.5,45.6,38.2,57.0,51.3,45.7,60.5,30.1,38.8,46.2,44.0,36.4,54.9,30.5,53.5,36.9,37.4,51.3,52.8,47.8,,36.24,39.62,51.3,58.26,29.3,44.8,44.5,65.4
09-07,60.4,39.3,36.3,42.9,36.0,44.8,39.5,59.0,39.8,65.4,52.3,58.2,42.8,50.2,40.6,45.0,29.4,44.0,41.0,52.6,45.7,38.6,57.0,51.3,45.7,60.6,30.1,38.8,46.2,44.2,36.4,54.9,30.7,53.5,36.9,37.4,51.3,52.8,47.8,,36.24,39.62,51.3,58.36,29.4,44.9,44.8,65.4
09-08,60.8,39.4,36.3,42.9,36.1,45.9,39.5,59.0,39.8,66.1,52.3,58.5,42.8,50.3,41.0,45.2,29.9,44.1,41.0,52.6,45.8,38.6,57.0,51.3,45.7,60.6,30.1,38.8,46.2,44.2,36.4,54.9,30.9,53.5,36.9,37.4,51.3,52.8,47.8,,36.26,39.62,51.3,58.6,29.9,45.4,45.2,66.1
09-09,61.1,39.4,36.3,43.1,36.1,46.2,39.5,59.0,39.8,66.3,52.4,58.5,42.8,50.3,41.4,45.3,30.0,44.2,41.2,53.3,46.4,38.8,57.0,51.3,46.1,60.7,30.1,38.8,46.6,44.5,36.4,54.9,30.9,53.6,37.9,37.4,51.3,52.8,47.8,,36.26,39.62,51.3,58.6,30.0,45.7,45.3,66.3
09-10,62.6,39.5,36.3,43.1,36.8,46.4,39.5,59.0,39.9,66.3,52.4,58.5,42.8,50.4,41.6,45.5,30.2,45.2,41.2,54.0,46.4,38.8,57.2,51.3,46.1,60.7,30.1,39.1,48.4,44.6,36.4,54.9,30.9,53.7,38.2,37.4,51.3,52.8,47.8,,36.38,39.66,51.3,58.6,30.1,45.8,45.5,66.3
09-11,63.4,39.5,36.9,43.4,36.8,46.7,39.5,59.0,39.9,66.3,52.4,58.7,42.8,50.4,41.7,45.6,30.4,46.1,41.3,54.0,46.4,38.8,57.2,51.3,46.1,60.7,30.1,39.3,48.4,44.6,36.4,54.9,31.0,53.8,38.4,37.4,51.3,53.2,47.8,,36.72,39.66,51.3,58.76,30.1,46.1,46.1,66.3
09-12,63.4,39.5,37.9,43.4,36.8,46.9,39.5,59.0,39.9,66.3,52.4,59.0,42.8,50.7,41.7,45.6,30.7,46.1,41.4,54.0,46.4,38.8,57.5,51.3,46.1,60.7,30.5,39.4,48.4,44.6,36.4,54.9,31.0,53.8,38.5,37.4,51.3,53.2,47.8,,36.72,39.66,51.3,59.0,30.5,46.1,46.1,66.3
09-13,63.4,39.5,39.2,43.9,36.8,46.9,39.5,59.2,40.1,66.3,52.6,59.3,43.3,50.7,41.7,45.6,30.8,46.1,41.4,54.0,46.4,38.8,57.7,51.4,46.1,60.7,30.5,39.9,48.4,44.6,36.4,54.9,31.0,53.8,38.5,37.4,51.3,53.2,47.8,,36.72,39.98,51.36,59.22,30.5,46.1,46.1,66.3
09-14,63.4,39.6,39.3,43.9,36.8,47.0,39.5,59.9,40.4,66.3,52.9,59.4,43.3,50.7,41.7,45.6,30.8,46.1,41.4,54.0,46.5,38.9,57.9,51.5,46.1,60.7,30.5,40.4,48.4,44.6,36.4,54.9,31.0,53.9,38.5,37.4,51.4,53.2,47.8,,36.72,40.4,51.46,59.5,30.5,46.1,46.1,66.3
09-15,63.4,39.6,39.3,43.9,36.8,47.5,39.6,59.9,40.7,66.3,53.0,59.4,43.3,50.7,41.7,45.6,30.8,46.1,41.4,54.0,47.0,39.1,57.9,51.5,46.1,60.9,30.5,40.5,48.4,44.6,36.4,54.9,31.0,54.0,38.5,37.4,51.5,53.4,47.8,,36.72,40.58,51.5,59.5,30.5,46.1,46.1,66.3
09-16,63.4,39.8,39.3,43.9,36.8,47.5,39.9,59.9,40.7,66.3,53.0,59.7,43.3,51.0,41.7,45.7,30.8,46.2,41.4,54.0,47.9,39.1,58.0,52.5,46.1,61.4,30.5,40.7,48.4,45.8,36.5,55.0,31.0,54.0,38.5,37.4,52.0,53.4,47.9,,36.74,40.7,52.3,59.74,30.5,46.2,46.1,66.3
09-17,63.4,39.8,39.3,43.9,37.2,47.5,40.1,59.9,40.7,66.4,53.1,59.9,43.3,51.1,41.7,45.8,30.8,46.2,41.4,54.0,47.9,40.3,58.0,52.5,46.1,61.6,30.5,40.8,48.4,46.0,36.6,55.2,31.0,54.0,38.5,37.4,52.0,53.4,48.1,,37.08,40.74,52.3,59.9,30.5,46.2,46.1,66.4
09-18,63.4,39.8,39.3,43.9,37.5,47.5,40.1,59.9,40.7,66.4,53.2,60.3,43.3,51.1,41.7,46.0,31.2,46.2,41.4,54.0,47.9,41.0,58.0,52.5,46.1,62.1,30.5,41.0,48.4,46.1,36.6,55.2,31.0,54.0,38.5,37.4,52.0,53.4,48.4,,37.24,41.0,52.3,59.98,30.5,46.2,46.1,66.4
09-19,63.5,39.8,39.3,44.0,38.1,47.5,40.2,60.0,40.7,66.5,53.7,60.3,43.3,51.1,41.7,46.0,32.0,46.2,41.5,54.1,47.9,41.1,58.0,52.6,46.1,62.1,30.7,42.3,48.4,46.1,36.7,55.4,31.0,54.0,38.5,37.7,52.0,53.7,48.4,,37.5,41.26,52.36,60.06,30.7,46.2,46.1,66.5
09-20,63.5,39.8,39.3,44.3,38.2,47.5,40.5,60.0,40.7,66.5,53.9,60.4,43.3,51.7,41.9,46.2,32.0,46.2,42.5,54.1,48.1,41.3,58.5,52.6,46.2,62.1,30.8,42.3,48.4,46.2,36.9,55.6,31.0,54.0,38.5,37.8,52.0,53.7,48.4,,37.62,41.54,52.36,60.08,30.8,46.2,46.2,66.5
09-21,63.5,39.8,39.4,44.7,38.3,47.5,41.0,60.0,40.9,66.6,53.9,60.6,43.3,51.9,41.9,46.2,32.0,46.2,43.4,54.2,48.2,41.3,58.7,52.8,46.3,62.1,30.8,42.3,48.4,46.2,37.0,55.6,31.0,54.0,38.5,37.8,52.0,53.7,48.4,,37.64,41.54,52.48,60.12,30.8,46.2,46.2,66.6
09-22,64.2,39.8,39.6,44.7,38.3,47.5,41.0,60.0,40.9,66.6,53.9,61.2,43.3,51.9,42.6,46.3,32.0,46.2,44.4,54.9,49.0,41.3,58.8,52.8,46.3,62.1,30.8,42.4,48.9,46.2,37.0,55.7,31.0,54.0,38.5,37.8,52.4,53.7,49.5,,37.64,41.74,52.64,60.24,30.8,46.3,46.3,66.6
09-23,65.4,39.8,39.7,44.7,38.3,47.5,41.0,60.0,40.9,66.6,54.2,61.7,43.3,52.0,42.8,46.3,32.0,46.3,44.5,55.0,49.4,41.5,58.8,52.9,47.0,62.1,30.8,43.2,49.3,46.2,37.0,55.7,31.0,54.0,38.5,37.8,52.8,53.7,49.6,,37.64,42.02,52.86,60.34,30.8,46.6,46.3,66.6
09-24,66.0,39.8,39.7,44.7,38.3,47.5,41.0,60.0,40.9,66.6,54.4,61.8,43.3,52.2,42.9,46.4,32.0,46.3,44.6,55.0,49.4,42.0,58.8,53.0,47.0,62.1,30.9,43.8,49.3,46.2,37.0,55.7,31.0,54.0,38.5,37.8,52.8,53.7,49.7,,37.64,42.36,52.92,60.36,30.9,46.7,46.4,66.6
09-25,67.3,39.8,39.7,44.7,38.3,47.5,41.0,60.0,41.0,66.6,54.4,61.8,43.4,52.5,43.1,46.4,32.0,46.3,44.6,55.0,49.5,42.0,58.8,53.0,47.0,62.1,30.9,44.0,49.4,46.2,37.3,55.7,31.0,54.0,38.5,37.8,52.8,53.7,49.7,,37.7,42.44,52.92,60.36,30.9,46.7,46.4,67.3
09-26,69.0,39.8,39.7,44.7,38.4,47.5,41.1,60.0,41.0,66.6,54.4,61.9,43.4,52.5,43.2,46.4,32.5,46.3,44.6,55.0,49.5,42.1,58.8,53.0,47.1,62.1,31.3,44.1,49.4,46.2,37.4,55.7,31.0,54.0,38.5,37.8,52.8,53.7,49.8,,37.72,42.54,52.92,60.38,31.0,46.8,46.4,69.0
09-27,69.3,39.8,39.7,44.7,38.4,47.5,41.1,60.0,41.0,66.7,54.5,62.0,43.4,52.5,43.3,46.4,33.1,46.3,44.6,55.0,49.6,42.1,58.8,53.0,47.1,62.1,31.5,44.1,49.5,46.2,37.8,55.7,31.0,54.0,38.5,37.9,52.8,53.7,49.8,,37.88,42.58,52.92,60.4,31.0,46.8,46.4,69.3
09-28,69.5,39.8,39.7,44.7,38.7,47.5,41.1,60.0,41.1,66.7,54.6,62.1,43.4,52.5,43.4,46.4,33.4,46.3,44.6,56.7,49.6,42.3,58.8,53.0,47.1,62.1,31.6,44.1,49.5,46.2,37.9,55.8,31.0,54.0,38.5,37.9,52.8,53.7,49.8,,37.9,42.74,52.92,60.42,31.0,46.8,46.4,69.5
09-29,69.6,39.8,39.7,44.7,39.0,47.5,41.1,60.0,41.1,67.2,54.6,62.1,43.4,52.5,43.5,46.4,33.6,46.4,44.7,57.3,49.6,42.3,58.8,53.1,47.1,62.1,32.1,44.1,49.7,46.2,38.1,55.8,31.1,54.0,38.5,38.3,52.8,53.7,49.8,,38.26,42.74,52.98,60.42,31.1,46.8,46.4,69.6
09-30,69.8,39.8,39.7,44.7,39.0,47.5,41.1,60.0,41.1,68.7,54.6,62.1,43.5,52.6,43.7,46.4,34.6,46.4,44.8,57.4,49.6,42.3,58.8,53.3,47.1,62.1,32.1,44.4,50.4,46.2,38.1,55.8,31.1,54.0,38.5,38.9,52.8,53.7,49.8,,38.42,42.78,53.1,60.42,31.1,46.8,46.4,69.8
