date,1986,1987,1988,1989,1990,1991,1992,1993,1994,1995,1996,1997,1998,1999,2000,2001,2002,2003,2004,2005,2006,2007,2008,2009,2010,2011,2012,2013,2014,2015,2016,2017,2018,2019,2020,2021,2022,2023,2024,2025,10%,30%,70%,90%,Min,Median ('91-'20),Median (POR),Max,Median Peak SWE
10-01,1.3,3.8,0.0,0.0,0.0,0.0,0.0,0.0,0.0,0.0,0.0,0.0,0.0,0.0,0.0,0.0,0.0,0.0,0.0,0.0,0.0,0.0,0.0,0.0,0.0,0.0,0.0,0.0,0.0,0.4,0.0,0.0,0.4,0.0,0.0,0.0,0.0,0.4,0.0,0.0,0.0,0.0,0.0,0.4,0.0,0.0,0.0,3.8,
10-02,1.1,3.8,0.0,0.0,0.0,0.0,0.0,0.0,0.0,0.0,0.0,0.0,0.0,0.7,0.0,0.0,0.0,0.0,0.0,0.0,0.0,0.0,0.0,0.0,0.0,0.0,0.0,0.0,0.0,1.0,0.0,0.0,1.1,0.0,0.0,0.0,0.0,0.3,0.0,0.0,0.0,0.0,0.0,0.76,0.0,0.0,0.0,3.8,
10-03,1.1,3.8,0.0,0.0,0.0,0.5,0.0,0.0,0.0,0.0,0.0,0.0,0.0,0.7,0.0,0.0,0.0,0.0,0.0,0.0,0.0,0.3,0.0,0.0,0.2,0.0,0.0,0.0,0.0,1.0,0.0,0.0,1.2,0.0,0.0,0.0,0.0,0.4,0.5,0.0,0.0,0.0,0.0,0.76,0.0,0.0,0.0,3.8,
10-04,0.8,3.9,0.0,0.0,0.0,0.0,0.0,0.0,0.0,0.0,0.0,0.0,0.0,1.3,0.0,0.0,0.0,0.4,0.0,0.0,0.0,0.0,0.0,0.0,0.3,0.0,0.0,0.0,0.0,0.9,0.0,0.0,0.9,0.0,0.0,0.0,0.0,0.0,0.4,0.0,0.0,0.0,0.0,0.82,0.0,0.0,0.0,3.9,
10-05,0.8,4.0,0.0,0.0,0.0,0.0,0.0,0.0,0.0,0.0,0.6,0.0,0.0,1.8,0.0,0.0,0.0,0.5,0.0,0.0,0.0,0.0,0.0,0.0,1.0,0.0,0.0,0.0,0.0,0.4,0.0,0.0,0.0,0.0,0.0,0.0,0.0,0.0,0.0,0.0,0.0,0.0,0.0,0.64,0.0,0.0,0.0,4.0,
10-06,0.8,4.0,0.0,0.0,0.0,0.0,0.0,0.0,0.0,0.3,0.4,0.0,0.0,1.8,0.0,0.0,0.0,0.4,0.0,0.0,0.0,0.0,0.0,0.0,1.4,0.0,0.2,0.0,0.0,0.0,0.0,0.0,0.0,0.0,0.0,0.0,0.0,0.0,0.0,0.0,0.0,0.0,0.0,0.48,0.0,0.0,0.0,4.0,
10-07,0.8,4.0,0.0,0.0,0.0,0.0,0.0,0.0,0.0,1.0,0.4,0.0,0.0,1.8,0.0,0.0,0.0,0.3,0.0,0.0,0.0,0.0,0.0,0.0,1.5,0.0,1.4,0.0,0.0,0.0,0.0,0.0,0.0,0.0,0.0,0.0,0.0,0.0,0.0,0.0,0.0,0.0,0.0,1.08,0.0,0.0,0.0,4.0,
10-08,2.0,3.9,0.0,0.0,0.0,1.0,0.0,0.0,0.4,1.0,0.5,0.0,0.0,1.7,0.0,0.0,0.0,0.2,0.0,0.0,0.0,0.0,0.0,0.0,2.0,0.0,1.1,0.0,0.0,0.0,0.0,0.0,0.0,0.0,0.0,0.0,0.0,0.0,0.0,0.0,0.0,0.0,0.0,1.22,0.0,0.0,0.0,3.9,
10-09,3.5,3.1,0.0,0.0,0.0,1.2,0.0,0.0,0.5,0.9,0.5,0.0,0.3,1.5,0.0,0.0,0.0,0.0,0.0,0.0,0.0,0.0,0.0,0.0,2.1,0.0,1.1,0.0,0.0,0.0,0.0,0.0,0.0,0.5,0.0,0.0,0.0,0.0,0.0,0.0,0.0,0.0,0.0,1.26,0.0,0.0,0.0,3.5,
10-10,3.5,3.4,0.0,0.0,0.0,1.2,0.0,0.0,1.0,0.8,0.5,0.0,0.6,1.5,0.0,0.0,0.5,0.0,0.0,0.0,0.0,0.7,0.0,0.0,2.2,0.0,1.1,0.0,0.0,0.0,0.0,0.0,0.6,0.5,0.0,0.0,0.3,0.0,0.0,0.0,0.0,0.0,0.5,1.26,0.0,0.0,0.0,3.5,
10-11,3.7,3.8,0.0,0.0,0.0,1.2,0.0,0.0,1.7,0.8,0.3,0.0,0.5,1.4,0.0,0.0,0.5,0.0,0.0,0.0,0.0,1.4,0.0,0.0,2.2,0.0,0.9,0.0,1.3,0.0,0.0,0.0,0.6,1.6,0.0,0.0,0.0,0.0,0.0,0.0,0.0,0.0,0.56,1.62,0.0,0.0,0.0,3.8,
10-12,4.0,4.6,0.0,0.0,0.0,1.1,0.0,0.0,1.8,0.7,0.2,0.0,0.1,1.2,0.0,0.0,0.8,0.0,0.0,0.0,0.0,1.4,0.0,0.0,2.3,0.0,1.1,0.0,1.4,0.0,0.0,0.0,0.4,2.8,0.0,0.0,0.0,0.0,0.6,0.0,0.0,0.0,0.66,1.9,0.0,0.0,0.0,4.6,
10-13,4.0,4.8,0.0,0.0,0.0,1.1,0.0,0.0,1.9,0.7,0.3,0.0,0.6,0.8,0.0,0.0,0.8,0.0,0.0,0.0,0.0,1.4,0.0,0.0,2.5,0.0,0.7,0.0,1.3,0.4,0.0,0.0,0.0,2.8,0.0,0.0,0.3,0.0,1.4,0.0,0.0,0.0,0.7,2.02,0.0,0.0,0.0,4.8,
10-14,4.0,4.8,0.0,0.0,0.0,1.0,0.0,0.0,2.0,0.7,0.3,0.0,0.6,0.7,0.0,0.0,0.8,0.0,0.0,0.0,0.0,1.4,0.0,0.0,3.1,0.0,0.0,0.0,1.6,0.4,0.0,0.0,0.0,2.8,0.0,0.0,0.4,0.0,1.3,0.0,0.0,0.0,0.66,2.16,0.0,0.0,0.0,4.8,
10-15,4.5,4.8,0.3,0.0,0.0,1.0,0.0,0.0,2.3,1.3,0.4,0.0,0.6,0.7,0.0,0.0,0.6,0.0,0.0,0.0,0.0,2.0,0.0,0.0,4.1,0.0,0.0,0.0,2.3,0.6,0.0,0.0,0.0,3.0,0.0,0.0,0.9,0.0,1.2,0.0,0.0,0.0,0.66,2.44,0.0,0.0,0.0,4.8,
10-16,4.6,4.8,0.4,0.0,0.7,0.9,0.0,0.0,3.2,1.8,0.0,0.0,0.5,0.7,0.0,0.0,1.1,0.0,0.0,0.0,0.0,2.1,0.0,0.0,4.1,0.0,0.0,0.0,2.3,0.6,0.0,0.0,0.0,3.1,0.0,0.0,0.8,0.0,1.1,0.0,0.0,0.0,0.76,3.12,0.0,0.0,0.0,4.8,
10-17,4.6,4.8,0.0,0.0,1.1,0.8,0.0,0.0,3.2,2.1,0.0,0.5,0.3,0.7,0.0,0.0,2.0,0.0,0.0,0.0,0.0,2.3,0.1,0.0,4.1,0.0,0.0,0.0,2.3,0.0,0.0,0.0,0.0,3.1,0.0,0.0,0.9,0.0,0.8,0.1,0.0,0.0,0.8,3.12,0.0,0.0,0.0,4.8,
10-18,4.5,4.9,0.0,0.0,1.1,0.8,0.0,0.0,3.7,3.7,0.0,0.7,0.2,0.8,0.0,0.1,2.4,0.0,0.0,0.0,0.0,2.7,1.0,0.0,4.1,0.0,0.0,0.0,2.4,0.0,0.0,0.0,0.0,3.1,0.0,0.0,0.8,0.0,0.2,0.7,0.0,0.0,0.8,3.7,0.0,0.0,0.0,4.9,
10-19,4.5,5.1,0.0,0.0,1.1,1.0,0.0,0.0,4.0,3.7,0.0,1.5,0.2,0.7,0.0,0.1,2.5,0.0,0.0,1.0,0.0,2.3,1.0,0.0,4.2,0.0,0.0,0.0,2.5,0.0,0.0,0.0,0.0,3.1,1.1,0.0,0.4,0.0,0.2,0.9,0.0,0.0,1.06,3.76,0.0,0.0,0.1,5.1,
10-20,4.4,5.4,0.0,0.0,1.1,2.0,0.0,0.0,4.0,3.4,0.0,2.6,0.0,0.7,0.0,0.1,2.6,0.0,0.0,1.1,0.0,2.4,1.0,0.0,4.5,0.0,0.0,0.0,2.5,0.0,0.0,0.0,0.0,3.1,1.3,0.0,0.6,0.2,0.2,0.7,0.0,0.0,1.22,3.52,0.0,0.0,0.1,5.4,
10-21,4.4,5.6,0.0,0.0,1.1,2.2,0.0,0.0,4.0,3.0,0.0,1.7,0.0,0.7,0.0,0.1,2.7,0.0,0.0,0.9,0.0,3.0,1.2,0.1,4.5,0.0,0.0,0.0,2.6,0.0,0.0,0.0,0.6,3.1,1.8,0.0,1.0,0.2,0.2,1.1,0.0,0.0,1.5,3.28,0.0,0.1,0.2,5.6,
10-22,4.4,5.9,0.0,0.0,1.1,2.2,0.0,0.0,4.0,2.8,0.0,1.2,0.0,0.8,0.0,0.2,2.8,0.0,0.0,0.9,0.0,3.0,1.2,0.1,4.5,0.1,0.0,0.0,2.6,0.0,0.2,0.0,0.6,2.9,2.0,0.0,0.9,0.3,0.2,1.2,0.0,0.0,1.2,3.2,0.0,0.2,0.2,5.9,
10-23,4.4,5.9,0.0,0.0,1.1,2.2,0.0,0.0,4.0,2.8,0.3,1.6,0.0,0.8,0.0,0.3,3.4,0.4,0.0,1.2,0.0,2.9,1.1,0.1,4.5,0.2,0.0,0.0,2.6,0.0,0.9,0.0,0.6,3.0,2.0,0.0,0.8,0.3,0.2,1.2,0.0,0.0,1.44,3.52,0.0,0.5,0.4,5.9,
10-24,4.8,6.0,0.1,0.0,1.1,2.2,1.0,0.0,4.0,2.6,0.5,1.6,0.4,0.8,0.0,0.6,3.4,0.9,0.0,1.1,0.0,2.9,1.1,0.3,4.5,0.6,0.1,0.0,2.6,0.0,0.9,0.0,0.5,3.1,2.2,0.0,1.0,1.6,0.0,1.0,0.0,0.18,1.6,3.52,0.0,0.8,0.9,6.0,
10-25,4.8,6.0,0.9,0.0,1.1,2.2,2.1,0.0,4.0,2.4,0.7,2.0,1.2,0.8,0.0,1.0,3.5,1.0,0.0,1.2,0.0,3.0,1.0,0.3,4.5,1.0,0.2,0.3,2.6,0.0,0.9,0.0,0.5,3.1,2.2,0.0,1.1,1.6,0.0,0.6,0.0,0.38,2.06,3.6,0.0,1.0,1.0,6.0,
10-26,4.9,6.0,0.9,0.0,1.1,2.2,2.7,0.0,4.0,2.4,0.9,2.7,1.3,1.2,0.0,1.0,3.5,1.0,0.0,1.6,0.0,3.4,0.9,0.3,4.5,2.6,0.8,0.6,2.6,0.0,0.9,0.0,0.5,3.1,2.3,0.5,0.6,1.8,0.0,0.3,0.0,0.6,2.36,3.6,0.0,1.1,1.0,6.0,
10-27,4.9,6.0,1.1,0.0,1.1,2.2,2.7,0.0,4.0,2.4,0.9,2.8,1.3,1.4,0.0,1.1,3.6,1.3,0.0,1.5,0.0,3.4,0.8,0.1,4.7,3.0,1.3,0.7,2.6,0.0,1.1,0.0,0.5,3.1,2.3,0.5,1.3,2.9,0.0,0.2,0.0,0.74,2.52,3.68,0.0,1.3,1.3,6.0,
10-28,4.7,6.0,1.1,0.0,1.6,2.0,2.9,0.0,4.0,2.4,0.9,3.0,1.3,1.8,0.0,1.2,3.7,1.5,0.0,1.8,0.0,3.4,0.9,0.0,5.0,2.9,1.2,0.7,2.6,0.0,1.4,0.0,0.7,3.0,2.3,0.6,1.5,3.0,0.3,0.2,0.0,0.78,2.52,3.76,0.0,1.4,1.5,6.0,
10-29,4.7,6.0,1.7,0.0,1.6,2.0,3.1,0.4,4.0,2.4,0.9,4.0,1.6,1.9,0.0,1.5,3.6,1.8,0.0,2.1,0.0,3.5,0.9,0.0,5.8,2.4,1.2,0.7,2.6,0.0,1.5,0.0,0.7,2.9,2.4,0.8,1.4,3.0,2.6,0.8,0.0,0.9,2.52,4.0,0.0,1.7,1.7,6.0,
10-30,4.6,6.0,1.8,0.0,1.6,2.0,3.5,0.8,4.1,2.5,0.9,4.1,1.7,1.9,0.0,2.2,3.4,1.9,0.0,2.4,0.5,3.5,0.9,0.0,6.0,2.4,1.3,0.7,3.5,0.0,1.6,0.0,0.7,2.9,3.0,0.8,1.3,3.0,2.6,1.9,0.0,0.9,2.78,4.1,0.0,1.9,1.9,6.0,
10-31,4.6,6.1,1.9,0.0,2.0,2.0,3.7,2.0,4.1,2.8,0.9,4.1,1.7,2.4,0.0,2.4,3.3,2.7,0.0,2.3,1.0,3.5,0.8,0.0,6.1,2.6,1.3,0.7,3.7,0.0,1.6,0.0,1.0,3.2,3.0,0.7,1.4,3.0,2.6,2.3,0.0,1.12,2.92,4.1,0.0,2.2,2.0,6.1,
11-01,4.6,7.8,1.9,0.0,2.1,2.0,3.7,2.9,4.1,2.8,1.4,4.0,1.8,2.4,0.0,2.8,4.1,3.1,0.0,2.5,0.9,3.5,0.6,0.0,6.2,2.6,1.4,0.6,3.9,0.1,1.6,0.0,1.0,3.2,3.2,0.4,1.5,3.0,2.7,2.2,0.0,1.4,3.06,4.1,0.0,2.4,2.4,7.8,
11-02,4.6,8.3,2.4,0.0,2.1,2.6,4.3,3.4,4.1,2.8,2.6,4.1,1.6,2.4,0.0,3.5,3.9,3.2,0.0,2.3,0.9,3.5,0.6,0.0,6.2,2.6,1.6,0.4,4.0,0.1,1.6,0.2,1.0,3.4,3.2,0.2,1.6,3.1,2.8,2.3,0.08,1.6,3.32,4.14,0.0,2.6,2.6,8.3,
11-03,4.6,8.2,2.4,0.0,2.1,3.4,4.3,4.4,4.1,2.8,2.6,4.1,1.6,2.4,0.0,3.4,4.1,3.8,1.2,2.6,0.9,3.7,0.6,0.3,6.2,2.5,1.6,0.4,4.0,1.0,1.6,0.2,1.0,3.6,3.3,0.1,1.9,3.0,2.8,2.3,0.28,1.6,3.52,4.32,0.0,2.6,2.6,8.2,
11-04,4.6,8.1,2.5,0.0,2.3,3.7,4.5,4.5,4.0,3.5,2.5,4.4,1.7,2.4,0.0,3.4,4.1,3.8,2.1,2.6,1.2,3.7,0.5,0.3,6.3,2.5,1.7,0.4,4.3,1.4,1.7,0.1,1.1,3.9,3.3,0.1,2.0,3.7,2.8,2.6,0.26,1.7,3.7,4.5,0.0,2.6,2.5,8.1,
11-05,4.8,8.0,2.6,0.0,2.4,3.7,4.5,4.5,4.0,3.5,2.5,4.4,1.7,2.4,0.0,3.6,4.1,3.8,2.1,2.7,1.2,3.6,0.5,1.4,6.3,2.5,1.9,0.4,4.5,1.4,2.4,0.0,1.6,4.5,3.3,0.1,2.1,3.7,2.7,2.5,0.34,1.98,3.7,4.5,0.0,2.6,2.6,8.0,
11-06,5.5,8.0,3.4,0.0,2.5,4.0,4.5,4.5,4.0,3.6,2.5,5.1,1.8,2.7,0.0,4.7,4.1,3.8,2.3,2.9,1.2,3.6,0.3,1.6,6.3,2.6,2.6,0.4,4.5,1.4,2.7,0.0,1.8,4.5,3.3,0.1,2.2,3.9,2.6,,0.26,2.24,3.96,4.78,0.0,2.8,2.7,8.0,
11-07,5.6,8.9,3.5,0.0,2.8,4.4,5.4,4.5,4.1,3.6,2.5,5.1,1.8,3.0,0.0,4.7,4.3,3.8,2.4,2.9,1.2,3.6,0.0,1.6,6.3,2.6,2.4,0.4,4.5,1.4,3.0,0.0,2.0,4.5,3.3,0.1,2.3,4.0,2.6,,0.08,2.34,4.06,5.16,0.0,3.0,3.0,8.9,
11-08,5.9,10.2,3.5,0.0,3.1,4.4,5.4,4.6,4.2,3.6,2.5,5.1,1.8,3.2,0.0,4.7,4.4,4.0,2.5,3.3,1.2,3.6,0.0,1.9,6.4,2.6,2.3,0.4,4.6,1.5,3.0,0.0,2.2,4.5,3.3,1.2,2.4,3.9,2.6,,0.32,2.34,4.12,5.16,0.0,3.2,3.2,10.2,
11-09,6.9,10.7,3.5,1.5,3.1,4.4,5.4,5.0,4.2,4.3,2.5,5.1,2.0,5.3,0.0,4.6,4.8,5.1,2.5,3.1,1.1,3.6,0.0,1.9,6.4,2.6,2.3,0.4,4.6,1.7,3.0,0.0,2.2,4.4,3.3,1.9,2.4,3.9,2.6,,0.96,2.34,4.4,5.32,0.0,3.2,3.1,10.7,
11-10,7.6,11.0,3.5,1.8,3.1,4.4,5.5,6.2,4.2,4.3,3.2,5.1,2.4,5.5,0.0,4.5,4.7,6.5,2.9,3.1,0.9,3.6,0.0,1.9,6.4,2.8,2.3,0.9,4.6,1.9,3.1,0.0,2.2,4.5,3.3,2.3,2.8,4.2,2.6,,0.9,2.48,4.46,6.24,0.0,3.2,3.2,11.0,
11-11,7.6,11.0,3.5,1.9,3.1,4.3,5.5,6.9,4.5,4.3,3.8,5.1,2.8,5.5,0.0,5.2,4.6,6.7,3.7,3.1,1.0,3.6,0.0,2.3,6.4,2.8,2.3,2.3,4.6,2.1,3.6,0.0,2.2,4.7,3.3,2.3,3.1,4.2,2.8,,1.72,2.8,4.56,6.46,0.0,3.6,3.6,11.0,
11-12,8.0,11.1,3.5,2.7,3.2,4.3,5.5,6.9,5.5,4.6,4.0,5.1,3.6,5.9,0.0,5.4,4.9,6.8,4.2,3.0,1.7,4.3,0.0,2.4,6.5,2.8,2.5,2.6,4.6,2.4,3.8,0.0,2.3,4.8,3.3,2.3,3.1,4.2,3.0,,2.18,2.88,4.72,6.56,0.0,4.1,3.8,11.1,
11-13,8.6,11.1,3.5,2.7,3.2,4.2,5.5,7.0,6.1,6.3,4.0,5.2,3.6,5.9,0.0,5.2,4.9,6.8,4.3,3.0,2.2,4.5,0.0,2.5,6.6,2.8,2.9,2.6,4.6,2.7,3.8,0.0,2.4,4.8,3.3,2.3,3.1,4.3,3.0,,2.28,2.94,4.86,6.64,0.0,4.1,3.8,11.1,
11-14,8.6,11.1,3.5,2.7,3.2,4.1,5.5,7.0,6.2,7.1,4.0,5.3,3.8,5.9,0.0,5.2,5.0,7.1,5.1,3.0,2.8,4.9,0.0,2.5,7.3,3.0,3.9,2.6,4.7,3.3,3.8,0.0,2.5,5.0,3.3,2.6,3.1,4.3,3.0,,2.5,3.04,5.06,7.1,0.0,4.0,3.9,11.1,
11-15,8.7,11.1,4.1,3.9,3.2,4.1,6.2,7.0,6.3,6.8,4.0,5.4,3.8,5.9,0.0,5.2,5.1,7.1,5.6,3.0,3.8,5.6,0.0,2.5,8.0,3.1,3.9,2.6,4.7,4.0,3.8,0.0,2.5,5.1,3.3,3.3,3.2,4.4,3.0,,2.5,3.3,5.32,7.02,0.0,4.0,4.0,11.1,
11-16,8.9,11.1,4.1,4.0,3.2,4.1,6.7,7.0,6.3,6.9,4.0,6.6,3.8,5.9,0.0,5.8,5.2,7.2,5.6,3.1,3.6,5.5,0.0,2.5,8.0,3.7,3.9,2.6,5.5,4.5,3.8,0.0,2.5,5.1,3.3,3.4,3.3,4.4,3.1,,2.5,3.48,5.56,7.04,0.0,4.3,4.1,11.1,
11-17,9.0,11.4,4.2,4.0,3.2,4.1,7.0,7.0,6.3,7.3,3.9,7.2,4.0,5.9,0.0,5.8,5.4,7.4,5.9,3.3,3.7,5.5,0.0,2.6,8.1,4.1,3.7,2.7,7.0,4.5,4.5,0.0,2.7,5.1,3.3,3.4,3.2,4.4,3.6,,2.68,3.64,5.86,7.32,0.0,4.5,4.2,11.4,
11-18,10.0,11.6,4.3,4.8,3.1,4.1,7.5,7.1,6.3,7.9,3.8,7.9,4.0,5.9,0.1,5.9,5.8,7.4,7.0,3.4,3.7,5.5,0.0,2.6,8.1,4.2,3.6,2.7,7.0,4.5,4.8,1.3,5.9,5.2,3.3,3.4,3.1,4.5,3.6,,2.68,3.64,5.9,7.9,0.0,5.0,4.5,11.6,
11-19,10.7,12.8,4.3,4.9,3.1,4.1,8.9,7.1,6.6,8.3,3.8,8.3,4.1,5.9,0.2,6.1,6.3,7.4,7.0,3.4,4.0,5.4,0.0,2.6,8.1,4.2,3.7,2.9,7.0,4.5,5.0,1.3,5.9,5.2,3.3,3.4,3.3,4.5,4.0,,2.84,3.88,6.22,8.3,0.0,5.1,4.5,12.8,
11-20,10.7,13.3,4.3,4.9,3.0,4.1,9.0,7.5,6.6,8.6,3.8,8.3,4.4,5.9,0.2,6.1,6.4,7.5,7.0,3.4,3.8,5.5,0.0,2.8,8.1,4.2,4.2,2.9,7.3,4.5,5.1,1.4,5.9,5.2,3.3,3.4,3.5,4.6,4.4,,2.88,3.92,6.28,8.36,0.0,5.2,4.6,13.3,
11-21,11.1,13.3,4.4,4.9,3.0,4.7,9.1,7.8,6.6,8.8,4.0,8.3,5.0,5.9,0.2,6.1,6.4,7.5,7.0,3.8,3.9,5.8,0.0,3.0,8.1,4.5,4.2,2.9,7.6,4.6,5.1,1.4,6.0,5.2,3.5,3.5,3.6,4.8,4.4,,2.98,4.08,6.28,8.4,0.0,5.2,4.9,13.3,
11-22,11.6,14.2,4.6,4.9,2.9,4.7,9.5,7.9,6.9,9.4,4.1,8.6,5.1,5.9,0.6,6.3,6.5,7.5,7.0,4.2,4.0,5.9,0.0,3.1,8.4,5.7,4.4,2.9,8.2,4.6,5.1,2.1,6.2,5.2,4.2,3.6,3.6,4.9,4.4,,2.9,4.28,6.42,8.76,0.0,5.4,5.1,14.2,
11-23,11.7,14.2,4.6,4.9,2.8,4.7,9.6,8.2,8.6,9.5,4.1,10.5,5.1,5.9,0.6,6.3,7.4,7.5,7.0,4.2,4.1,5.9,0.0,3.5,8.4,6.2,4.4,2.9,8.9,5.1,5.1,2.3,6.3,5.9,4.2,3.9,3.8,5.0,4.4,,2.88,4.28,6.72,9.52,0.0,5.9,5.1,14.2,
11-24,13.0,14.2,4.7,4.9,2.8,4.7,9.6,8.2,9.8,9.6,4.1,10.6,5.1,5.9,0.6,6.2,7.7,7.5,7.2,4.3,4.1,5.9,0.0,3.7,8.4,6.6,4.3,2.9,9.1,5.6,5.1,2.5,6.3,6.2,4.2,4.4,4.0,5.0,4.5,,2.88,4.34,6.96,9.64,0.0,5.9,5.1,14.2,
11-25,14.4,14.3,4.8,5.5,3.4,4.6,9.8,8.4,10.0,9.7,4.2,10.6,5.2,5.9,0.6,6.2,8.2,7.7,7.4,4.7,4.4,6.4,0.0,4.3,8.4,7.0,4.3,2.9,9.2,5.9,5.1,2.8,6.3,7.5,4.2,4.5,4.2,5.0,5.2,,3.3,4.54,7.46,9.84,0.0,6.0,5.5,14.4,
11-26,16.3,14.3,5.3,5.7,4.0,4.6,9.9,8.4,10.0,9.8,4.4,10.6,5.3,5.9,0.7,6.2,9.1,7.7,7.6,4.8,5.5,6.8,0.0,4.6,8.5,7.2,4.3,2.9,9.2,6.3,5.1,2.8,6.3,7.5,4.6,4.5,4.3,5.1,5.2,,3.78,4.68,7.56,9.92,0.0,6.2,5.7,16.3,
11-27,16.3,14.3,5.4,6.0,6.1,5.3,10.1,8.4,10.1,10.4,5.2,10.8,6.9,6.2,0.7,6.2,9.0,7.7,8.4,5.0,6.7,6.8,0.0,4.8,8.5,7.2,4.3,2.9,9.2,6.3,5.2,3.0,6.3,7.5,4.6,4.5,4.5,5.2,5.2,,4.04,5.2,7.62,10.16,0.0,6.5,6.2,16.3,
11-28,16.6,14.3,5.5,6.1,6.4,5.5,10.2,8.4,10.2,10.6,5.2,10.8,7.2,6.2,0.7,6.2,8.8,7.7,8.4,6.5,6.7,7.5,0.1,5.0,8.5,7.4,4.3,2.9,9.3,6.3,5.6,4.4,6.3,7.5,4.9,4.5,4.4,5.2,5.2,,4.38,5.32,7.62,10.28,0.1,6.6,6.3,16.6,
11-29,17.6,14.4,5.5,6.3,6.5,5.6,10.3,8.4,10.4,10.8,5.7,10.8,7.2,6.7,0.7,6.2,8.9,7.9,8.4,7.5,6.5,8.7,0.1,5.0,8.5,7.9,4.3,3.1,9.3,6.3,5.6,5.0,6.3,8.1,5.0,4.5,4.5,6.0,5.2,,4.46,5.6,8.28,10.48,0.1,7.0,6.5,17.6,
11-30,19.8,14.8,5.5,6.5,6.5,5.6,10.6,8.4,10.4,11.0,5.8,11.0,7.2,6.7,0.7,6.2,9.1,7.9,8.4,7.5,7.2,8.6,0.4,5.8,8.5,8.1,4.4,3.1,9.3,6.3,5.7,5.0,6.3,8.4,5.9,4.5,4.5,6.6,5.3,,4.48,5.8,8.4,10.68,0.4,7.2,6.6,19.8,
12-01,20.3,15.1,5.5,6.5,6.5,5.6,10.8,8.4,10.7,11.0,5.9,11.0,7.2,6.7,0.7,6.2,9.7,7.9,8.4,7.6,7.4,8.8,1.7,6.8,8.5,8.2,4.4,3.1,9.3,6.5,5.9,5.0,6.3,8.9,5.9,4.5,4.5,6.8,5.6,,4.48,5.9,8.4,10.84,0.7,7.3,6.8,20.3,
12-02,20.6,15.1,5.5,6.5,6.5,5.6,10.8,8.4,10.7,10.9,5.9,11.1,7.4,6.7,0.7,6.2,10.1,7.9,8.4,7.6,8.0,9.0,4.9,6.9,8.5,8.5,4.4,3.1,9.4,6.6,5.9,5.1,6.3,9.0,6.2,4.5,4.5,6.8,6.0,,4.5,6.08,8.46,10.82,0.7,7.5,6.8,20.6,
12-03,21.5,15.1,5.6,6.5,6.5,5.8,11.0,8.4,11.0,10.9,5.9,11.2,7.5,6.7,0.8,6.3,11.0,7.9,8.4,7.8,9.5,9.0,5.2,6.9,8.5,8.5,4.7,3.2,9.4,6.6,5.9,5.3,6.3,9.1,6.2,4.5,4.5,8.0,6.6,,4.66,6.24,8.5,11.0,0.8,7.6,6.9,21.5,
12-04,22.1,15.1,5.6,6.5,6.5,5.8,11.0,8.4,11.1,10.9,5.9,11.3,7.5,6.8,0.9,6.3,11.0,7.9,8.4,7.9,10.1,9.1,5.2,7.0,8.6,8.5,5.1,3.4,10.9,6.7,6.0,5.3,6.6,9.3,6.2,4.5,4.5,8.3,7.2,,4.98,6.24,8.56,11.02,0.9,7.7,7.2,22.1,
12-05,22.1,15.1,5.7,6.7,6.5,5.8,11.0,8.4,11.1,10.9,6.1,11.2,7.5,6.8,0.9,6.4,11.4,7.9,8.5,8.1,10.0,9.3,5.3,7.1,8.9,8.5,5.4,3.4,11.8,6.7,6.1,5.4,6.6,9.3,6.4,4.6,4.4,8.4,7.2,,5.16,6.4,8.74,11.24,0.9,7.7,7.2,22.1,
12-06,22.1,15.4,6.0,6.9,6.5,5.8,11.0,8.7,11.1,11.4,6.3,12.4,7.5,7.1,0.9,6.5,11.7,7.9,8.5,8.4,9.8,9.4,5.7,7.1,9.0,8.5,5.5,3.5,11.9,6.7,6.5,5.4,6.6,9.4,7.3,4.6,4.4,8.8,7.2,,5.24,6.5,8.92,11.74,0.9,7.7,7.3,22.1,
12-07,22.1,15.8,6.1,7.1,6.5,5.9,10.9,8.7,11.5,12.3,6.3,13.4,7.5,7.0,0.9,6.5,11.8,7.9,8.7,8.5,9.9,9.5,6.5,7.1,9.6,8.5,5.7,3.6,12.0,6.7,6.6,6.0,6.6,9.7,7.3,4.6,4.5,9.7,7.2,,5.48,6.54,9.56,12.06,0.9,7.7,7.3,22.1,
12-08,22.3,15.8,6.9,7.1,7.0,5.9,10.8,8.7,11.5,13.2,6.7,13.4,8.0,7.0,1.1,6.5,11.9,8.0,9.3,8.6,9.6,9.5,9.2,7.1,11.5,8.5,5.7,3.6,12.9,6.6,6.6,6.1,6.7,9.7,7.3,4.6,4.5,10.1,7.2,,5.48,6.78,9.56,12.96,1.1,8.2,8.0,22.3,
12-09,22.8,16.1,7.0,7.1,7.0,6.0,10.7,8.8,11.5,13.2,6.9,13.4,8.7,7.3,1.1,7.1,11.9,8.2,10.2,8.9,9.7,9.6,9.6,7.4,12.7,8.6,5.7,4.3,13.3,6.6,6.6,6.5,6.7,9.7,8.4,4.6,5.5,10.3,8.3,,5.66,7.0,9.7,13.22,1.1,8.6,8.4,22.8,
12-10,23.1,16.1,7.1,7.2,7.0,6.0,10.7,9.1,11.5,13.3,6.9,13.5,8.9,7.3,1.1,7.2,11.9,8.3,10.2,9.5,9.7,9.7,9.7,7.4,12.7,8.7,5.8,4.6,13.3,6.6,6.6,6.8,6.7,9.7,8.4,4.6,7.6,10.4,8.3,,5.96,7.14,9.7,13.3,1.1,8.8,8.4,23.1,
12-11,23.3,16.1,7.2,7.2,7.5,6.1,10.8,9.1,11.5,13.4,6.9,14.7,8.9,7.3,1.1,8.7,12.1,8.6,10.2,9.4,9.8,9.9,10.2,7.4,12.8,9.2,6.0,4.9,13.3,6.7,6.6,7.1,6.7,9.7,8.4,4.8,8.2,10.4,8.3,,6.08,7.24,10.08,13.32,1.1,9.0,8.7,23.3,
12-12,23.5,16.1,7.4,7.2,7.6,6.1,11.3,9.1,11.6,13.4,7.1,15.7,8.9,7.4,1.1,8.9,12.1,8.9,10.1,9.4,9.9,10.3,10.5,7.4,13.0,9.2,6.1,5.0,13.2,6.8,6.6,7.9,6.7,9.7,8.6,5.3,8.3,10.4,8.3,,6.1,7.4,10.22,13.24,1.1,9.0,8.9,23.5,
12-13,23.6,16.1,7.5,7.2,7.6,6.9,11.4,9.4,12.2,13.7,7.2,15.9,9.0,7.4,1.1,9.5,12.1,9.3,10.0,9.4,10.2,10.4,10.5,8.2,13.8,9.2,6.3,5.0,13.2,6.8,6.9,7.9,6.8,10.2,9.2,5.9,8.3,10.5,8.3,,6.7,7.54,10.32,13.72,1.1,9.4,9.2,23.6,
12-14,23.8,16.0,7.5,7.2,7.7,7.6,11.5,9.4,12.2,14.2,8.6,15.9,9.1,7.4,1.4,9.8,12.1,9.3,10.6,9.3,11.0,10.5,10.5,10.0,15.7,9.2,6.7,5.0,13.2,7.1,6.9,7.9,6.9,10.2,9.9,6.2,8.4,10.8,8.5,,6.86,7.78,10.56,14.5,1.4,9.6,9.3,23.8,
12-15,23.8,15.9,7.6,7.6,7.9,7.8,11.5,9.4,12.3,14.4,8.6,15.9,9.1,7.4,1.6,10.3,12.2,9.3,10.9,9.3,10.9,10.5,10.5,10.5,15.7,9.3,6.9,5.4,13.2,7.3,7.4,8.2,6.9,10.2,11.0,6.4,8.5,10.9,8.5,,6.9,8.02,10.9,14.66,1.6,9.8,9.3,23.8,
12-16,24.0,15.8,7.6,7.9,8.0,7.9,11.5,9.5,12.4,14.5,8.6,16.1,9.1,7.4,2.0,11.3,12.3,9.3,11.5,9.3,11.0,10.5,10.5,11.1,15.8,9.9,6.9,5.8,13.2,7.3,7.6,8.9,7.0,10.2,11.0,6.4,9.0,11.0,8.5,,6.98,8.2,11.06,14.76,2.0,10.0,9.5,24.0,
12-17,24.1,15.7,7.7,7.9,8.2,8.1,11.5,9.5,12.7,14.6,8.6,16.6,9.1,7.5,2.2,11.3,12.4,9.7,11.5,9.3,11.1,10.4,10.5,12.0,15.8,9.9,6.9,6.1,13.2,7.5,7.7,12.7,7.0,10.2,11.0,6.4,9.0,10.9,8.5,,6.98,8.32,11.42,14.82,2.2,10.3,9.9,24.1,
12-18,24.1,15.6,7.9,7.9,8.7,8.3,11.5,10.0,12.7,14.6,8.6,16.6,9.2,7.4,2.3,11.3,12.4,10.9,11.5,9.5,11.4,10.9,10.6,12.6,15.8,10.2,6.9,6.5,13.2,7.6,7.7,13.1,7.0,10.2,11.0,6.9,9.0,10.9,8.5,,6.98,8.54,11.46,14.8,2.3,10.8,10.2,24.1,
12-19,24.1,15.6,8.2,8.0,8.7,8.5,11.9,11.0,12.8,14.6,8.5,16.7,9.2,7.5,2.7,11.1,12.4,11.1,11.5,9.5,11.8,11.3,10.7,14.1,15.8,11.1,7.1,7.5,13.3,7.8,7.8,13.1,7.0,10.2,11.0,7.1,9.0,10.9,8.5,,7.42,8.5,11.68,14.8,2.7,11.0,10.9,24.1,
12-20,24.1,15.6,8.4,8.4,8.7,9.1,12.2,11.0,12.8,14.4,8.5,16.9,9.2,7.5,2.8,11.7,12.6,11.1,11.5,9.7,12.5,11.9,10.7,14.3,15.8,13.7,7.1,8.1,13.4,7.8,7.9,13.1,7.0,10.5,11.0,7.1,9.0,10.9,8.5,,7.42,8.58,12.38,14.64,2.8,11.0,10.9,24.1,
12-21,24.1,15.6,8.4,8.6,8.7,9.9,12.2,11.0,12.9,14.4,8.5,17.4,9.2,7.5,2.9,11.7,12.6,11.3,11.6,9.8,12.6,11.9,10.9,14.6,15.9,17.6,7.1,8.1,14.1,8.0,8.8,13.1,7.0,10.6,11.0,7.2,9.2,11.2,8.6,,7.44,8.74,12.44,15.66,2.9,11.2,11.0,24.1,
12-22,24.1,15.6,8.7,9.8,9.0,10.0,12.2,11.0,13.0,14.5,8.5,18.1,9.2,7.5,3.0,11.7,12.8,11.3,12.1,9.8,12.7,11.8,11.4,14.6,15.9,19.1,7.1,8.1,14.1,9.4,9.5,13.1,7.4,10.7,11.0,7.2,9.1,11.4,8.6,,7.48,9.28,12.5,15.66,3.0,11.4,11.0,24.1,
12-23,24.0,15.6,9.3,10.1,9.1,10.0,12.2,11.0,13.2,14.5,8.5,19.7,9.2,7.7,3.3,11.7,12.8,11.3,12.0,10.0,12.7,11.8,11.5,16.4,16.1,19.3,7.1,8.1,14.3,10.5,10.7,14.1,7.5,10.9,11.0,7.4,9.3,11.6,8.7,,7.66,9.58,12.5,16.16,3.3,11.4,11.0,24.0,
12-24,24.0,15.6,10.2,10.6,9.1,10.0,12.2,11.0,13.2,14.5,8.5,19.9,9.2,7.7,3.4,11.7,12.8,11.3,12.1,10.0,13.0,11.8,11.7,17.1,16.2,19.8,7.2,8.3,14.4,10.6,11.1,14.5,8.0,11.0,11.1,7.6,11.7,11.7,9.0,,7.94,10.08,12.56,16.38,3.4,11.5,11.3,24.0,
12-25,23.8,15.5,10.3,11.1,9.1,10.0,12.2,11.0,13.2,14.5,8.5,19.9,9.4,7.9,3.4,11.7,12.8,11.3,12.0,10.5,13.0,11.8,12.0,17.2,16.2,19.9,7.2,8.8,14.5,10.7,11.5,14.9,8.2,11.5,11.3,7.6,14.7,11.8,9.1,,8.14,10.38,12.92,16.4,3.4,11.6,11.5,23.8,
12-26,23.8,15.4,10.3,12.9,9.1,10.1,12.2,11.1,13.2,14.5,8.5,20.2,9.4,8.1,3.4,11.7,12.9,11.3,12.3,10.9,13.2,12.0,12.0,19.1,16.4,20.0,7.3,8.8,14.5,11.4,12.6,15.2,8.8,11.7,11.6,7.6,15.0,11.9,9.1,,8.42,10.54,13.08,16.94,3.4,11.8,11.9,23.8,
12-27,23.8,15.4,10.5,13.2,9.1,10.1,12.2,11.1,13.4,14.5,8.5,20.7,9.4,8.2,3.4,11.7,13.0,11.5,13.1,11.1,13.5,12.1,12.2,19.9,16.4,20.3,7.3,9.5,14.5,11.5,12.6,15.3,8.8,11.8,11.8,7.8,16.2,11.9,9.1,,8.44,10.74,13.32,17.1,3.4,12.0,11.9,23.8,
12-28,23.8,15.4,10.7,13.2,9.1,10.2,12.2,11.2,13.5,14.5,8.5,21.6,9.8,8.2,3.4,11.7,13.0,11.6,13.6,11.2,13.7,12.5,12.3,19.9,16.4,20.4,7.3,9.8,14.5,11.5,12.6,15.3,8.8,11.8,12.2,7.8,17.9,12.5,9.1,,8.44,10.9,13.56,18.3,3.4,12.2,12.2,23.8,
12-29,23.8,15.3,10.7,13.2,9.1,10.6,12.2,12.7,13.5,14.5,8.5,21.8,10.0,8.2,3.4,11.7,13.1,11.7,13.6,11.2,14.2,12.6,12.4,19.9,16.6,20.4,7.4,9.9,14.5,11.7,12.6,15.3,8.8,11.8,12.2,9.1,19.5,13.3,9.1,,8.74,10.9,13.56,19.58,3.4,12.3,12.4,23.8,
12-30,23.8,15.2,10.9,13.2,9.3,11.7,12.3,13.2,13.5,14.5,8.5,21.8,10.1,8.2,3.4,11.7,13.2,11.8,14.0,13.4,14.6,12.6,12.8,19.9,16.7,21.7,7.5,9.9,14.5,11.9,12.7,15.3,8.8,11.9,12.2,9.1,19.9,13.3,9.1,,8.74,11.7,13.8,19.9,3.4,12.6,12.7,23.8,
12-31,24.3,15.1,11.6,13.2,9.4,11.7,12.3,14.4,13.5,14.6,9.0,21.9,10.1,8.2,3.4,11.7,13.3,11.8,14.8,13.9,15.0,12.6,13.5,19.9,17.0,22.3,7.5,10.1,14.5,12.0,12.9,15.3,8.8,11.9,12.2,9.1,21.6,13.8,9.2,,8.96,11.7,14.46,20.24,3.4,12.8,12.9,24.3,
01-01,24.3,15.1,11.7,13.2,9.4,11.7,12.4,14.4,13.5,14.6,9.9,21.9,10.1,8.5,3.5,11.7,13.3,12.7,14.9,14.4,15.6,12.6,13.5,19.9,17.0,22.3,7.5,10.2,14.7,12.0,12.9,15.3,8.8,12.4,12.4,9.1,23.1,15.2,9.2,,9.04,11.7,14.66,20.3,3.5,12.8,12.9,24.3,
01-02,24.3,15.3,11.7,13.2,9.4,11.8,12.5,14.5,13.5,14.6,10.2,21.9,10.2,8.6,4.0,11.7,13.3,12.8,15.3,14.6,16.2,12.6,13.6,19.9,17.1,22.3,7.5,10.2,15.0,12.2,12.9,15.6,8.8,12.4,12.9,9.2,23.5,16.8,9.2,,9.12,11.74,14.84,20.3,4.0,12.9,12.9,24.3,
01-03,24.3,15.7,11.7,13.2,9.7,11.8,12.4,15.1,13.5,14.7,10.4,22.0,10.4,8.6,4.5,11.7,13.3,12.9,17.3,14.5,16.5,12.7,13.7,20.0,17.4,22.6,7.5,10.2,15.0,12.2,12.9,16.6,8.8,12.4,12.9,9.2,23.5,17.0,9.2,,9.12,11.74,15.06,20.4,4.5,12.9,12.9,24.3,
01-04,24.3,15.7,11.8,13.2,9.7,11.8,12.4,15.2,13.8,14.7,11.2,23.7,11.2,8.9,4.5,11.9,13.4,13.0,18.8,14.7,16.9,13.0,13.8,20.7,17.5,22.7,7.5,10.3,15.1,12.5,12.9,17.2,8.8,12.4,13.0,9.2,23.6,17.2,9.2,,9.14,11.84,15.16,21.1,4.5,13.0,13.0,24.3,
01-05,24.3,15.8,12.3,13.7,9.9,13.0,12.8,15.2,13.9,15.1,11.7,23.7,11.3,9.1,5.0,11.9,13.4,13.0,18.7,15.5,17.1,13.1,14.2,20.7,17.5,22.7,7.5,10.3,15.5,12.6,12.9,18.9,8.8,12.5,13.1,9.3,23.6,17.2,9.3,,9.26,12.38,15.5,21.1,5.0,13.1,13.1,24.3,
01-06,24.5,16.6,13.3,14.0,9.9,13.2,12.9,15.2,14.3,15.7,11.7,23.7,11.5,9.2,4.9,11.9,13.6,13.1,18.7,15.7,17.0,13.4,17.9,20.9,17.7,22.7,7.5,10.3,15.7,12.6,13.0,20.3,8.9,12.6,13.2,9.5,24.0,17.4,9.3,,9.28,12.6,16.24,21.26,4.9,13.3,13.4,24.5,
01-07,24.8,16.6,13.8,15.1,9.9,13.2,13.1,16.0,14.4,16.0,11.8,23.7,11.5,9.3,4.9,11.9,13.7,13.1,19.0,16.0,17.1,13.7,19.8,21.2,17.9,22.7,7.6,10.3,15.8,12.6,13.1,20.3,9.5,13.8,13.2,9.5,24.3,18.2,9.6,,9.5,12.8,16.36,21.5,4.9,13.7,13.8,24.8,
01-08,24.8,16.8,14.0,15.3,9.9,13.3,13.5,17.0,14.4,16.8,11.9,23.8,11.5,9.3,5.1,11.9,13.8,13.1,19.1,16.4,17.1,13.7,20.4,21.4,17.9,22.7,8.3,10.3,15.9,12.6,13.3,20.5,9.6,14.3,13.2,9.7,24.3,18.2,9.8,,9.68,12.8,16.92,21.66,5.1,13.8,14.0,24.8,
01-09,25.0,16.8,14.3,15.4,10.2,13.5,13.5,17.8,14.4,17.0,11.9,23.9,11.7,9.3,5.2,11.9,13.9,13.1,19.1,18.7,17.3,13.7,20.9,21.5,17.9,22.8,8.3,10.3,16.1,12.6,13.3,21.8,9.8,14.4,13.3,9.7,24.6,18.2,9.8,,9.78,12.8,17.6,22.0,5.2,13.8,14.3,25.0,
01-10,25.0,16.8,14.5,15.5,10.2,13.5,13.6,18.0,14.4,17.0,12.0,24.4,11.7,9.3,5.4,12.0,14.2,13.2,19.1,20.6,17.2,13.8,21.3,21.8,18.0,23.5,8.3,10.3,16.9,12.6,13.4,25.6,10.1,14.4,13.3,9.7,24.6,18.4,10.2,,10.02,12.84,17.68,23.68,5.4,14.0,14.4,25.6,
01-11,25.0,16.8,14.5,15.7,10.2,13.6,13.6,18.3,14.3,17.0,12.3,24.9,12.2,9.3,5.8,12.0,14.1,13.6,19.1,23.2,17.2,13.9,21.4,21.8,18.0,23.5,8.3,10.5,17.2,12.6,13.4,26.6,11.0,14.5,13.3,9.7,24.7,20.0,10.7,,10.1,12.88,17.68,23.74,5.8,14.0,14.3,26.6,
01-12,25.0,16.8,15.1,16.0,10.3,13.6,13.5,19.1,14.3,18.0,12.3,25.9,12.4,9.5,5.8,12.1,14.1,13.8,19.1,25.8,17.3,13.8,21.8,22.0,18.0,23.5,8.4,11.1,17.4,12.7,13.4,28.0,11.0,14.6,13.5,9.7,24.7,20.6,11.3,,10.18,12.98,18.0,24.76,5.8,14.0,14.3,28.0,
01-13,25.0,16.8,15.2,16.0,10.3,13.7,13.6,19.2,14.6,18.1,12.4,27.1,12.8,9.5,5.8,12.2,14.3,13.8,19.1,25.8,17.5,14.7,21.9,22.3,18.1,23.5,8.5,11.1,17.7,13.1,13.4,29.3,11.2,14.6,13.8,9.7,24.8,20.6,11.8,,10.18,13.22,18.1,24.84,5.8,14.4,14.6,29.3,
01-14,25.0,16.8,15.2,16.0,11.0,13.9,13.7,19.8,14.6,18.3,12.4,27.6,13.4,9.5,5.8,12.4,14.3,13.8,19.1,25.8,17.6,14.7,22.0,22.3,18.1,23.6,8.5,11.3,17.8,13.2,13.5,29.8,11.2,14.6,14.7,9.7,24.8,20.7,12.3,,10.74,13.44,18.22,24.84,5.8,14.6,14.7,29.8,
01-15,25.0,16.8,15.3,16.1,11.1,14.2,13.9,20.3,14.6,18.4,12.4,27.7,13.4,9.5,5.8,12.4,14.3,13.8,19.2,25.8,17.6,14.7,22.1,22.3,18.1,23.6,8.6,11.3,18.0,13.3,13.6,30.0,11.2,14.6,14.7,9.8,24.8,20.9,13.1,,10.84,13.48,18.28,24.84,5.8,14.6,14.7,30.0,
01-16,25.1,17.3,15.8,16.1,11.4,14.5,13.9,20.4,14.7,18.5,12.5,27.7,13.8,9.5,5.9,12.5,14.3,13.8,19.2,25.8,18.4,14.7,22.2,22.3,18.1,23.6,8.7,11.3,18.0,13.3,13.8,30.1,11.2,14.8,14.7,9.9,24.8,21.7,13.4,,10.94,13.8,18.46,24.86,5.9,14.7,14.7,30.1,
01-17,25.1,17.3,16.0,16.1,11.5,14.5,13.9,21.1,14.7,18.9,13.1,27.7,14.1,9.9,6.1,12.5,14.7,13.8,19.2,26.0,18.3,14.7,22.2,22.3,18.1,23.7,10.0,11.3,18.0,13.3,14.2,30.1,11.2,16.0,14.9,9.9,24.8,22.5,13.5,,10.96,13.84,18.66,24.86,6.1,14.7,14.9,30.1,
01-18,25.1,17.3,16.6,16.1,11.5,14.5,13.9,21.7,14.7,18.9,14.0,27.8,14.7,10.3,6.2,12.5,14.7,13.8,19.2,25.8,18.6,14.8,22.3,22.3,18.2,24.1,10.1,11.3,18.0,13.3,14.5,30.1,11.2,17.0,15.6,9.9,24.8,23.4,14.2,,11.02,14.08,18.78,24.86,6.2,14.8,15.6,30.1,
01-19,25.1,17.5,16.8,16.1,11.7,14.5,13.9,21.7,14.7,19.1,14.1,27.9,14.7,11.2,7.2,12.5,15.2,13.9,19.2,26.0,19.1,14.8,22.5,22.3,18.3,24.1,10.2,11.3,18.0,13.3,14.7,30.2,11.2,17.7,15.6,9.9,24.8,23.5,14.4,,11.2,14.22,19.1,24.86,7.2,15.0,15.6,30.2,
01-20,25.3,17.6,16.8,16.1,11.8,14.6,13.9,22.2,14.7,19.1,14.7,28.0,15.6,12.3,7.4,12.5,15.4,13.9,19.3,26.0,19.7,14.9,22.5,22.2,18.8,24.6,10.3,11.3,18.0,13.6,14.8,30.5,11.2,17.8,15.7,10.0,24.8,23.6,14.5,,11.28,14.54,19.22,24.9,7.4,15.5,15.7,30.5,
01-21,25.5,17.6,17.0,16.1,11.9,14.7,13.9,22.2,14.7,19.1,14.7,28.2,15.6,13.2,7.4,12.5,15.4,13.9,19.5,26.0,19.6,14.9,22.6,22.2,19.2,24.6,10.6,11.3,18.0,13.6,15.1,31.0,11.9,17.9,15.9,10.2,24.9,23.6,14.7,,11.78,14.7,19.38,25.02,7.4,15.5,15.9,31.0,
01-22,25.5,17.8,17.1,16.1,11.9,14.7,13.9,22.4,14.7,19.1,14.9,29.2,15.7,14.5,8.4,12.6,15.5,14.0,19.5,26.0,19.6,14.9,23.1,22.3,20.0,24.7,12.7,11.3,18.0,13.6,15.2,31.1,12.1,18.5,16.3,10.3,24.9,23.7,14.7,,12.06,14.7,19.56,25.02,8.4,15.6,16.1,31.1,
01-23,25.5,17.8,17.1,16.3,11.9,14.7,13.9,22.9,14.7,19.1,15.9,29.3,15.9,14.5,8.7,12.6,16.4,14.0,19.5,26.0,19.5,14.9,23.1,22.6,20.7,25.1,13.5,11.3,18.0,13.6,15.2,31.7,12.2,18.5,16.4,10.6,24.9,23.7,14.7,,12.14,14.7,19.5,25.18,8.7,16.2,16.4,31.7,
01-24,25.5,18.0,17.1,16.3,12.1,14.7,13.9,22.9,14.7,19.1,16.1,30.3,16.0,14.7,8.7,12.6,16.4,14.1,19.6,26.0,19.7,15.0,23.1,23.7,21.4,25.1,13.7,11.4,18.0,13.6,15.2,33.2,12.2,18.8,16.7,11.4,24.9,23.7,14.7,,12.18,14.7,19.66,25.18,8.7,16.2,16.4,33.2,
01-25,25.5,18.3,17.3,17.3,12.4,14.8,13.9,22.9,14.7,19.4,16.6,30.3,16.2,15.8,9.2,12.7,16.5,14.2,19.6,26.0,19.7,15.1,23.8,25.5,21.7,25.1,13.9,11.5,18.0,13.6,15.6,33.3,12.2,19.2,16.7,11.7,25.0,23.8,14.7,,12.36,14.74,19.66,25.5,9.2,16.6,16.7,33.3,
01-26,25.5,18.6,17.5,17.3,12.4,14.8,13.9,23.1,15.0,19.6,17.5,31.8,16.3,15.9,10.0,13.5,16.6,14.2,20.2,26.0,19.9,15.1,24.2,27.0,21.7,25.1,13.9,11.6,18.0,13.6,15.6,33.5,12.2,19.2,16.7,11.9,25.1,23.8,14.7,,12.36,14.88,20.08,25.6,10.0,16.6,17.3,33.5,
01-27,25.5,18.6,17.5,17.3,12.4,14.8,13.8,23.1,15.0,19.8,17.6,32.7,16.3,16.6,10.5,13.5,16.6,14.2,20.3,26.1,20.3,15.1,24.2,27.8,22.0,25.1,14.4,12.5,18.0,13.6,15.6,33.5,12.6,19.3,16.8,12.0,25.1,24.0,14.7,,12.58,14.88,20.3,25.62,10.5,16.7,17.3,33.5,
01-28,25.5,18.6,17.5,17.3,12.6,14.9,13.8,23.1,15.0,19.9,18.0,32.9,16.3,16.6,10.5,13.9,16.6,14.2,20.5,26.1,20.4,15.1,26.1,28.1,22.7,25.2,14.6,13.1,18.2,13.7,15.6,33.5,12.6,19.4,16.9,12.1,25.1,24.4,14.7,,13.0,14.94,20.46,26.1,10.5,16.8,17.3,33.5,
01-29,25.5,20.5,17.6,17.3,12.6,15.1,13.8,23.1,15.0,19.9,19.0,33.1,16.3,16.6,10.5,14.1,16.6,14.2,20.5,26.1,20.7,15.1,28.4,28.4,22.8,25.2,14.6,14.0,18.2,13.7,15.7,33.6,12.6,19.4,16.9,12.3,25.1,24.6,14.7,,13.48,15.04,20.62,26.56,10.5,16.8,17.3,33.6,
01-30,25.5,20.5,18.3,17.3,12.9,15.2,13.8,23.0,15.1,19.9,19.1,33.1,16.3,16.7,10.5,14.2,17.0,14.2,20.6,26.1,21.3,15.2,28.7,28.5,22.8,25.2,14.6,14.1,18.5,13.7,15.9,33.6,12.6,19.4,16.9,12.6,25.2,24.9,14.7,,13.54,15.14,21.02,26.58,10.5,17.0,17.3,33.6,
01-31,25.6,20.6,19.1,17.3,13.1,15.2,13.8,23.0,15.1,20.0,20.1,33.2,16.4,16.8,10.5,14.3,17.0,14.3,20.7,26.2,21.5,15.4,29.3,28.5,22.8,25.3,14.6,14.5,21.3,14.2,16.8,33.6,12.6,19.4,17.0,12.6,25.2,25.7,14.7,,13.66,15.14,21.42,26.66,10.5,17.0,17.3,33.6,
02-01,25.7,20.6,20.0,17.5,13.7,15.2,13.8,23.2,15.1,20.2,22.0,33.3,16.5,16.9,10.7,14.4,17.0,14.4,21.1,26.5,21.5,15.8,29.6,28.5,22.8,25.7,14.6,14.7,22.5,14.3,18.5,33.6,12.6,19.4,17.1,12.7,25.4,25.7,14.7,,13.78,15.14,22.3,26.9,10.7,17.8,18.5,33.6,
02-02,25.7,20.6,20.3,18.3,14.1,15.3,13.8,23.7,15.1,20.2,22.3,33.3,16.5,17.2,10.7,14.5,17.2,14.4,21.2,26.3,21.9,15.9,30.1,28.5,22.9,25.7,14.6,14.7,22.6,14.3,19.3,33.6,12.6,19.4,17.2,12.8,25.4,25.8,14.9,,14.04,15.18,22.48,26.74,10.7,18.2,19.3,33.6,
02-03,25.8,20.6,20.8,18.5,14.1,15.3,13.8,23.7,15.1,20.2,22.5,34.0,16.7,17.2,10.7,14.6,17.2,15.0,21.3,26.3,22.3,16.2,30.6,28.6,22.9,25.7,14.7,14.7,22.7,14.5,19.3,33.6,12.6,19.4,17.4,12.9,25.4,25.8,15.3,,14.04,15.3,22.62,26.76,10.7,18.4,19.3,34.0,
02-04,26.2,20.8,21.0,21.3,14.2,15.3,13.8,23.7,15.2,20.2,22.5,34.3,16.8,17.2,10.7,14.9,17.2,15.0,21.6,26.4,22.4,16.4,32.4,28.5,23.0,26.0,14.7,14.7,23.0,14.6,19.4,33.8,12.7,20.5,17.4,14.3,25.4,26.0,15.5,,14.28,15.38,22.8,26.82,10.7,18.4,20.2,34.3,
02-05,26.2,20.8,21.1,23.3,14.3,15.3,13.8,23.7,15.6,20.2,22.9,34.4,16.8,17.4,10.7,14.9,17.2,15.1,22.0,26.4,22.6,16.5,33.0,28.5,23.0,26.2,14.7,14.7,23.6,14.8,19.6,34.2,12.8,21.2,17.4,14.4,25.4,26.0,15.5,,14.38,15.54,23.18,26.82,10.7,18.5,20.2,34.4,
02-06,26.2,20.8,21.1,23.3,14.3,15.3,13.8,23.7,15.6,20.2,23.1,34.8,17.0,18.3,10.7,14.9,17.2,15.1,22.1,26.5,22.6,16.6,33.0,28.5,23.1,27.0,14.7,14.7,23.7,14.8,19.6,34.3,13.3,21.7,17.5,14.9,25.4,26.4,15.8,,14.62,15.68,23.22,27.3,10.7,19.0,20.2,34.8,
02-07,26.2,20.8,21.1,23.3,14.3,15.3,13.8,23.7,15.6,20.2,23.2,35.0,17.0,18.4,10.7,14.9,17.2,15.1,22.2,26.8,22.6,16.6,33.3,28.9,23.4,27.4,14.9,14.8,24.1,14.8,19.7,34.5,13.4,22.7,18.5,15.1,25.4,26.4,16.1,,14.7,15.8,23.36,27.7,10.7,19.1,20.2,35.0,
02-08,26.5,21.0,21.1,23.3,14.5,15.4,13.8,24.3,17.6,20.2,23.2,35.0,17.4,18.6,10.7,15.2,17.3,15.1,22.4,27.7,22.7,16.5,34.3,28.9,23.6,28.1,14.9,14.8,25.1,14.8,19.7,35.8,13.5,22.9,19.2,15.1,25.4,26.6,17.2,,14.74,16.78,23.48,28.26,10.7,19.4,20.2,35.8,
02-09,26.6,21.1,21.3,23.5,15.2,15.4,13.9,25.5,18.8,20.9,23.2,35.0,17.9,18.7,10.7,15.8,17.3,15.3,22.4,27.9,22.7,16.6,34.4,29.2,23.6,28.3,15.2,15.0,26.2,14.8,19.7,35.9,13.5,23.0,19.3,15.1,25.4,26.9,17.6,,14.96,16.88,23.56,28.48,10.7,19.5,20.9,35.9,
02-10,26.6,21.3,21.6,23.6,15.3,15.4,14.0,26.1,18.8,21.2,23.3,35.0,18.1,18.7,10.9,15.8,17.5,15.5,22.6,27.9,22.7,16.8,34.4,30.2,23.7,28.6,15.5,15.3,27.2,14.8,19.7,36.1,13.5,23.0,19.6,15.5,25.4,26.9,17.6,,15.2,17.08,23.66,28.92,10.9,19.6,21.2,36.1,
02-11,26.8,21.6,22.3,24.3,15.3,15.4,14.2,26.4,19.8,21.9,23.3,35.1,18.1,19.1,11.8,15.9,17.6,15.5,22.6,28.0,22.7,17.0,34.5,30.2,23.8,28.6,15.6,15.4,27.7,14.9,19.7,37.1,14.4,23.0,19.9,15.8,25.4,26.9,17.6,,15.22,17.24,24.1,28.92,11.8,19.8,21.6,37.1,
02-12,27.0,21.6,22.3,24.6,15.3,15.4,14.7,26.8,20.6,23.4,23.3,35.1,18.1,19.1,12.4,16.3,17.6,15.5,22.6,28.2,22.7,17.9,34.6,30.3,23.9,28.6,15.7,15.5,27.7,14.9,19.7,38.7,14.4,23.0,20.1,16.0,25.4,26.9,17.6,,15.22,17.6,24.32,28.94,12.4,20.4,21.6,38.7,
02-13,27.5,22.1,22.3,25.3,15.9,15.5,14.8,27.1,20.6,25.2,23.3,35.4,18.1,19.1,14.0,16.5,17.6,15.7,22.6,28.5,22.7,18.2,34.6,30.6,24.1,28.6,16.4,15.5,27.9,14.9,19.9,39.1,15.5,23.1,20.1,17.2,25.4,26.9,17.6,,15.5,17.6,25.26,29.0,14.0,20.4,22.1,39.1,
02-14,29.1,23.1,22.5,25.6,15.9,16.0,15.8,27.2,20.6,26.8,23.3,35.4,18.3,19.2,14.7,17.0,17.6,17.2,22.6,28.5,22.7,18.5,34.9,31.0,24.5,28.6,17.2,15.6,28.1,14.9,19.9,39.1,16.0,23.6,20.1,18.3,25.4,27.5,17.8,,15.88,18.0,25.52,29.48,14.7,20.4,22.5,39.1,
02-15,30.2,23.8,22.6,25.8,16.1,16.0,16.0,27.3,20.6,30.6,23.4,35.4,18.4,19.5,15.2,17.7,17.8,17.5,22.6,28.9,23.2,18.7,36.0,31.7,24.6,28.6,17.6,15.8,28.2,14.9,20.1,39.1,16.6,25.0,20.3,18.3,25.8,27.9,18.2,,16.0,18.24,25.8,30.82,14.9,20.4,22.6,39.1,
02-16,32.2,23.8,22.6,25.9,16.2,16.0,16.1,27.7,20.7,30.7,23.4,35.4,18.6,19.5,15.5,17.7,17.8,17.6,22.6,29.7,23.5,18.9,36.0,31.7,24.8,28.6,17.6,15.8,28.2,14.9,20.2,39.1,17.8,25.7,20.3,18.6,25.8,28.2,18.8,,16.08,18.6,25.86,31.8,14.9,20.5,22.6,39.1,
02-17,33.6,23.8,22.8,26.0,16.5,16.9,16.6,28.5,20.8,30.7,23.4,35.5,18.7,19.8,16.0,17.7,17.9,18.2,22.7,30.5,23.6,19.5,36.1,31.7,24.8,28.7,17.6,15.9,28.2,15.1,20.3,39.1,17.9,26.0,20.9,18.9,25.8,28.2,19.5,,16.58,18.78,26.0,32.08,15.1,20.8,22.7,39.1,
02-18,35.1,24.0,22.8,26.0,18.3,17.8,17.0,29.7,21.3,30.7,23.5,35.9,18.7,20.2,16.6,17.7,18.0,18.8,22.3,30.5,23.8,19.5,36.1,32.4,24.9,29.7,17.6,16.1,28.3,15.1,20.4,39.1,18.0,26.1,21.0,18.9,25.8,28.6,19.7,,17.48,18.84,26.06,32.94,15.1,21.2,22.3,39.1,
02-19,36.6,24.0,22.8,26.4,18.9,18.0,17.1,30.5,22.5,30.9,23.9,36.1,18.7,20.5,16.8,18.1,18.4,19.0,22.3,31.0,24.0,19.7,36.1,32.7,25.4,29.9,17.6,16.2,28.3,15.1,20.8,39.2,18.0,26.5,21.0,18.9,25.8,28.6,19.7,,17.5,18.94,26.46,33.38,15.1,21.6,22.5,39.2,
02-20,40.1,24.1,22.8,27.1,19.0,18.1,17.1,33.0,23.0,30.9,24.0,36.3,18.7,20.8,16.8,18.2,18.5,19.0,23.1,32.2,24.3,20.7,36.2,32.7,26.5,31.0,18.1,16.3,29.0,15.2,20.8,39.5,18.7,26.7,21.0,19.2,26.0,28.6,19.7,,17.9,19.08,26.94,33.64,15.2,22.0,23.0,40.1,
02-21,41.1,24.1,22.8,27.6,19.0,18.1,17.2,34.8,23.9,31.0,27.1,36.3,18.7,20.8,16.9,18.4,19.2,19.0,23.1,33.2,24.6,20.8,36.4,32.7,27.8,31.6,18.3,16.8,29.1,15.4,20.8,39.8,19.2,26.8,21.1,19.2,26.4,28.9,20.3,,17.92,19.2,27.72,35.1,15.4,22.1,23.1,41.1,
02-22,41.1,24.1,22.8,27.6,19.1,18.1,17.3,35.1,24.1,31.0,30.4,36.3,18.7,21.5,16.9,19.5,19.2,19.3,23.9,33.5,24.6,20.8,36.6,32.7,28.4,31.7,18.5,17.0,29.2,15.9,20.9,40.3,19.3,26.9,21.2,19.2,27.2,29.7,20.3,,17.94,19.38,28.88,35.34,15.9,22.7,23.9,41.1,
02-23,41.2,24.1,22.8,27.6,19.2,18.1,17.6,35.5,24.0,31.0,32.1,36.3,19.5,21.7,17.1,20.0,19.3,20.2,24.1,33.8,24.6,20.9,36.8,32.9,28.5,31.7,18.7,17.1,29.2,16.7,21.0,40.7,19.8,27.4,21.6,19.2,28.3,30.5,20.4,,18.0,20.08,28.92,35.66,16.7,22.8,24.0,41.2,
02-24,41.3,24.3,22.8,27.6,19.2,18.1,17.7,36.4,24.0,31.0,32.1,36.3,20.1,21.7,17.2,20.2,19.4,20.3,24.1,34.0,24.6,21.2,37.4,35.1,28.6,31.8,19.1,17.5,29.2,17.0,21.0,41.1,20.2,27.4,21.9,19.2,29.9,31.2,20.4,,18.02,20.24,29.62,36.32,17.0,23.0,24.0,41.3,
02-25,41.5,25.0,22.8,27.6,19.2,18.1,17.7,37.7,24.1,31.1,32.1,36.7,20.8,21.7,17.5,20.6,19.7,20.7,24.3,34.0,24.6,21.2,39.7,35.4,28.7,32.5,19.1,17.5,29.2,17.1,21.0,41.6,20.3,27.5,22.2,19.2,30.0,31.6,20.5,,18.02,20.64,29.68,36.9,17.1,23.2,24.1,41.6,
02-26,41.6,25.6,22.8,27.6,19.2,18.1,17.7,38.4,24.3,31.1,32.2,36.7,21.3,21.7,17.7,20.6,19.9,22.1,24.3,34.2,24.6,21.7,40.2,35.4,29.0,33.8,19.1,17.6,29.4,17.4,21.0,42.0,20.4,27.5,22.2,19.3,30.2,32.0,20.8,,18.02,20.88,29.88,37.04,17.4,23.2,24.3,42.0,
02-27,41.6,26.1,23.1,28.3,19.2,18.1,17.7,38.5,24.4,31.2,33.0,36.9,21.4,21.7,17.8,20.9,20.1,22.3,24.4,34.5,24.7,22.4,40.2,35.4,29.0,35.0,19.1,17.8,29.6,17.6,21.1,42.2,20.4,27.5,22.6,19.4,30.2,32.0,21.2,,18.04,21.14,29.96,37.22,17.6,23.5,24.4,42.2,
02-28,41.6,26.2,23.3,28.6,19.2,18.1,17.8,38.5,24.5,31.5,33.3,37.5,21.5,21.7,18.0,21.2,20.1,22.7,24.9,34.6,24.7,23.2,40.3,35.4,29.1,35.1,19.2,17.8,30.1,17.8,21.1,43.7,20.4,27.7,23.0,19.4,30.4,32.6,21.9,,18.08,21.32,30.28,37.7,17.8,23.8,24.5,43.7,
02-29,,,23.3,,,,18.3,,,,33.4,,,,18.3,,,,24.9,,,,40.4,,,,20.6,,,,21.1,,,,23.0,,,,22.3,,18.08,21.32,30.28,37.7,17.8,24.0,24.5,43.7,
03-01,41.6,26.2,23.5,28.8,19.3,18.8,18.4,38.6,24.5,32.0,33.5,38.3,21.5,21.7,18.3,21.5,20.1,23.1,25.3,34.7,25.1,24.0,40.4,35.4,29.1,35.1,20.8,17.9,31.1,18.8,21.1,44.6,20.4,28.3,23.1,19.4,30.5,33.4,22.4,,18.8,21.5,30.86,38.36,17.9,24.2,24.5,44.6,
03-02,41.6,26.3,23.8,29.1,19.6,20.1,18.6,38.6,24.5,32.9,33.6,38.3,21.7,21.7,18.6,21.5,20.1,23.1,25.3,34.9,25.6,24.3,40.7,35.4,29.1,35.2,22.1,18.1,33.4,20.0,21.1,45.0,20.5,29.6,23.4,19.8,30.9,34.4,22.4,,19.76,21.7,32.1,38.36,18.1,24.4,24.5,45.0,
03-03,41.6,26.3,23.8,31.4,19.7,20.5,18.6,38.6,24.5,34.3,33.6,38.4,21.8,21.7,18.6,21.6,20.0,23.1,26.0,34.9,26.0,24.5,41.2,35.4,29.1,35.3,22.1,18.1,33.5,21.4,21.1,45.2,20.5,31.3,23.9,20.0,31.5,34.4,22.9,,19.94,21.74,32.7,38.44,18.1,24.5,24.5,45.2,
03-04,41.6,26.6,23.8,32.5,20.2,20.6,18.8,38.6,24.5,35.5,33.7,38.6,22.1,21.7,18.6,21.6,20.2,23.2,26.0,34.9,26.6,24.5,41.2,35.4,29.2,35.9,22.1,18.7,33.5,22.5,21.1,45.2,20.9,32.4,24.0,20.5,31.8,34.4,24.6,,20.2,22.1,33.1,38.6,18.6,24.5,24.6,45.2,
03-05,41.7,27.3,24.1,32.7,20.3,21.9,19.4,38.7,24.5,36.4,34.1,38.8,23.0,21.7,18.6,22.2,20.4,24.2,26.0,35.1,26.8,24.6,41.4,35.4,29.6,36.0,22.2,19.2,33.8,22.5,21.1,45.2,21.2,32.4,24.0,20.6,32.3,34.4,25.3,,20.38,22.32,33.36,38.72,18.6,24.6,25.3,45.2,
03-06,41.8,28.6,24.1,32.9,20.6,23.6,19.8,38.7,24.7,37.9,35.9,39.0,23.1,21.7,20.3,22.2,20.4,24.5,26.0,35.2,27.1,24.6,41.4,35.8,30.0,36.1,22.4,19.3,33.8,22.6,21.1,45.2,21.2,32.7,24.1,21.0,33.3,34.4,25.7,,20.56,22.8,33.6,38.76,19.3,24.6,25.7,45.2,
03-07,42.1,29.4,25.3,32.9,21.2,23.8,19.8,38.8,25.0,38.4,36.4,39.0,24.5,22.2,20.9,22.3,20.5,24.7,26.0,35.5,27.6,24.8,41.7,36.1,30.1,36.4,22.3,19.4,34.1,22.6,21.5,45.6,21.2,36.1,24.2,21.1,33.5,34.4,25.8,,21.06,23.08,34.28,38.84,19.4,24.9,25.8,45.6,
03-08,42.3,29.7,25.7,32.9,21.3,23.9,19.8,38.9,25.1,38.4,36.4,39.1,24.6,22.8,21.6,22.5,21.6,24.8,26.0,35.7,28.0,24.8,41.7,36.6,30.3,36.7,22.3,19.3,34.4,22.9,21.9,45.6,21.2,37.9,24.2,21.1,33.9,34.4,25.8,,21.28,23.3,34.4,38.94,19.3,25.0,25.8,45.6,
03-09,43.5,30.2,25.7,32.9,21.4,23.9,20.1,39.2,25.3,38.4,36.5,39.2,24.6,23.2,21.7,23.0,23.6,25.8,26.4,36.1,28.6,25.0,41.9,36.9,30.8,37.1,22.5,19.9,34.5,22.9,22.0,45.6,21.3,39.5,24.2,21.3,34.0,34.4,25.8,,21.38,23.72,34.46,39.26,19.9,25.6,25.8,45.6,
03-10,44.3,30.7,26.0,32.7,21.6,23.9,20.1,39.2,25.3,38.5,36.5,39.2,24.6,23.7,22.6,23.3,23.7,25.8,26.4,36.2,29.3,25.2,41.9,37.1,30.8,37.1,22.5,20.2,35.0,22.9,21.6,45.7,21.3,39.7,24.3,21.8,34.2,34.4,26.0,,21.6,23.78,34.76,39.3,20.1,25.6,26.0,45.7,
03-11,45.0,30.7,26.5,32.5,21.8,25.3,20.1,39.6,25.3,38.7,37.1,39.2,24.7,24.0,22.7,23.6,24.0,25.8,26.4,36.2,30.2,25.2,42.0,38.2,31.0,37.3,22.5,20.2,35.1,22.9,21.7,45.9,21.3,39.7,24.6,22.1,34.2,36.6,26.1,,21.78,24.24,35.76,39.62,20.1,25.6,26.4,45.9,
03-12,45.4,30.8,26.5,32.5,22.5,26.4,20.0,39.8,25.3,39.1,37.7,39.2,24.7,24.1,23.1,24.0,24.1,25.8,26.4,36.2,30.6,25.3,42.1,38.2,31.0,37.5,22.5,20.3,35.5,22.9,21.8,46.3,21.3,40.3,25.4,22.1,34.3,37.7,26.2,,22.04,24.34,35.92,39.9,20.0,26.1,26.4,46.3,
03-13,45.6,30.8,26.8,32.4,22.9,26.5,20.0,39.8,25.3,40.1,38.6,39.2,24.7,24.4,23.4,24.3,24.2,25.8,26.4,36.2,31.2,25.2,42.5,38.2,31.1,37.5,22.4,20.3,35.8,22.9,21.5,46.4,21.3,41.6,25.4,22.3,34.7,38.2,26.7,,22.14,24.52,36.04,40.4,20.0,26.1,26.7,46.4,
03-14,46.0,30.9,26.9,32.6,23.3,26.6,20.0,39.9,25.3,40.3,38.8,39.2,24.8,24.7,23.5,24.4,24.4,25.9,26.4,36.2,31.8,25.2,43.1,38.2,31.2,37.5,22.4,20.3,35.9,22.9,21.8,46.8,21.3,41.6,25.7,22.7,34.9,38.3,26.7,,22.28,24.74,36.08,40.56,20.0,26.2,26.7,46.8,
03-15,46.6,30.9,27.0,32.7,23.7,26.7,20.0,40.4,25.3,40.6,38.8,39.2,24.9,25.3,23.6,25.2,24.7,25.9,26.4,36.2,32.0,25.2,44.0,38.2,31.2,37.9,22.3,20.3,36.2,22.9,22.7,47.1,21.3,41.7,26.1,22.8,34.9,38.7,26.7,,22.62,25.2,36.2,40.82,20.0,26.2,26.7,47.1,
03-16,46.6,31.3,27.2,32.9,24.1,26.8,20.0,40.7,25.3,40.6,39.0,39.2,24.9,25.6,24.0,25.3,24.8,25.9,26.4,36.2,32.2,25.5,44.1,38.2,31.2,38.3,22.2,20.2,36.3,22.9,23.4,47.5,21.9,41.9,26.1,23.0,35.5,40.1,27.1,,22.76,25.3,36.26,40.94,20.0,26.2,27.1,47.5,
03-17,46.7,31.4,27.4,33.3,24.2,26.8,20.0,40.8,25.3,40.8,39.5,39.2,24.9,25.8,24.9,26.1,25.2,26.0,26.3,36.2,32.3,25.9,44.3,38.3,31.3,37.3,22.2,20.9,36.5,22.6,23.7,47.9,22.4,42.2,26.1,23.0,35.5,40.1,27.1,,22.56,25.5,36.38,41.08,20.0,26.2,27.1,47.9,
03-18,46.8,31.7,27.4,33.4,24.5,26.9,20.4,41.5,25.3,40.8,40.2,39.2,25.3,26.2,25.3,26.3,25.8,26.4,26.3,36.2,32.7,26.0,44.4,38.4,31.3,36.6,22.2,21.4,36.5,22.0,23.7,47.9,22.6,42.3,26.2,23.0,35.5,40.1,27.1,,22.52,25.88,36.38,41.66,20.4,26.4,27.1,47.9,
03-19,46.8,32.0,27.4,33.6,24.6,27.1,20.7,41.8,25.3,40.8,40.2,39.2,25.9,26.2,25.3,26.6,26.0,26.5,26.3,36.2,33.3,26.0,44.4,38.5,31.3,36.5,22.6,21.5,36.5,22.1,23.7,48.0,22.7,42.4,26.4,23.0,35.5,40.1,27.6,,22.68,26.0,36.38,41.92,20.7,26.6,27.4,48.0,
03-20,46.9,32.9,27.9,34.5,24.9,27.6,20.8,41.8,25.8,42.0,40.2,39.6,26.0,26.2,25.9,26.8,26.1,26.5,26.2,36.2,33.5,26.0,44.6,38.5,32.5,36.5,22.7,21.6,36.6,22.1,23.7,48.0,22.9,42.4,26.9,23.2,35.8,40.1,27.8,,22.86,26.04,36.38,42.08,20.8,26.8,27.8,48.0,
03-21,46.9,33.7,27.9,35.3,24.9,27.8,20.9,41.8,26.5,42.1,40.2,39.8,26.3,26.2,26.7,26.9,26.2,26.7,26.1,37.3,33.8,25.9,45.2,38.5,32.5,36.5,22.8,21.7,36.6,22.1,23.6,48.0,22.9,42.4,27.5,23.4,35.8,41.7,28.3,,22.88,26.24,36.56,42.16,20.9,27.2,27.9,48.0,
03-22,46.9,34.4,27.9,35.6,25.0,28.2,21.5,41.8,26.7,42.2,40.2,39.8,26.4,25.7,26.8,27.4,26.0,26.7,26.0,37.9,33.8,26.3,45.2,38.6,32.5,37.2,23.1,22.8,36.6,22.1,23.6,48.0,22.9,42.8,27.7,24.0,35.7,42.6,28.3,,23.06,26.34,36.96,42.64,21.5,27.6,28.2,48.0,
03-23,46.9,34.5,28.0,35.5,25.6,28.6,21.8,41.8,27.1,42.7,41.1,39.8,26.6,25.4,26.8,27.3,26.1,27.0,25.8,38.6,33.8,26.4,45.2,38.6,32.5,37.9,23.1,22.9,37.0,22.1,23.6,48.0,23.6,42.9,28.0,24.1,35.6,44.3,28.6,,23.5,26.48,37.54,43.18,21.8,27.6,28.6,48.0,
03-24,46.9,34.5,28.1,34.9,26.1,28.7,22.2,42.0,27.7,42.8,41.6,39.8,26.6,25.1,26.9,27.4,26.3,27.3,26.0,39.4,34.2,26.7,45.2,39.0,32.9,38.0,23.1,23.1,37.1,22.2,23.9,48.2,25.4,43.1,28.3,24.2,35.6,44.7,29.4,,23.74,26.64,37.64,43.42,22.2,28.0,28.7,48.2,
03-25,46.9,34.5,28.1,34.6,26.1,28.7,22.4,42.0,28.1,43.3,41.7,39.9,26.4,24.8,27.0,27.7,26.5,27.6,26.1,40.3,34.3,27.2,45.2,39.1,33.0,38.2,22.9,23.2,37.1,22.4,24.1,48.3,25.5,43.2,28.7,24.5,35.5,45.7,29.6,,23.92,26.7,37.76,43.68,22.4,28.4,28.7,48.3,
03-26,46.9,34.6,28.1,34.7,26.1,28.7,22.7,42.0,28.6,43.7,41.9,40.1,26.0,24.3,27.0,27.8,26.8,27.5,26.0,40.6,35.1,27.3,45.7,40.3,33.4,39.0,22.7,23.2,37.7,22.6,25.0,48.5,25.5,43.6,28.7,24.9,35.6,46.0,29.6,,24.08,26.88,38.48,44.1,22.6,28.6,28.7,48.5,
03-27,46.9,35.1,28.2,35.0,26.7,29.6,23.3,42.2,28.7,43.8,41.9,40.5,26.1,24.4,27.0,27.9,27.1,28.3,25.9,40.7,34.8,27.4,45.7,41.2,33.6,39.3,22.6,23.3,38.8,22.8,25.0,48.5,25.5,44.0,28.7,25.2,35.8,46.3,29.7,,24.18,27.04,39.1,44.34,22.6,28.7,29.6,48.5,
03-28,46.9,35.2,28.2,35.0,26.8,29.7,24.4,42.2,28.7,43.8,41.9,40.6,26.6,24.7,27.7,27.8,27.2,28.3,26.5,41.1,34.8,27.4,45.7,41.2,33.6,40.1,22.1,23.3,40.1,22.7,25.2,48.6,25.5,44.3,28.8,25.3,35.9,46.3,29.9,,24.64,27.28,40.1,44.58,22.1,28.8,29.7,48.6,
03-29,46.9,35.7,28.2,35.2,26.8,29.8,24.7,42.2,28.9,44.3,42.0,40.8,27.6,24.7,27.7,28.2,27.5,28.3,26.7,41.1,35.0,27.7,45.7,41.5,33.6,41.3,21.8,23.1,40.1,22.1,25.2,49.1,25.5,46.0,29.0,25.8,36.1,46.7,30.3,,24.7,27.64,40.52,45.76,21.8,29.0,29.8,49.1,
03-30,46.9,35.7,28.7,35.8,26.9,29.8,24.8,42.2,28.9,44.4,42.0,41.0,27.9,24.7,27.7,28.5,27.8,28.3,27.1,41.6,36.0,28.0,45.7,41.9,33.6,41.4,21.1,23.2,40.3,21.9,25.2,49.4,25.6,47.4,29.3,25.8,36.1,47.1,31.2,,24.78,27.84,40.72,45.94,21.1,29.1,29.8,49.4,
03-31,47.2,35.7,29.6,35.8,27.0,29.8,24.8,42.2,29.0,44.4,42.0,41.3,28.2,24.7,28.2,28.9,27.9,28.4,27.3,42.2,36.2,28.2,47.4,42.1,33.7,41.7,21.1,23.2,40.4,21.5,25.3,49.4,25.7,47.3,29.4,25.8,36.0,47.5,31.3,,24.78,28.2,40.94,47.22,21.1,29.2,29.8,49.4,
04-01,47.3,36.8,29.7,36.1,27.0,29.9,25.3,42.6,29.7,44.4,42.0,42.1,28.5,24.8,28.7,29.4,27.8,28.6,27.3,42.4,36.6,28.4,48.8,42.4,33.7,40.5,20.7,23.2,40.8,20.9,25.3,49.4,25.7,47.1,29.4,26.1,36.5,47.5,31.7,,25.2,28.44,40.68,47.14,20.7,29.6,29.9,49.4,
04-02,47.5,37.5,29.9,36.9,27.0,30.6,25.2,43.4,30.1,44.5,42.2,42.5,28.6,25.3,28.7,29.4,27.7,28.5,27.2,42.2,37.1,28.4,49.4,43.2,35.6,40.9,20.3,23.2,41.1,20.9,25.3,49.4,25.7,47.1,28.9,26.1,36.5,47.7,31.8,,25.28,28.44,41.02,47.18,20.3,29.8,30.6,49.4,
04-03,48.6,37.5,30.0,37.6,27.0,31.4,25.2,43.4,30.5,44.5,42.7,43.2,29.7,25.8,29.1,29.5,26.2,28.5,27.0,42.2,37.2,28.4,50.0,43.6,35.7,40.9,20.2,23.5,41.3,20.9,25.3,49.7,25.4,47.3,29.9,25.7,36.8,48.0,32.7,,25.28,28.44,41.14,47.44,20.2,30.2,31.4,50.0,
04-04,48.6,37.5,30.2,37.9,27.0,31.4,25.2,43.6,30.5,43.9,42.7,43.5,29.8,26.3,29.1,29.5,25.2,28.4,26.9,42.8,38.3,28.3,50.7,45.6,36.8,41.4,20.1,23.5,41.3,20.9,25.1,49.7,25.4,47.4,30.3,25.6,36.9,48.3,34.0,,25.18,28.34,41.36,47.58,20.1,30.4,31.4,50.7,
04-05,48.6,37.3,30.3,37.9,27.0,31.4,25.1,44.3,31.2,43.9,42.8,44.4,29.8,26.5,29.5,29.2,24.0,28.6,26.9,42.8,38.3,28.0,51.1,45.6,37.2,41.5,19.7,23.5,41.3,21.0,25.1,49.5,25.4,47.9,30.3,25.4,36.8,49.2,33.6,,24.88,28.24,41.42,48.04,19.7,30.8,31.4,51.1,
04-06,48.8,37.2,30.4,37.9,27.0,31.4,25.2,44.4,31.2,43.6,42.8,44.7,29.7,26.7,29.5,29.0,23.5,29.3,26.8,43.1,38.4,28.3,51.4,45.6,37.7,41.9,19.4,23.5,41.3,20.9,25.3,49.7,25.4,49.7,30.3,24.7,36.7,49.2,33.5,,24.46,28.58,41.66,48.88,19.4,30.8,31.4,51.4,
04-07,48.8,37.2,30.4,37.8,27.3,31.4,25.2,44.8,31.3,43.6,42.8,44.9,30.0,26.7,29.5,30.1,23.4,30.1,26.8,43.6,38.8,28.2,52.2,46.4,38.7,42.3,19.3,23.6,41.3,20.5,25.3,49.7,26.1,49.8,30.3,24.2,36.8,49.2,33.0,,24.08,28.72,41.9,48.88,19.3,30.8,31.4,52.2,
04-08,48.8,37.2,30.4,36.4,27.4,31.4,25.2,45.0,32.6,43.6,42.8,45.1,30.3,26.9,29.5,30.3,23.2,30.2,26.8,43.7,39.0,27.8,53.2,46.4,38.7,42.7,19.1,24.0,41.8,20.5,25.3,49.8,27.6,50.0,30.3,24.2,36.9,49.2,33.0,,24.16,28.48,42.34,48.88,19.1,30.8,32.6,53.2,
04-09,49.0,37.2,30.3,35.5,27.9,31.4,25.0,45.3,32.7,44.1,42.8,45.8,30.3,27.1,29.4,31.1,22.8,30.6,26.7,43.5,39.8,28.0,53.6,46.4,38.7,42.9,18.9,24.2,41.7,20.1,25.3,49.6,28.1,50.6,30.3,24.2,36.9,49.2,32.8,,24.2,28.62,42.36,49.04,18.9,31.2,32.7,53.6,
04-10,49.2,37.2,30.2,35.2,28.7,31.5,24.8,45.4,33.5,44.4,42.6,46.7,30.5,27.3,29.0,31.7,22.5,30.4,27.5,43.5,39.5,28.3,54.4,46.4,38.2,43.4,18.2,25.4,41.7,20.1,25.6,49.6,28.3,50.6,29.6,23.3,36.8,49.2,33.0,,24.5,28.82,42.24,49.2,18.2,31.6,33.0,54.4,
04-11,49.2,37.2,30.2,35.2,28.7,32.3,24.4,45.4,33.6,44.5,42.5,46.9,30.6,27.2,28.6,31.3,22.9,30.2,27.7,43.8,39.2,28.6,55.3,46.4,38.0,43.8,17.0,25.6,41.7,20.1,25.6,49.6,28.1,50.1,29.4,22.9,36.4,49.2,33.1,,24.1,28.64,42.18,49.2,17.0,31.8,33.1,55.3,
04-12,49.5,37.9,30.2,35.2,28.7,32.7,24.1,45.4,33.7,44.7,43.0,47.1,30.4,27.5,28.5,31.9,23.1,29.8,27.8,44.0,39.1,28.6,55.6,46.7,37.5,43.9,15.9,25.9,41.6,19.5,25.5,49.4,28.0,50.0,29.4,22.0,36.5,49.2,32.8,,23.9,28.64,42.44,49.24,15.9,32.3,32.8,55.6,
04-13,49.7,38.5,29.5,35.1,28.8,32.9,23.6,46.1,33.8,45.5,43.2,47.3,30.4,27.3,28.1,32.8,23.2,29.3,28.0,44.0,39.0,29.0,55.9,46.7,36.6,44.2,15.6,26.1,41.5,19.4,25.4,49.4,28.0,49.6,29.5,22.0,36.7,49.1,31.9,,23.52,28.88,42.52,49.16,15.6,32.8,32.9,55.9,
04-14,50.0,38.4,28.8,35.1,28.8,33.3,23.1,46.3,33.7,45.2,43.9,48.1,31.6,27.2,27.7,33.1,23.2,29.0,27.9,44.0,38.5,29.0,54.6,47.2,36.5,44.6,15.6,26.9,41.7,18.9,25.1,49.3,28.2,49.4,29.6,22.3,36.8,49.0,31.5,,23.18,28.8,43.02,49.06,15.6,33.2,33.3,54.6,
04-15,50.0,40.3,28.2,35.0,28.7,33.5,23.2,46.6,33.9,45.1,43.9,47.8,32.4,26.9,27.5,32.6,23.1,28.2,27.6,44.0,38.0,29.0,53.7,47.2,36.1,45.1,16.3,27.3,41.7,18.0,24.9,47.9,28.2,49.2,29.6,22.6,37.1,49.6,31.5,,23.18,28.2,43.02,48.16,16.3,33.0,33.5,53.7,
04-16,50.1,40.3,27.8,34.8,28.3,33.9,23.2,46.8,33.9,45.9,43.9,47.2,33.1,26.4,28.0,33.2,22.8,28.3,27.4,44.0,38.4,29.0,53.2,47.3,34.6,45.2,17.0,28.6,41.6,18.0,25.4,46.7,28.2,49.1,30.4,22.6,37.2,49.6,30.7,,23.12,28.3,42.98,47.66,17.0,33.6,33.9,53.2,
04-17,50.4,40.1,27.8,34.5,28.0,34.4,23.3,47.3,33.4,46.1,43.9,46.8,33.4,26.8,28.0,32.6,23.1,28.4,27.3,44.0,38.5,29.1,51.7,47.6,32.8,45.4,17.1,28.6,41.3,18.9,25.4,45.8,28.2,48.9,31.5,22.7,37.1,49.6,30.7,,23.26,28.28,42.86,47.86,17.1,33.1,33.4,51.7,
04-18,50.7,39.1,27.9,34.0,28.3,35.2,23.9,47.6,33.1,46.8,44.8,45.9,33.7,27.0,27.5,32.0,23.1,28.0,26.9,43.5,38.3,28.9,51.5,48.1,32.6,45.8,17.0,29.1,41.0,20.1,25.4,45.0,28.1,48.6,31.9,22.8,37.2,49.6,30.4,,23.74,28.18,42.5,48.2,17.0,32.8,33.1,51.5,
04-19,50.7,38.3,28.1,33.7,28.5,35.1,24.2,48.5,32.8,47.0,46.5,44.9,33.8,26.8,27.5,31.3,22.9,28.3,26.7,43.1,38.1,28.6,53.8,48.3,32.2,47.5,17.0,29.1,40.7,20.7,25.6,44.1,27.6,48.3,31.9,22.8,37.2,49.7,30.3,,23.94,28.38,42.14,48.34,17.0,32.5,32.8,53.8,36.2
04-20,50.8,37.8,28.2,33.0,28.8,35.1,24.3,48.7,32.6,47.8,46.5,44.4,33.9,26.6,27.4,30.8,22.0,28.3,26.8,42.5,38.1,28.5,55.4,48.4,30.3,48.1,17.2,29.3,40.3,20.9,25.7,43.8,27.5,48.0,32.1,22.9,36.8,49.7,29.9,,24.02,28.38,41.62,48.46,17.2,32.4,32.6,55.4,
04-21,50.8,37.6,28.0,32.2,28.5,35.1,24.3,48.9,31.2,48.6,46.9,43.9,34.0,26.1,27.5,30.5,21.7,28.3,26.5,41.9,37.8,27.3,54.6,48.5,29.2,48.6,16.9,29.3,39.5,21.0,25.9,43.3,28.6,47.1,32.1,22.9,35.4,49.7,29.9,,24.02,28.38,40.94,48.66,16.9,31.6,32.1,54.6,
04-22,50.8,37.6,28.9,31.4,28.2,35.2,24.3,49.1,29.8,48.6,46.9,44.4,34.0,26.4,27.1,30.9,22.0,27.9,27.2,41.9,36.8,26.8,54.2,48.1,28.5,49.5,16.4,29.3,38.5,21.1,25.7,43.4,28.7,46.6,31.8,23.1,33.9,50.4,29.5,,24.06,28.32,40.54,49.18,16.4,31.4,31.4,54.2,
04-23,50.8,37.6,29.4,30.8,28.1,35.4,24.6,49.5,29.2,48.6,46.8,44.8,33.6,27.4,27.6,32.0,22.3,28.6,28.2,41.9,35.6,26.6,54.2,47.3,28.9,49.8,15.9,29.7,37.7,20.6,25.3,43.4,28.2,45.9,31.8,23.4,33.8,50.4,28.2,,24.36,28.2,40.22,49.56,15.9,31.9,31.8,54.2,
04-24,50.2,36.8,29.6,29.8,28.2,35.5,24.5,49.0,28.8,48.6,47.0,45.8,33.2,28.6,27.9,32.0,21.3,29.3,28.2,41.3,34.6,26.3,53.9,46.3,30.0,50.8,15.2,30.2,37.0,20.4,25.6,43.8,27.9,45.5,31.8,23.4,34.1,50.4,27.2,,24.28,28.36,39.58,49.24,15.2,31.9,31.8,53.9,
04-25,50.4,35.5,29.7,29.2,28.8,35.6,24.4,49.6,28.7,49.1,46.8,46.0,33.5,29.2,27.8,32.1,20.9,29.6,28.6,41.3,33.9,26.5,53.4,45.5,30.3,51.4,14.2,30.5,37.0,20.0,25.7,43.8,28.5,44.4,31.8,23.4,34.1,51.1,26.3,,24.2,28.74,39.58,49.76,14.2,32.0,31.8,53.4,
04-26,51.7,34.8,30.2,28.5,29.0,35.9,23.8,50.7,29.8,49.5,46.6,46.2,33.6,29.5,27.5,31.8,19.5,29.7,29.0,41.3,33.9,26.6,53.4,45.1,30.8,52.0,12.9,30.1,35.1,20.7,25.9,43.8,28.4,43.5,31.7,23.2,34.1,51.7,25.5,,23.68,29.0,39.14,50.9,12.9,31.8,31.7,53.4,
04-27,52.3,33.1,30.7,27.6,29.2,36.5,23.6,50.7,30.2,50.2,46.3,46.3,33.7,29.8,26.8,31.2,19.8,29.3,28.7,41.5,33.1,26.4,53.3,44.8,31.0,52.7,12.5,29.8,34.8,20.8,26.2,44.0,28.0,43.5,31.2,22.6,33.9,51.8,25.5,,23.4,28.9,39.5,50.92,12.5,31.2,31.2,53.3,
04-28,52.6,31.6,30.8,27.8,29.9,36.9,22.8,50.8,31.2,50.9,46.3,46.2,33.7,29.8,25.6,30.1,20.4,28.6,28.1,42.0,31.8,26.0,53.1,44.9,30.5,53.9,12.7,29.1,35.4,20.4,26.2,44.8,27.1,43.1,30.7,22.6,33.8,51.8,25.6,,22.76,28.3,39.96,51.08,12.7,31.0,30.8,53.9,
04-29,52.6,30.3,30.4,27.8,30.5,37.3,21.7,50.8,31.5,51.2,46.3,46.7,33.5,30.1,24.9,29.3,20.0,28.1,27.5,42.8,31.2,24.7,52.8,44.9,30.5,54.1,12.3,28.2,36.1,20.0,26.6,45.4,25.9,43.7,29.9,22.6,33.3,51.8,25.6,,22.42,27.92,40.6,51.32,12.3,30.8,30.5,54.1,
04-30,52.6,28.9,30.0,28.1,31.0,37.7,20.7,50.2,32.2,51.2,46.2,47.7,33.3,30.3,24.3,28.8,20.0,27.3,27.8,42.9,30.9,22.5,52.4,44.9,31.8,54.0,12.0,27.0,36.6,19.5,27.1,45.4,25.3,45.9,29.3,22.0,33.2,51.8,25.8,,21.74,27.5,40.82,51.32,12.0,31.4,30.9,54.0,
05-01,52.6,28.1,29.3,28.4,31.5,37.8,19.8,49.3,32.3,51.7,46.2,47.7,32.8,32.2,24.3,28.0,18.7,26.9,28.1,43.4,30.5,21.3,52.0,43.4,32.1,53.8,11.7,26.4,36.9,18.4,27.2,45.4,24.6,47.2,28.1,20.8,32.2,51.5,25.5,,20.6,27.52,41.16,51.54,11.7,32.2,31.5,53.8,
05-02,51.6,27.2,29.3,28.4,31.8,37.4,19.2,49.3,32.6,52.5,46.1,49.0,32.1,33.3,23.7,26.6,17.9,26.6,28.4,43.4,29.7,20.4,52.7,41.5,32.4,53.9,10.5,26.9,37.1,18.1,27.4,45.4,24.2,48.3,27.1,19.8,31.6,51.0,25.3,,19.68,26.98,39.86,51.12,10.5,32.2,31.6,53.9,
05-03,50.6,27.7,29.6,28.4,31.6,36.7,18.4,49.3,32.6,53.3,45.8,49.3,31.7,33.6,21.8,25.7,17.0,26.0,28.4,43.7,29.0,19.8,52.7,41.8,32.8,53.9,10.1,27.3,36.8,16.5,27.6,45.3,24.3,48.3,26.4,19.1,31.7,49.7,25.3,,18.96,26.76,39.8,49.88,10.1,32.2,31.6,53.9,
05-04,49.6,27.7,29.8,28.6,31.4,36.6,17.1,48.9,32.7,53.4,45.5,49.2,31.3,34.5,20.1,27.4,16.7,25.7,27.3,43.7,28.4,19.6,53.1,41.6,32.9,53.9,9.1,27.4,36.2,15.6,27.3,45.2,24.7,48.3,25.4,19.7,31.7,49.1,25.2,,19.1,27.3,39.6,49.28,9.1,32.0,31.3,53.9,
05-05,48.4,27.7,29.7,28.9,31.2,36.6,17.0,48.4,32.4,53.7,44.9,48.9,30.2,35.4,19.2,27.7,15.5,27.4,26.2,43.7,27.2,19.6,53.1,41.7,32.7,53.9,7.4,25.7,35.2,15.0,26.9,45.1,24.8,48.1,25.3,19.8,31.5,48.3,24.8,,18.76,26.48,39.66,48.5,7.4,31.3,30.2,53.9,
05-06,47.8,27.4,29.3,29.0,30.9,36.6,16.4,48.4,32.0,54.1,44.0,48.8,29.9,35.7,18.2,28.0,14.2,27.6,24.8,43.6,26.7,20.0,53.0,41.5,32.5,53.9,6.3,25.1,34.0,15.3,26.2,45.1,23.9,47.8,24.4,19.5,30.9,47.4,24.6,,17.84,25.54,39.54,48.48,6.3,31.0,29.9,54.1,
05-07,47.0,27.0,29.2,28.0,30.0,36.6,15.9,48.7,31.5,54.6,43.1,48.0,29.9,36.2,16.9,27.9,12.6,27.6,23.7,43.8,25.2,20.3,52.6,40.8,32.6,53.9,5.0,25.3,32.8,16.5,25.7,44.1,22.8,47.4,23.4,19.0,29.9,46.7,25.1,,16.82,25.24,39.12,48.14,5.0,30.7,29.9,54.6,
05-08,47.1,26.0,29.2,26.7,29.8,36.5,15.3,49.3,31.1,54.6,42.0,46.9,29.7,36.1,16.6,27.6,11.3,27.7,22.7,45.4,24.3,20.5,52.4,39.3,32.6,53.9,5.2,25.4,32.6,16.2,25.6,42.6,22.0,47.2,23.3,18.5,28.8,47.0,25.5,,16.52,25.44,38.18,47.62,5.2,30.4,29.2,54.6,
05-09,48.0,24.1,29.3,25.8,29.7,36.0,14.6,49.3,30.1,55.9,40.9,46.7,29.1,35.3,17.5,26.6,10.7,28.8,21.3,45.5,24.1,20.3,52.8,37.0,32.0,53.9,4.7,26.4,32.7,16.8,26.1,41.1,20.6,46.9,21.8,18.0,27.9,46.5,25.5,,17.36,24.66,36.6,48.26,4.7,29.6,29.1,55.9,
05-10,48.5,22.6,29.3,24.5,29.6,35.1,15.3,49.4,30.4,56.2,40.0,45.3,28.5,34.9,17.3,25.8,9.5,28.9,20.1,45.4,23.6,20.0,53.6,35.7,31.7,53.9,3.1,26.4,33.3,17.2,26.4,40.5,20.1,47.1,20.6,18.0,26.7,45.8,25.4,,17.28,23.96,35.46,48.68,3.1,29.6,28.9,56.2,
05-11,48.9,21.8,29.1,23.8,28.4,33.8,15.4,49.3,30.0,57.0,39.5,44.4,27.6,35.2,16.7,25.2,9.1,29.1,18.9,44.9,23.0,19.1,53.8,34.3,31.4,54.0,1.2,25.9,34.0,17.4,27.3,39.5,18.7,47.1,19.6,18.5,25.8,44.5,25.7,,17.26,23.32,34.84,48.98,1.2,29.6,28.4,57.0,
05-12,48.9,20.6,27.7,23.1,28.7,33.0,14.7,49.2,28.9,57.3,38.2,42.5,27.5,35.2,15.5,24.4,8.1,29.1,18.6,44.6,22.3,16.8,53.8,32.2,31.4,55.5,0.0,25.4,35.8,17.2,27.3,39.4,17.6,47.1,20.3,18.8,24.4,44.7,26.4,,16.54,22.62,35.56,48.96,0.0,29.0,27.7,57.3,
05-13,48.9,19.8,25.8,22.3,28.9,32.1,14.3,49.1,27.8,59.0,36.4,41.7,26.6,35.0,15.8,22.9,8.1,28.7,18.8,44.7,20.9,15.5,53.4,30.4,31.2,55.7,0.0,24.9,36.4,16.5,27.1,37.9,16.9,47.1,20.1,18.8,23.1,44.6,26.3,,15.74,21.46,35.84,48.94,0.0,28.2,27.1,59.0,
05-14,48.9,18.8,24.3,22.3,28.6,30.6,13.5,49.0,27.5,59.4,34.8,40.2,25.1,34.7,15.1,20.5,6.3,28.3,18.9,44.7,19.5,14.7,53.3,28.8,31.1,56.0,0.0,23.5,36.6,16.3,26.6,35.5,16.5,46.3,20.1,18.2,21.9,44.2,26.1,,15.02,20.26,34.76,48.92,0.0,27.9,26.6,59.4,
05-15,48.2,18.0,23.3,22.3,27.7,29.5,12.6,47.7,27.1,60.8,33.6,38.8,25.2,34.5,14.6,19.3,5.1,27.6,18.7,44.6,18.3,13.7,52.9,26.6,31.6,55.9,0.0,22.6,36.5,15.7,25.5,34.1,16.0,45.6,19.0,17.6,20.6,43.4,25.8,,14.42,19.12,33.9,47.8,0.0,26.8,25.8,60.8,
05-16,48.6,17.1,22.3,22.3,28.1,29.9,11.9,47.1,26.5,61.2,32.2,37.7,24.8,34.1,14.1,18.1,2.9,27.2,18.0,43.5,16.7,12.2,52.7,24.8,31.7,55.8,0.0,21.7,36.4,16.0,25.6,33.1,14.8,44.6,18.3,16.8,19.3,42.9,25.3,,13.72,18.18,32.74,47.4,0.0,26.0,25.3,61.2,
05-17,49.1,15.9,21.3,22.6,28.2,29.8,11.0,46.5,25.3,60.6,31.0,36.7,24.4,33.5,13.0,17.2,1.2,26.3,17.0,41.8,15.3,11.0,51.8,23.5,31.4,55.0,0.0,19.9,36.3,16.4,25.8,32.3,13.2,43.8,17.4,15.9,18.5,41.9,24.7,,12.6,17.28,31.94,47.02,0.0,25.6,24.7,60.6,
05-18,49.1,15.2,20.5,22.3,27.8,29.4,9.8,46.0,24.4,60.7,29.6,35.8,23.6,33.0,12.9,16.9,0.0,25.0,16.0,40.9,14.0,10.1,50.3,21.5,29.8,55.0,0.0,18.6,35.7,16.9,25.8,32.4,11.6,43.6,16.3,15.9,16.9,40.6,23.6,,11.3,16.9,31.36,46.62,0.0,24.7,23.6,60.7,
05-19,48.7,14.5,19.6,21.6,27.5,27.9,8.8,45.5,23.7,60.8,28.4,34.8,22.8,32.2,13.1,16.0,0.0,25.2,14.5,40.4,12.9,8.8,48.9,19.0,29.4,54.9,0.0,18.2,34.9,16.8,25.5,32.3,10.6,43.4,15.1,15.6,15.8,39.6,22.5,,10.24,15.88,31.08,46.14,0.0,24.4,22.8,60.8,
05-20,48.7,14.1,19.6,20.0,26.5,26.7,7.9,44.5,22.7,60.5,27.0,34.0,22.1,31.3,12.9,15.3,0.0,24.4,13.3,38.3,11.6,7.5,47.4,17.9,29.4,55.5,0.0,18.4,34.1,17.3,24.6,32.5,9.6,43.6,14.0,14.5,14.2,37.5,21.2,,9.26,14.82,30.54,45.08,0.0,23.6,22.1,60.5,
05-21,47.5,14.0,19.6,18.8,24.9,25.9,7.2,43.8,22.0,60.4,26.3,32.9,21.1,30.4,12.4,14.9,0.0,23.2,11.9,36.5,10.4,6.7,45.9,15.9,28.0,55.7,0.0,18.4,32.7,17.1,23.6,32.7,9.2,44.9,13.7,13.4,13.7,36.7,20.0,,8.8,14.36,29.44,45.1,0.0,22.6,21.1,60.4,
05-22,45.9,14.0,19.6,18.1,23.9,25.1,6.6,42.8,20.7,60.3,25.0,32.2,20.4,29.4,11.2,14.4,0.0,21.9,11.2,35.3,9.2,5.9,44.6,15.1,25.9,56.0,0.0,18.0,31.8,17.0,22.3,32.5,8.0,45.2,13.0,13.0,13.6,35.2,20.4,,7.72,14.16,28.0,44.72,0.0,21.3,20.4,60.3,
05-23,44.4,13.3,19.8,16.1,23.4,23.9,5.8,42.6,19.7,59.6,24.0,32.8,19.3,28.5,9.7,13.1,0.0,20.6,10.5,34.4,8.8,6.0,44.7,14.2,24.9,56.3,0.0,16.9,31.0,17.3,21.6,32.7,7.2,45.2,11.3,12.1,13.4,33.9,20.7,,6.96,13.34,27.06,44.46,0.0,20.2,19.8,59.6,
05-24,43.1,12.5,18.6,14.8,21.4,23.4,4.9,41.8,19.0,58.7,23.2,32.2,18.9,27.6,8.0,12.0,0.0,19.2,9.4,33.4,7.7,5.9,44.8,13.5,23.9,56.1,0.0,15.5,29.8,17.4,20.4,32.4,6.1,45.5,11.0,11.3,12.6,32.7,20.6,,6.06,12.54,26.12,43.44,0.0,19.1,19.0,58.7,
05-25,41.9,12.5,17.3,14.2,21.3,23.1,4.4,41.3,18.4,58.7,22.6,32.1,18.7,26.4,6.9,10.8,0.0,17.3,8.4,32.5,6.1,6.0,45.0,12.7,23.7,56.1,0.0,14.1,29.0,17.9,19.2,31.5,4.6,45.9,10.6,10.2,11.9,31.8,20.6,,5.72,12.14,25.32,42.52,0.0,18.6,18.4,58.7,
05-26,41.0,12.0,16.1,13.5,21.2,21.8,3.4,40.7,17.4,58.4,22.6,32.8,18.0,25.7,6.0,9.9,0.0,16.3,7.4,32.3,4.4,5.2,44.9,12.1,23.0,56.3,0.0,12.9,28.8,17.8,18.2,29.8,2.7,45.8,9.7,9.3,11.0,30.6,20.4,,4.2,11.4,24.62,41.78,0.0,17.9,17.8,58.4,
05-27,39.7,11.9,15.1,12.5,19.9,20.5,3.4,40.4,16.4,58.1,22.9,32.8,17.5,24.8,5.5,9.0,0.0,14.7,6.1,30.8,2.6,4.1,44.0,11.5,21.3,55.4,0.0,11.5,27.9,17.5,18.0,28.7,1.6,44.9,7.7,8.3,8.9,29.4,20.0,,3.24,10.0,24.04,41.12,0.0,17.5,17.5,58.1,
05-28,38.3,11.8,14.6,11.2,18.1,20.1,3.5,40.3,15.4,58.6,22.7,32.8,16.6,23.9,4.0,7.8,0.0,12.8,4.9,29.5,0.6,2.2,42.9,10.5,19.8,54.6,0.0,9.7,26.6,17.0,18.1,28.9,0.7,44.6,7.1,7.0,7.3,28.5,19.2,,1.9,8.56,23.42,40.82,0.0,16.8,16.6,58.6,
05-29,37.1,11.4,13.1,10.1,16.7,19.8,3.4,39.8,14.7,58.7,23.3,32.7,15.5,22.1,1.3,6.9,0.0,11.2,4.9,28.3,0.4,0.5,41.9,8.5,17.7,53.1,0.0,8.8,24.8,16.5,17.6,28.2,0.4,44.1,5.6,5.8,5.6,27.1,17.9,,0.48,7.54,22.82,40.22,0.0,16.0,15.5,58.7,
05-30,36.4,11.1,11.4,8.3,16.6,17.9,3.1,39.4,13.3,59.6,23.0,32.6,14.3,20.9,0.4,6.3,0.0,9.9,4.8,27.2,0.0,0.7,41.3,7.2,15.7,52.1,0.0,8.9,23.6,16.1,17.1,26.8,0.0,43.7,3.9,4.5,5.8,25.4,16.6,,0.32,6.66,22.16,39.78,0.0,15.0,14.3,59.6,
05-31,35.4,10.3,11.4,7.4,16.6,16.1,2.9,38.7,11.8,60.2,22.5,32.2,13.1,19.4,0.0,4.9,0.0,8.6,4.8,26.8,0.0,0.0,40.0,5.6,14.1,51.1,0.0,8.6,22.8,15.0,15.8,25.5,0.0,43.6,2.6,4.0,6.0,24.5,16.2,,0.0,5.76,21.26,38.96,0.0,13.6,13.1,60.2,
06-01,33.9,8.6,11.3,5.9,14.9,15.7,2.6,37.3,10.7,60.4,21.3,31.2,12.1,18.5,0.0,3.5,0.0,7.1,3.6,26.4,0.0,0.0,38.0,4.2,12.4,51.1,0.0,8.1,21.7,13.9,14.6,24.0,0.0,42.9,0.7,3.0,5.3,23.4,14.2,,0.0,4.64,20.18,37.44,0.0,12.2,12.1,60.4,
06-02,32.4,6.9,9.9,4.1,14.8,15.3,1.9,36.3,9.0,60.4,20.6,29.5,10.6,17.0,0.0,1.8,0.0,5.9,1.6,24.9,0.0,0.0,36.2,3.6,10.6,50.0,0.0,6.8,20.1,13.0,13.0,22.5,0.0,41.5,0.2,1.7,3.8,22.6,12.8,,0.0,3.68,18.86,36.22,0.0,10.6,10.6,60.4,
06-03,31.5,5.2,8.3,2.7,14.0,15.5,0.4,35.5,7.3,60.6,19.3,28.1,9.1,15.5,0.0,0.6,0.0,4.5,0.3,23.9,0.0,0.0,34.3,2.5,9.8,49.7,0.0,5.2,18.8,11.6,11.7,21.8,0.0,40.7,0.1,0.2,1.7,22.8,11.4,,0.0,2.02,17.48,34.54,0.0,9.4,9.1,60.6,
06-04,30.1,2.9,6.2,1.8,13.0,15.8,0.1,35.4,5.8,60.4,17.6,26.7,8.0,14.4,0.0,0.0,0.0,3.1,0.0,23.4,0.0,0.0,32.4,1.7,8.3,48.3,0.0,3.6,17.2,10.2,10.3,20.5,0.0,40.0,0.0,0.0,0.8,22.3,10.3,,0.0,1.16,16.64,33.0,0.0,8.2,8.0,60.4,
06-05,29.1,1.0,3.6,1.0,11.2,14.8,0.0,34.7,3.8,59.8,15.8,25.2,8.8,13.7,0.0,0.0,0.0,1.7,0.0,23.4,0.0,0.0,31.5,0.2,5.8,46.5,0.0,1.9,15.4,8.8,8.7,18.7,0.0,39.1,0.0,0.0,0.2,21.4,8.5,,0.0,0.2,15.16,32.14,0.0,7.2,5.8,59.8,
06-06,27.2,0.1,1.0,0.1,9.5,14.0,0.0,34.0,1.5,59.0,14.3,23.9,9.5,12.3,0.0,0.0,0.0,1.2,0.0,22.8,0.0,0.0,31.8,0.0,4.0,44.8,0.0,0.3,13.5,8.3,7.3,17.1,0.0,37.4,0.0,0.0,0.0,20.0,6.8,,0.0,0.0,13.8,32.24,0.0,5.6,4.0,59.0,
06-07,25.1,0.0,0.0,0.0,7.6,13.5,0.0,33.5,0.5,58.1,13.0,22.7,9.2,11.6,0.0,0.0,0.0,0.0,0.0,21.6,0.0,0.0,30.7,0.0,1.1,42.8,0.0,0.0,11.7,7.5,6.0,15.8,0.0,35.8,0.0,0.0,0.0,18.9,4.9,,0.0,0.0,12.48,31.26,0.0,3.6,1.1,58.1,
06-08,23.6,0.0,0.0,0.0,5.5,12.2,0.0,33.8,0.0,56.6,11.3,21.6,9.0,9.7,0.0,0.0,0.0,0.0,0.0,20.6,0.0,0.0,29.0,0.0,0.0,41.3,0.0,0.0,10.3,6.0,4.3,14.7,0.0,34.4,0.0,0.0,0.0,17.8,3.2,,0.0,0.0,10.9,29.96,0.0,2.2,0.0,56.6,
06-09,22.6,0.0,0.0,0.0,2.7,10.6,0.0,33.5,0.0,55.7,9.8,21.5,8.3,8.0,0.0,0.0,0.0,0.0,0.0,19.5,0.0,0.0,28.4,0.0,0.0,38.9,0.0,0.0,9.8,4.4,2.6,13.4,0.0,32.6,0.0,0.0,0.0,16.6,1.1,,0.0,0.0,9.8,29.24,0.0,1.3,0.0,55.7,
06-10,22.8,0.0,0.0,0.0,1.6,9.1,0.1,33.0,0.0,55.3,8.6,20.7,7.4,5.8,0.0,0.0,0.0,0.0,0.0,18.2,0.0,0.0,27.0,0.0,0.0,37.4,0.0,0.0,8.5,2.6,1.0,11.8,0.0,31.4,0.0,0.0,0.0,15.9,0.1,,0.0,0.0,8.56,27.88,0.0,0.6,0.1,55.3,
06-11,22.6,0.0,0.0,0.0,0.9,7.7,0.0,32.3,0.0,54.7,7.0,20.0,6.5,4.6,0.0,0.0,0.0,0.0,0.0,17.7,0.0,0.0,24.7,0.0,0.0,35.5,0.0,0.0,7.1,1.7,0.0,10.1,0.0,30.3,0.0,0.0,0.0,14.4,0.0,,0.0,0.0,7.06,25.82,0.0,0.0,0.0,54.7,
06-12,21.1,0.0,0.0,0.0,0.0,6.1,0.0,31.3,0.0,54.7,5.4,18.7,5.7,2.5,0.0,0.0,0.0,0.0,0.0,17.2,0.0,0.0,23.7,0.0,0.0,33.4,0.0,0.0,6.0,0.4,0.0,8.8,0.0,28.4,0.0,0.0,0.0,13.5,0.0,,0.0,0.0,5.88,24.64,0.0,0.0,0.0,54.7,
06-13,19.1,0.0,0.0,0.0,0.0,5.0,0.0,29.8,0.0,53.1,3.4,17.3,4.0,0.7,0.0,0.0,0.0,0.0,0.0,17.9,0.0,0.0,23.7,0.0,0.0,31.5,0.0,0.0,4.2,0.0,0.0,7.7,0.0,26.2,0.0,0.0,0.0,12.8,0.0,,0.0,0.0,4.12,24.2,0.0,0.0,0.0,53.1,
06-14,18.1,0.0,0.0,0.0,0.0,3.0,0.0,28.2,0.0,51.1,1.8,16.4,2.6,0.0,0.0,0.0,0.0,0.0,0.0,17.2,0.0,0.0,22.0,0.0,0.0,29.5,0.0,0.0,2.2,0.0,0.0,6.4,0.0,24.3,0.0,0.0,0.0,11.8,0.0,,0.0,0.0,2.44,22.46,0.0,0.0,0.0,51.1,
06-15,16.6,0.0,0.0,0.0,0.0,1.4,0.0,26.4,0.0,48.8,1.1,15.6,2.5,0.0,0.0,0.0,0.0,0.0,0.0,16.5,0.0,0.0,20.1,0.0,0.0,27.8,0.0,0.0,1.0,0.0,0.0,4.4,0.0,22.6,0.0,0.0,0.0,10.7,0.0,,0.0,0.0,1.28,20.6,0.0,0.0,0.0,48.8,
06-16,15.1,0.0,0.0,0.0,0.0,0.0,0.0,24.9,0.0,46.8,0.3,14.4,1.4,0.0,0.0,0.0,0.0,0.0,0.0,15.1,0.0,0.0,17.9,0.0,0.0,25.4,0.0,0.0,0.3,0.0,0.0,2.3,0.0,21.5,0.0,0.0,0.0,9.6,0.0,,0.0,0.0,0.3,18.62,0.0,0.0,0.0,46.8,
06-17,13.2,0.0,0.0,0.0,0.0,0.0,0.0,23.2,0.0,44.9,0.0,13.2,0.7,0.0,0.0,0.0,0.0,0.0,0.0,13.5,0.0,0.0,15.8,0.0,0.0,23.4,0.0,0.0,0.0,0.0,0.0,0.3,0.0,20.5,0.0,0.0,0.0,8.6,0.0,,0.0,0.0,0.0,16.74,0.0,0.0,0.0,44.9,
06-18,12.1,0.0,0.0,0.0,0.0,0.0,0.0,22.9,0.0,44.3,0.0,12.3,0.7,0.0,0.0,0.0,0.0,0.0,0.0,11.8,0.0,0.0,14.0,0.0,0.0,22.3,0.0,0.0,0.0,0.0,0.0,0.0,0.0,19.7,0.0,0.0,0.0,8.9,0.0,,0.0,0.0,0.0,15.14,0.0,0.0,0.0,44.3,
06-19,10.9,0.0,0.0,0.0,0.0,0.0,0.0,22.4,0.0,42.9,0.0,10.6,0.2,0.0,0.0,0.0,0.0,0.0,0.0,9.9,0.0,0.0,12.1,0.0,0.0,20.7,0.0,0.0,0.0,0.0,0.0,0.0,0.0,19.0,0.0,0.0,0.0,7.4,0.0,,0.0,0.0,0.0,13.48,0.0,0.0,0.0,42.9,
06-20,9.2,0.0,0.0,0.0,0.0,0.0,0.0,21.2,0.0,41.2,0.0,8.5,0.2,0.0,0.0,0.0,0.0,0.0,0.0,8.1,0.0,0.0,10.2,0.0,0.0,19.4,0.0,0.0,0.0,0.0,0.0,0.0,0.0,17.5,0.0,0.0,0.0,5.2,0.0,,0.0,0.0,0.0,11.66,0.0,0.0,0.0,41.2,
06-21,7.3,0.0,0.0,0.0,0.0,0.0,0.0,19.0,0.0,39.5,0.0,5.9,0.0,0.0,0.0,0.0,0.0,0.0,0.0,6.6,0.0,0.0,8.4,0.0,0.0,18.9,0.0,0.0,0.0,0.0,0.0,0.0,0.0,16.3,0.0,0.0,0.0,3.6,0.0,,0.0,0.0,0.0,9.98,0.0,0.0,0.0,39.5,
06-22,5.1,0.0,0.0,0.0,0.0,0.0,0.0,18.0,0.0,37.5,0.0,2.0,0.0,0.0,0.0,0.0,0.0,0.0,0.0,4.8,0.0,0.0,6.0,0.0,0.0,17.3,0.0,0.0,0.0,0.0,0.0,0.0,0.0,15.2,0.0,0.0,0.0,2.1,0.0,,0.0,0.0,0.0,7.84,0.0,0.0,0.0,37.5,
06-23,2.7,0.0,0.0,0.0,0.0,0.0,0.0,16.4,0.0,35.6,0.0,1.7,0.0,0.0,0.0,0.0,0.0,0.0,0.0,2.8,0.0,0.0,3.5,0.0,0.0,15.3,0.0,0.0,0.0,0.0,0.0,0.0,0.0,15.8,0.0,0.0,0.0,0.6,0.0,,0.0,0.0,0.0,5.86,0.0,0.0,0.0,35.6,
06-24,0.7,0.0,0.0,0.0,0.0,0.0,0.0,15.0,0.0,33.6,0.0,0.4,0.0,0.0,0.0,0.0,0.0,0.0,0.0,0.8,0.0,0.0,1.6,0.0,0.0,13.1,0.0,0.0,0.0,0.0,0.0,0.0,0.0,15.2,0.0,0.0,0.0,0.2,0.0,,0.0,0.0,0.0,3.9,0.0,0.0,0.0,33.6,
06-25,0.0,0.0,0.0,0.0,0.0,0.0,0.0,13.0,0.0,31.9,0.0,0.0,0.0,0.0,0.0,0.0,0.0,0.0,0.0,0.0,0.0,0.0,0.4,0.0,0.0,10.9,0.0,0.0,0.0,0.0,0.0,0.0,0.0,14.2,0.0,0.0,0.0,0.0,0.0,,0.0,0.0,0.0,2.5,0.0,0.0,0.0,31.9,
06-26,0.0,0.0,0.0,0.0,0.0,0.0,0.0,11.1,0.0,30.6,0.0,0.0,0.0,0.0,0.0,0.0,0.0,0.0,0.0,0.0,0.0,0.0,0.2,0.0,0.0,8.9,0.0,0.0,0.0,0.0,0.0,0.0,0.0,12.9,0.0,0.0,0.0,0.0,0.0,,0.0,0.0,0.0,1.94,0.0,0.0,0.0,30.6,
06-27,0.0,0.0,0.0,0.0,0.0,0.0,0.0,8.8,0.0,29.3,0.0,0.0,0.0,0.0,0.0,0.0,0.0,0.0,0.0,0.0,0.0,0.0,0.0,0.0,0.0,6.8,0.0,0.0,0.0,0.0,0.0,0.0,0.0,11.3,0.0,0.0,0.0,0.0,0.0,,0.0,0.0,0.0,1.36,0.0,0.0,0.0,29.3,
06-28,0.0,0.0,0.0,0.0,0.0,0.0,0.0,5.0,0.0,27.9,0.0,0.0,0.0,0.0,0.0,0.0,0.0,0.0,0.0,0.0,0.0,0.0,0.0,0.0,0.0,3.7,0.0,0.0,0.0,0.0,0.0,0.0,0.0,9.7,0.0,0.0,0.0,0.0,0.0,,0.0,0.0,0.0,0.74,0.0,0.0,0.0,27.9,
06-29,0.0,0.0,0.0,0.0,0.0,0.0,0.0,2.1,0.0,26.9,0.0,0.0,0.0,0.0,0.0,0.0,0.0,0.0,0.0,0.0,0.0,0.0,0.0,0.0,0.0,0.9,0.0,0.0,0.0,0.0,0.0,0.0,0.0,7.9,0.0,0.0,0.0,0.0,0.0,,0.0,0.0,0.0,0.18,0.0,0.0,0.0,26.9,
06-30,0.0,0.0,0.0,0.0,0.0,0.0,0.0,1.4,0.0,26.4,0.0,0.0,0.0,0.0,0.0,0.0,0.0,0.0,0.0,0.0,0.0,0.0,0.0,0.0,0.0,0.0,0.0,0.0,0.0,0.0,0.0,0.0,0.0,6.2,0.0,0.0,0.0,0.0,0.0,,0.0,0.0,0.0,0.0,0.0,0.0,0.0,26.4,
07-01,0.0,0.0,0.0,0.0,0.0,0.0,0.0,0.7,0.0,26.3,0.0,0.0,0.0,0.0,0.0,0.0,0.0,0.0,0.0,0.0,0.0,0.0,0.0,0.0,0.0,0.0,0.0,0.0,0.0,0.0,0.0,0.0,0.0,4.2,0.0,0.0,0.0,0.0,0.0,,0.0,0.0,0.0,0.0,0.0,0.0,0.0,26.3,
07-02,0.0,0.0,0.0,0.0,0.0,0.0,0.0,0.4,0.0,25.8,0.0,0.0,0.0,0.0,0.0,0.0,0.0,0.0,0.0,0.0,0.0,0.0,0.0,0.0,0.0,0.0,0.0,0.0,0.0,0.0,0.0,0.0,0.0,2.3,0.0,0.0,0.0,0.0,0.0,,0.0,0.0,0.0,0.0,0.0,0.0,0.0,25.8,
07-03,0.0,0.0,0.0,0.0,0.0,0.0,0.0,0.0,0.0,24.9,0.0,0.0,0.0,0.0,0.0,0.0,0.0,0.0,0.0,0.0,0.0,0.0,0.0,0.0,0.0,0.0,0.0,0.0,0.0,0.0,0.0,0.0,0.0,0.4,0.0,0.0,0.0,0.0,0.0,,0.0,0.0,0.0,0.0,0.0,0.0,0.0,24.9,
07-04,0.0,0.0,0.0,0.0,0.0,0.0,0.0,0.0,0.0,24.5,0.0,0.0,0.0,0.0,0.0,0.0,0.0,0.0,0.0,0.0,0.0,0.0,0.0,0.0,0.0,0.0,0.0,0.0,0.0,0.0,0.0,0.0,0.0,0.0,0.0,0.0,0.0,0.0,0.0,,0.0,0.0,0.0,0.0,0.0,0.0,0.0,24.5,
07-05,0.0,0.0,0.0,0.0,0.0,0.0,0.0,0.0,0.0,24.1,0.0,0.0,0.0,0.0,0.0,0.0,0.0,0.0,0.0,0.0,0.0,0.0,0.0,0.0,0.0,0.0,0.0,0.0,0.0,0.0,0.0,0.0,0.0,0.0,0.0,0.0,0.0,0.0,0.0,,0.0,0.0,0.0,0.0,0.0,0.0,0.0,24.1,
07-06,0.0,0.0,0.0,0.0,0.0,0.0,0.0,0.0,0.0,22.6,0.0,0.0,0.0,0.0,0.0,0.0,0.0,0.0,0.0,0.0,0.0,0.0,0.0,0.0,0.0,0.0,0.0,0.0,0.0,0.0,0.0,0.0,0.0,0.0,0.0,0.0,0.0,0.0,0.0,,0.0,0.0,0.0,0.0,0.0,0.0,0.0,22.6,
07-07,0.0,0.0,0.0,0.0,0.0,0.0,0.0,0.0,0.0,20.8,0.0,0.0,0.0,0.0,0.0,0.0,0.0,0.0,0.0,0.0,0.0,0.0,0.0,0.0,0.0,0.0,0.0,0.0,0.0,0.0,0.0,0.0,0.0,0.0,0.0,0.0,0.0,0.0,0.0,,0.0,0.0,0.0,0.0,0.0,0.0,0.0,20.8,
07-08,0.0,0.0,0.0,0.0,0.0,0.0,0.0,0.0,0.0,18.9,0.0,0.0,0.0,0.0,0.0,0.0,0.0,0.0,0.0,0.0,0.0,0.0,0.0,0.0,0.0,0.0,0.0,0.0,0.0,0.0,0.0,0.0,0.0,0.0,0.0,0.0,0.0,0.0,0.0,,0.0,0.0,0.0,0.0,0.0,0.0,0.0,18.9,
07-09,0.0,0.0,0.0,0.0,0.0,0.0,0.0,0.0,0.0,17.1,0.0,0.0,0.0,0.0,0.0,0.0,0.0,0.0,0.0,0.0,0.0,0.0,0.0,0.0,0.0,0.0,0.0,0.0,0.0,0.0,0.0,0.0,0.0,0.0,0.0,0.0,0.0,0.0,0.0,,0.0,0.0,0.0,0.0,0.0,0.0,0.0,17.1,
07-10,0.0,0.0,0.0,0.0,0.0,0.0,0.0,0.0,0.0,15.3,0.0,0.0,0.0,0.0,0.0,0.0,0.0,0.0,0.0,0.0,0.0,0.0,0.0,0.0,0.0,0.0,0.0,0.0,0.0,0.0,0.0,0.0,0.0,0.0,0.0,0.0,0.0,0.0,0.0,,0.0,0.0,0.0,0.0,0.0,0.0,0.0,15.3,
07-11,0.0,0.0,0.0,0.0,0.0,0.0,0.0,0.0,0.0,13.3,0.0,0.0,0.0,0.0,0.0,0.0,0.0,0.0,0.0,0.0,0.0,0.0,0.0,0.0,0.0,0.0,0.0,0.0,0.0,0.0,0.0,0.0,0.0,0.0,0.0,0.0,0.0,0.0,0.0,,0.0,0.0,0.0,0.0,0.0,0.0,0.0,13.3,
07-12,0.0,0.0,0.0,0.0,0.0,0.0,0.0,0.0,0.0,11.3,0.0,0.0,0.0,0.0,0.0,0.0,0.0,0.0,0.0,0.0,0.0,0.0,0.0,0.0,0.0,0.0,0.0,0.0,0.0,0.0,0.0,0.0,0.0,0.0,0.0,0.0,0.0,0.0,0.0,,0.0,0.0,0.0,0.0,0.0,0.0,0.0,11.3,
07-13,0.0,0.0,0.0,0.0,0.0,0.0,0.0,0.0,0.0,9.3,0.0,0.0,0.0,0.0,0.0,0.0,0.0,0.0,0.0,0.0,0.0,0.0,0.0,0.0,0.0,0.0,0.0,0.0,0.0,0.0,0.0,0.0,0.0,0.0,0.0,0.0,0.0,0.0,0.0,,0.0,0.0,0.0,0.0,0.0,0.0,0.0,9.3,
07-14,0.0,0.0,0.0,0.0,0.0,0.0,0.0,0.0,0.0,7.0,0.0,0.0,0.0,0.0,0.0,0.0,0.0,0.0,0.0,0.0,0.0,0.0,0.0,0.0,0.0,0.0,0.0,0.0,0.0,0.0,0.0,0.0,0.0,0.0,0.0,0.0,0.0,0.0,0.0,,0.0,0.0,0.0,0.0,0.0,0.0,0.0,7.0,
07-15,0.0,0.0,0.0,0.0,0.0,0.0,0.0,0.0,0.0,4.7,0.0,0.0,0.0,0.0,0.0,0.0,0.0,0.0,0.0,0.0,0.0,0.0,0.0,0.0,0.0,0.0,0.0,0.0,0.0,0.0,0.0,0.0,0.0,0.0,0.0,0.0,0.0,0.0,0.0,,0.0,0.0,0.0,0.0,0.0,0.0,0.0,4.7,
07-16,0.0,0.0,0.0,0.0,0.0,0.0,0.0,0.0,0.0,2.0,0.0,0.0,0.0,0.0,0.0,0.0,0.0,0.0,0.0,0.0,0.0,0.0,0.0,0.0,0.0,0.0,0.0,0.0,0.0,0.0,0.0,0.0,0.0,0.0,0.0,0.0,0.0,0.0,0.0,,0.0,0.0,0.0,0.0,0.0,0.0,0.0,2.0,
07-17,0.0,0.0,0.0,0.0,0.0,0.0,0.0,0.0,0.0,1.5,0.0,0.0,0.0,0.0,0.0,0.0,0.0,0.0,0.0,0.0,0.0,0.0,0.0,0.0,0.0,0.0,0.0,0.0,0.0,0.0,0.0,0.0,0.0,0.0,0.0,0.0,0.0,0.0,0.0,,0.0,0.0,0.0,0.0,0.0,0.0,0.0,1.5,
07-18,0.0,0.0,0.0,0.0,0.0,0.0,0.0,0.0,0.0,1.1,0.0,0.0,0.0,0.0,0.0,0.0,0.0,0.0,0.0,0.0,0.0,0.0,0.0,0.0,0.0,0.0,0.0,0.0,0.0,0.0,0.0,0.0,0.0,0.0,0.0,0.0,0.0,0.0,0.0,,0.0,0.0,0.0,0.0,0.0,0.0,0.0,1.1,
07-19,0.0,0.0,0.0,0.0,0.0,0.0,0.0,0.0,0.0,0.8,0.0,0.0,0.0,0.0,0.0,0.0,0.0,0.0,0.0,0.0,0.0,0.0,0.0,0.0,0.0,0.0,0.0,0.0,0.0,0.0,0.0,0.0,0.0,0.0,0.0,0.0,0.0,0.0,0.0,,0.0,0.0,0.0,0.0,0.0,0.0,0.0,0.8,
07-20,0.0,0.0,0.0,0.0,0.0,0.0,0.0,0.0,0.0,0.5,0.0,0.0,0.0,0.0,0.0,0.0,0.0,0.0,0.0,0.0,0.0,0.0,0.0,0.0,0.0,0.0,0.0,0.0,0.0,0.0,0.0,0.0,0.0,0.0,0.0,0.0,0.0,0.0,0.0,,0.0,0.0,0.0,0.0,0.0,0.0,0.0,0.5,
07-21,0.0,0.0,0.0,0.0,0.0,0.0,0.0,0.0,0.0,0.0,0.0,0.0,0.0,0.0,0.0,0.0,0.0,0.0,0.0,0.0,0.0,0.0,0.0,0.0,0.0,0.0,0.0,0.0,0.0,0.0,0.0,0.0,0.0,0.0,0.0,0.0,0.0,0.0,0.0,,0.0,0.0,0.0,0.0,0.0,0.0,0.0,0.0,
07-22,0.0,0.0,0.0,0.0,0.0,0.0,0.0,0.0,0.0,0.0,0.0,0.0,0.0,0.0,0.0,0.0,0.0,0.0,0.0,0.0,0.0,0.0,0.0,0.0,0.0,0.0,0.0,0.0,0.0,0.0,0.0,0.0,0.0,0.0,0.0,0.0,0.0,0.0,0.0,,0.0,0.0,0.0,0.0,0.0,0.0,0.0,0.0,
07-23,0.0,0.0,0.0,0.0,0.0,0.0,0.0,0.0,0.0,0.0,0.0,0.0,0.0,0.0,0.0,0.0,0.0,0.0,0.0,0.0,0.0,0.0,0.0,0.0,0.0,0.0,0.0,0.0,0.0,0.0,0.0,0.0,0.0,0.0,0.0,0.0,0.0,0.0,0.0,,0.0,0.0,0.0,0.0,0.0,0.0,0.0,0.0,
07-24,0.0,0.0,0.0,0.0,0.0,0.0,0.0,0.0,0.0,0.0,0.0,0.0,0.0,0.0,0.0,0.0,0.0,0.0,0.0,0.0,0.0,0.0,0.0,0.0,0.0,0.0,0.0,0.0,0.0,0.0,0.0,0.0,0.0,0.0,0.0,0.0,0.0,0.0,0.0,,0.0,0.0,0.0,0.0,0.0,0.0,0.0,0.0,
07-25,0.0,0.0,0.0,0.0,0.0,0.0,0.0,0.0,0.0,0.0,0.0,0.0,0.0,0.0,0.0,0.0,0.0,0.0,0.0,0.0,0.0,0.0,0.0,0.0,0.0,0.0,0.0,0.0,0.0,0.0,0.0,0.0,0.0,0.0,0.0,0.0,0.0,0.0,0.0,,0.0,0.0,0.0,0.0,0.0,0.0,0.0,0.0,
07-26,0.0,0.0,0.0,0.0,0.0,0.0,0.0,0.0,0.0,0.0,0.0,0.0,0.0,0.0,0.0,0.0,0.0,0.0,0.0,0.0,0.0,0.0,0.0,0.0,0.0,0.0,0.0,0.0,0.0,0.0,0.0,0.0,0.0,0.0,0.0,0.0,0.0,0.0,0.0,,0.0,0.0,0.0,0.0,0.0,0.0,0.0,0.0,
07-27,0.0,0.0,0.0,0.0,0.0,0.0,0.0,0.0,0.0,0.0,0.0,0.0,0.0,0.0,0.0,0.0,0.0,0.0,0.0,0.0,0.0,0.0,0.0,0.0,0.0,0.0,0.0,0.0,0.0,0.0,0.0,0.0,0.0,0.0,0.0,0.0,0.0,0.0,0.0,,0.0,0.0,0.0,0.0,0.0,0.0,0.0,0.0,
07-28,0.0,0.0,0.0,0.0,0.0,0.0,0.0,0.0,0.0,0.0,0.0,0.0,0.0,0.0,0.0,0.0,0.0,0.0,0.0,0.0,0.0,0.0,0.0,0.0,0.0,0.0,0.0,0.0,0.0,0.0,0.0,0.0,0.0,0.0,0.0,0.0,0.0,0.0,0.0,,0.0,0.0,0.0,0.0,0.0,0.0,0.0,0.0,
07-29,0.0,0.0,0.0,0.0,0.0,0.0,0.0,0.0,0.0,0.0,0.0,0.0,0.0,0.0,0.0,0.0,0.0,0.0,0.0,0.0,0.0,0.0,0.0,0.0,0.0,0.0,0.0,0.0,0.0,0.0,0.0,0.0,0.0,0.0,0.0,0.0,0.0,0.0,0.0,,0.0,0.0,0.0,0.0,0.0,0.0,0.0,0.0,
07-30,0.0,0.0,0.0,0.0,0.0,0.0,0.0,0.0,0.0,0.0,0.0,0.0,0.0,0.0,0.0,0.0,0.0,0.0,0.0,0.0,0.0,0.0,0.0,0.0,0.0,0.0,0.0,0.0,0.0,0.0,0.0,0.0,0.0,0.0,0.0,0.0,0.0,0.0,0.0,,0.0,0.0,0.0,0.0,0.0,0.0,0.0,0.0,
07-31,0.0,0.0,0.0,0.0,0.0,0.0,0.0,0.0,0.0,0.0,0.0,0.0,0.0,0.0,0.0,0.0,0.0,0.0,0.0,0.0,0.0,0.0,0.0,0.0,0.0,0.0,0.0,0.0,0.0,0.0,0.0,0.0,0.0,0.0,0.0,0.0,0.0,0.0,0.0,,0.0,0.0,0.0,0.0,0.0,0.0,0.0,0.0,
08-01,0.0,0.0,0.0,0.0,0.0,0.0,0.0,0.0,0.0,0.0,0.0,0.0,0.0,0.0,0.0,0.0,0.0,0.0,0.0,0.0,0.0,0.0,0.0,0.0,0.0,0.0,0.0,0.0,0.0,0.0,0.0,0.0,0.0,0.0,0.0,0.0,0.0,0.0,0.0,,0.0,0.0,0.0,0.0,0.0,0.0,0.0,0.0,
08-02,0.0,0.0,0.0,0.0,0.0,0.0,0.0,0.0,0.0,0.0,0.0,0.0,0.0,0.0,0.0,0.0,0.0,0.0,0.0,0.0,0.0,0.0,0.0,0.0,0.0,0.0,0.0,0.0,0.0,0.0,0.0,0.0,0.0,0.0,0.0,0.0,0.0,0.0,0.0,,0.0,0.0,0.0,0.0,0.0,0.0,0.0,0.0,
08-03,0.0,0.0,0.0,0.0,0.0,0.0,0.0,0.0,0.0,0.0,0.0,0.0,0.0,0.0,0.0,0.0,0.0,0.0,0.0,0.0,0.0,0.0,0.0,0.0,0.0,0.0,0.0,0.0,0.0,0.0,0.0,0.0,0.0,0.0,0.0,0.0,0.0,0.0,0.0,,0.0,0.0,0.0,0.0,0.0,0.0,0.0,0.0,
08-04,0.0,0.0,0.0,0.0,0.0,0.0,0.0,0.0,0.0,0.0,0.0,0.0,0.0,0.0,0.0,0.0,0.0,0.0,0.0,0.0,0.0,0.0,0.0,0.0,0.0,0.0,0.0,0.0,0.0,0.0,0.0,0.0,0.0,0.0,0.0,0.0,0.0,0.0,0.0,,0.0,0.0,0.0,0.0,0.0,0.0,0.0,0.0,
08-05,0.0,0.0,0.0,0.0,0.0,0.0,0.0,0.0,0.0,0.0,0.0,0.0,0.0,0.0,0.0,0.0,0.0,0.0,0.0,0.0,0.0,0.0,0.0,0.0,0.0,0.0,0.0,0.0,0.0,0.0,0.0,0.0,0.0,0.0,0.0,0.0,0.0,0.0,0.0,,0.0,0.0,0.0,0.0,0.0,0.0,0.0,0.0,
08-06,0.0,0.0,0.0,0.0,0.0,0.0,0.0,0.0,0.0,0.0,0.0,0.0,0.0,0.0,0.0,0.0,0.0,0.0,0.0,0.0,0.0,0.0,0.0,0.0,0.0,0.0,0.0,0.0,0.0,0.0,0.0,0.0,0.0,0.0,0.0,0.0,0.0,0.0,0.0,,0.0,0.0,0.0,0.0,0.0,0.0,0.0,0.0,
08-07,0.0,0.0,0.0,0.0,0.0,0.0,0.0,0.0,0.0,0.0,0.0,0.0,0.0,0.0,0.0,0.0,0.0,0.0,0.0,0.0,0.0,0.0,0.0,0.0,0.0,0.0,0.0,0.0,0.0,0.0,0.0,0.0,0.0,0.0,0.0,0.0,0.0,0.0,0.0,,0.0,0.0,0.0,0.0,0.0,0.0,0.0,0.0,
08-08,0.0,0.0,0.0,0.0,0.0,0.0,0.0,0.0,0.0,0.0,0.0,0.0,0.0,0.0,0.0,0.0,0.0,0.0,0.0,0.0,0.0,0.0,0.0,0.0,0.0,0.0,0.0,0.0,0.0,0.0,0.0,0.0,0.0,0.0,0.0,0.0,0.0,0.0,0.0,,0.0,0.0,0.0,0.0,0.0,0.0,0.0,0.0,
08-09,0.0,0.0,0.0,0.0,0.0,0.0,0.0,0.0,0.0,0.0,0.0,0.0,0.0,0.0,0.0,0.0,0.0,0.0,0.0,0.0,0.0,0.0,0.0,0.0,0.0,0.0,0.0,0.0,0.0,0.0,0.0,0.0,0.0,0.0,0.0,0.0,0.0,0.0,0.0,,0.0,0.0,0.0,0.0,0.0,0.0,0.0,0.0,
08-10,0.0,0.0,0.0,0.0,0.0,0.0,0.0,0.0,0.0,0.0,0.0,0.0,0.0,0.0,0.0,0.0,0.0,0.0,0.0,0.0,0.0,0.0,0.0,0.0,0.0,0.0,0.0,0.0,0.0,0.0,0.0,0.0,0.0,0.0,0.0,0.0,0.0,0.0,0.0,,0.0,0.0,0.0,0.0,0.0,0.0,0.0,0.0,
08-11,0.0,0.0,0.0,0.0,0.0,0.0,0.0,0.0,0.0,0.0,0.0,0.0,0.0,0.0,0.0,0.0,0.0,0.0,0.0,0.0,0.0,0.0,0.0,0.0,0.0,0.0,0.0,0.0,0.0,0.0,0.0,0.0,0.0,0.0,0.0,0.0,0.0,0.0,0.0,,0.0,0.0,0.0,0.0,0.0,0.0,0.0,0.0,
08-12,0.0,0.0,0.0,0.0,0.0,0.0,0.0,0.0,0.0,0.0,0.0,0.0,0.0,0.0,0.0,0.0,0.0,0.0,0.0,0.0,0.0,0.0,0.0,0.0,0.0,0.0,0.0,0.0,0.0,0.0,0.0,0.0,0.0,0.0,0.0,0.0,0.0,0.0,0.0,,0.0,0.0,0.0,0.0,0.0,0.0,0.0,0.0,
08-13,0.0,0.0,0.0,0.0,0.0,0.0,0.0,0.0,0.0,0.0,0.0,0.0,0.0,0.0,0.0,0.0,0.0,0.0,0.0,0.0,0.0,0.0,0.0,0.0,0.0,0.0,0.0,0.0,0.0,0.0,0.0,0.0,0.0,0.0,0.0,0.0,0.0,0.0,0.0,,0.0,0.0,0.0,0.0,0.0,0.0,0.0,0.0,
08-14,0.0,0.0,0.0,0.0,0.0,0.0,0.0,0.0,0.0,0.0,0.0,0.0,0.0,0.0,0.0,0.0,0.0,0.0,0.0,0.0,0.0,0.0,0.0,0.0,0.0,0.0,0.0,0.0,0.0,0.0,0.0,0.0,0.0,0.0,0.0,0.0,0.0,0.0,0.0,,0.0,0.0,0.0,0.0,0.0,0.0,0.0,0.0,
08-15,0.0,0.0,0.0,0.0,0.0,0.0,0.0,0.0,0.0,0.0,0.0,0.0,0.0,0.0,0.0,0.0,0.0,0.0,0.0,0.0,0.0,0.0,0.0,0.0,0.0,0.0,0.0,0.0,0.0,0.0,0.0,0.0,0.0,0.0,0.0,0.0,0.0,0.0,0.0,,0.0,0.0,0.0,0.0,0.0,0.0,0.0,0.0,
08-16,0.0,0.0,0.0,0.0,0.0,0.0,0.0,0.0,0.0,0.0,0.0,0.0,0.0,0.0,0.0,0.0,0.0,0.0,0.0,0.0,0.0,0.0,0.0,0.0,0.0,0.0,0.0,0.0,0.0,0.0,0.0,0.0,0.0,0.0,0.0,0.0,0.0,0.0,0.0,,0.0,0.0,0.0,0.0,0.0,0.0,0.0,0.0,
08-17,0.0,0.0,0.0,0.0,0.0,0.0,0.0,0.0,0.0,0.0,0.0,0.0,0.0,0.0,0.0,0.0,0.0,0.0,0.0,0.0,0.0,0.0,0.0,0.0,0.0,0.0,0.0,0.0,0.0,0.0,0.0,0.0,0.0,0.0,0.0,0.0,0.0,0.0,0.0,,0.0,0.0,0.0,0.0,0.0,0.0,0.0,0.0,
08-18,0.0,0.0,0.0,0.0,0.0,0.0,0.0,0.0,0.0,0.0,0.0,0.0,0.0,0.0,0.0,0.0,0.0,0.0,0.0,0.0,0.0,0.0,0.0,0.0,0.0,0.0,0.0,0.0,0.0,0.0,0.0,0.0,0.0,0.0,0.0,0.0,0.0,0.0,0.0,,0.0,0.0,0.0,0.0,0.0,0.0,0.0,0.0,
08-19,0.0,0.0,0.0,0.0,0.0,0.0,0.0,0.0,0.0,0.0,0.0,0.0,0.0,0.0,0.0,0.0,0.0,0.0,0.0,0.0,0.0,0.0,0.0,0.0,0.0,0.0,0.0,0.0,0.0,0.0,0.0,0.0,0.0,0.0,0.0,0.0,0.0,0.0,0.0,,0.0,0.0,0.0,0.0,0.0,0.0,0.0,0.0,
08-20,0.0,0.0,0.0,0.0,0.0,0.0,0.0,0.0,0.0,0.0,0.0,0.0,0.0,0.0,0.0,0.0,0.0,0.0,0.0,0.0,0.0,0.0,0.0,0.0,0.0,0.0,0.0,0.0,0.0,0.0,0.0,0.0,0.0,0.0,0.0,0.0,0.0,0.0,0.0,,0.0,0.0,0.0,0.0,0.0,0.0,0.0,0.0,
08-21,0.0,0.0,0.0,0.0,0.0,0.0,0.0,0.0,0.0,0.0,0.0,0.0,0.0,0.0,0.0,0.0,0.0,0.0,0.0,0.0,0.0,0.0,0.0,0.0,0.0,0.0,0.0,0.0,0.0,0.0,0.0,0.0,0.0,0.0,0.0,0.0,0.0,0.0,0.0,,0.0,0.0,0.0,0.0,0.0,0.0,0.0,0.0,
08-22,0.0,0.0,0.0,0.0,0.0,0.0,0.0,0.0,0.0,0.0,0.0,0.0,0.0,0.0,0.0,0.0,0.0,0.0,0.0,0.0,0.0,0.0,0.0,0.0,0.0,0.0,0.0,0.0,0.0,0.0,0.0,0.0,0.0,0.0,0.0,0.0,0.0,0.0,0.0,,0.0,0.0,0.0,0.0,0.0,0.0,0.0,0.0,
08-23,0.0,0.0,0.0,0.0,0.0,0.0,0.0,0.0,0.0,0.0,0.0,0.0,0.0,0.0,0.0,0.0,0.0,0.0,0.0,0.0,0.0,0.0,0.0,0.0,0.0,0.0,0.0,0.0,0.0,0.0,0.0,0.0,0.0,0.0,0.0,0.0,0.0,0.0,0.0,,0.0,0.0,0.0,0.0,0.0,0.0,0.0,0.0,
08-24,0.0,0.0,0.0,0.0,0.0,0.0,0.0,0.0,0.0,0.0,0.0,0.0,0.0,0.0,0.0,0.0,0.0,0.0,0.0,0.0,0.0,0.0,0.0,0.0,0.0,0.0,0.0,0.0,0.0,0.0,0.0,0.0,0.0,0.0,0.0,0.0,0.0,0.0,0.0,,0.0,0.0,0.0,0.0,0.0,0.0,0.0,0.0,
08-25,0.0,0.0,0.0,0.0,0.0,0.0,0.0,0.0,0.0,0.0,0.0,0.0,0.0,0.0,0.0,0.0,0.0,0.0,0.0,0.0,0.0,0.0,0.0,0.0,0.0,0.0,0.0,0.0,0.0,0.0,0.0,0.0,0.0,0.0,0.0,0.0,0.0,0.0,0.0,,0.0,0.0,0.0,0.0,0.0,0.0,0.0,0.0,
08-26,0.0,0.0,0.0,0.0,0.0,0.0,0.0,0.0,0.0,0.0,0.0,0.0,0.0,0.0,0.0,0.0,0.0,0.0,0.0,0.0,0.0,0.0,0.0,0.0,0.0,0.0,0.0,0.0,0.0,0.0,0.0,0.0,0.0,0.0,0.0,0.0,0.0,0.0,0.0,,0.0,0.0,0.0,0.0,0.0,0.0,0.0,0.0,
08-27,0.0,0.0,0.0,0.0,0.0,0.0,0.0,0.0,0.0,0.0,0.0,0.0,0.0,0.0,0.0,0.0,0.0,0.0,0.0,0.0,0.0,0.0,0.0,0.0,0.0,0.0,0.0,0.0,0.0,0.0,0.0,0.0,0.0,0.0,0.0,0.0,0.0,0.0,0.0,,0.0,0.0,0.0,0.0,0.0,0.0,0.0,0.0,
08-28,0.0,0.0,0.0,0.0,0.0,0.0,0.0,0.0,0.0,0.0,0.0,0.0,0.0,0.0,0.0,0.0,0.0,0.0,0.0,0.0,0.0,0.0,0.0,0.0,0.0,0.0,0.0,0.0,0.0,0.0,0.0,0.0,0.0,0.0,0.0,0.0,0.0,0.0,0.0,,0.0,0.0,0.0,0.0,0.0,0.0,0.0,0.0,
08-29,0.0,0.0,0.0,0.0,0.0,0.0,0.0,0.0,0.0,0.0,0.0,0.0,0.0,0.0,0.0,0.0,0.0,0.0,0.0,0.0,0.0,0.0,0.0,0.0,0.0,0.0,0.0,0.0,0.0,0.0,0.0,0.0,0.0,0.0,0.0,0.0,0.0,0.0,0.0,,0.0,0.0,0.0,0.0,0.0,0.0,0.0,0.0,
08-30,0.0,0.0,0.0,0.0,0.0,0.0,0.0,0.0,0.0,0.0,0.0,0.0,0.0,0.0,0.0,0.0,0.0,0.0,0.0,0.0,0.0,0.0,0.0,0.0,0.0,0.0,0.0,0.0,0.0,0.0,0.0,0.0,0.0,0.0,0.0,0.0,0.0,0.0,0.0,,0.0,0.0,0.0,0.0,0.0,0.0,0.0,0.0,
08-31,0.0,0.0,0.0,0.0,0.0,0.0,0.0,0.0,0.0,0.0,0.0,0.0,0.0,0.0,0.0,0.0,0.0,0.0,0.0,0.0,0.0,0.0,0.0,0.0,0.0,0.0,0.0,0.0,0.0,0.0,0.0,0.0,0.0,0.0,0.0,0.0,0.0,0.0,0.0,,0.0,0.0,0.0,0.0,0.0,0.0,0.0,0.0,
09-01,0.0,0.0,0.0,0.0,0.0,0.0,0.0,0.0,0.0,0.0,0.0,0.0,0.0,0.0,0.0,0.0,0.0,0.0,0.0,0.0,0.0,0.0,0.0,0.0,0.0,0.0,0.0,0.0,0.0,0.0,0.0,0.0,0.0,0.0,0.0,0.0,0.0,0.0,0.0,,0.0,0.0,0.0,0.0,0.0,0.0,0.0,0.0,
09-02,0.0,0.0,0.0,0.0,0.0,0.0,0.0,0.0,0.0,0.0,0.0,0.0,0.0,0.0,0.0,0.0,0.0,0.0,0.0,0.0,0.0,0.0,0.0,0.0,0.0,0.0,0.0,0.0,0.0,0.0,0.0,0.0,0.0,0.0,0.0,0.0,0.0,0.0,0.0,,0.0,0.0,0.0,0.0,0.0,0.0,0.0,0.0,
09-03,0.0,0.0,0.0,0.0,0.0,0.0,0.0,0.0,0.0,0.0,0.0,0.0,0.0,0.0,0.0,0.0,0.0,0.0,0.0,0.0,0.0,0.0,0.0,0.0,0.0,0.0,0.0,0.0,0.0,0.0,0.0,0.0,0.0,0.0,0.0,0.0,0.0,0.0,0.0,,0.0,0.0,0.0,0.0,0.0,0.0,0.0,0.0,
09-04,0.0,0.0,0.0,0.0,0.0,0.0,0.0,0.0,0.0,0.0,0.0,0.0,0.0,0.0,0.0,0.0,0.0,0.0,0.0,0.0,0.0,0.0,0.0,0.0,0.0,0.0,0.0,0.0,0.0,0.0,0.0,0.0,0.0,0.0,0.0,0.0,0.0,0.0,0.0,,0.0,0.0,0.0,0.0,0.0,0.0,0.0,0.0,
09-05,0.0,0.0,0.0,0.0,0.0,0.0,0.0,0.0,0.0,0.0,0.0,0.0,0.0,0.0,0.0,0.0,0.0,0.0,0.0,0.0,0.0,0.0,0.0,0.0,0.0,0.0,0.0,0.0,0.0,0.0,0.0,0.0,0.0,0.0,0.0,0.0,0.0,0.0,0.0,,0.0,0.0,0.0,0.0,0.0,0.0,0.0,0.0,
09-06,0.0,0.0,0.0,0.0,0.0,0.0,0.0,0.0,0.0,0.0,0.0,0.0,0.0,0.0,0.0,0.0,0.0,0.0,0.0,0.0,0.0,0.0,0.0,0.0,0.0,0.0,0.0,0.0,0.0,0.0,0.0,0.0,0.0,0.0,0.0,0.0,0.0,0.0,0.0,,0.0,0.0,0.0,0.0,0.0,0.0,0.0,0.0,
09-07,0.0,0.0,0.0,0.0,0.0,0.0,0.0,0.0,0.0,0.0,0.0,0.0,0.0,0.0,0.0,0.0,0.0,0.0,0.0,0.0,0.0,0.0,0.0,0.0,0.0,0.0,0.0,0.0,0.0,0.0,0.0,0.0,0.0,0.0,0.0,0.0,0.0,0.0,0.0,,0.0,0.0,0.0,0.0,0.0,0.0,0.0,0.0,
09-08,0.0,0.0,0.0,0.0,0.0,0.0,0.0,0.0,0.0,0.0,0.0,0.0,0.0,0.0,0.0,0.0,0.0,0.0,0.0,0.0,0.0,0.0,0.0,0.0,0.0,0.0,0.0,0.0,0.0,0.0,0.0,0.0,0.0,0.0,0.0,0.0,0.0,0.0,0.0,,0.0,0.0,0.0,0.0,0.0,0.0,0.0,0.0,
09-09,0.0,0.0,0.0,0.0,0.0,0.0,0.0,0.0,0.0,0.0,0.0,0.0,0.0,0.0,0.0,0.0,0.0,0.0,0.0,0.0,0.0,0.0,0.0,0.0,0.0,0.0,0.0,0.0,0.0,0.0,0.0,0.0,0.0,0.0,1.1,0.0,0.0,0.0,0.0,,0.0,0.0,0.0,0.0,0.0,0.0,0.0,1.1,
09-10,0.0,0.0,0.0,0.0,0.0,0.0,0.0,0.0,0.0,0.0,0.0,0.0,0.0,0.0,0.0,0.0,0.0,0.0,0.0,0.0,0.0,0.0,0.0,0.0,0.0,0.0,0.0,0.0,0.0,0.0,0.0,0.0,0.0,0.0,1.1,0.0,0.0,0.0,0.0,,0.0,0.0,0.0,0.0,0.0,0.0,0.0,1.1,
09-11,0.0,0.0,0.0,0.0,0.0,0.0,0.0,0.0,0.0,0.0,0.0,0.0,0.0,0.0,0.0,0.0,0.0,0.0,0.0,0.0,0.0,0.0,0.0,0.0,0.0,0.0,0.0,0.0,0.0,0.0,0.0,0.0,0.0,0.0,1.1,0.0,0.0,0.0,0.0,,0.0,0.0,0.0,0.0,0.0,0.0,0.0,1.1,
09-12,0.0,0.0,0.0,0.0,0.0,0.0,0.0,0.0,0.0,0.0,0.0,0.0,0.0,0.0,0.0,0.0,0.0,0.0,0.0,0.0,0.0,0.0,0.0,0.0,0.0,0.0,0.0,0.0,0.0,0.0,0.0,0.0,0.0,0.0,0.3,0.0,0.0,0.0,0.0,,0.0,0.0,0.0,0.0,0.0,0.0,0.0,0.3,
09-13,0.0,0.0,0.0,0.0,0.0,0.0,0.0,0.0,0.0,0.0,0.0,0.0,0.0,0.0,0.0,0.0,0.0,0.0,0.0,0.0,0.0,0.0,0.0,0.0,0.0,0.0,0.0,0.0,0.0,0.0,0.0,0.0,0.0,0.0,0.2,0.0,0.0,0.0,0.0,,0.0,0.0,0.0,0.0,0.0,0.0,0.0,0.2,
09-14,0.0,0.0,0.0,0.0,0.0,0.0,0.0,0.0,0.0,0.0,0.0,0.0,0.0,0.0,0.0,0.0,0.0,0.0,0.0,0.0,0.0,0.0,0.0,0.0,0.0,0.0,0.0,0.0,0.0,0.0,0.0,0.0,0.0,0.0,0.2,0.0,0.0,0.0,0.0,,0.0,0.0,0.0,0.0,0.0,0.0,0.0,0.2,
09-15,0.0,0.0,0.0,0.0,0.0,0.0,0.0,0.0,0.0,0.0,0.0,0.0,0.0,0.0,0.0,0.0,0.0,0.0,0.0,0.0,0.0,0.0,0.0,0.0,0.0,0.0,0.0,0.0,0.0,0.0,0.0,0.0,0.0,0.0,0.2,0.0,0.0,0.0,0.0,,0.0,0.0,0.0,0.0,0.0,0.0,0.0,0.2,
09-16,0.0,0.0,0.0,0.0,0.0,0.0,0.0,0.0,0.0,0.0,0.0,0.0,0.0,0.0,0.0,0.0,0.0,0.0,0.0,0.0,0.0,0.0,0.0,0.0,0.0,0.0,0.0,0.0,0.0,0.0,0.0,0.0,0.0,0.0,0.2,0.0,0.0,0.0,0.0,,0.0,0.0,0.0,0.0,0.0,0.0,0.0,0.2,
09-17,0.0,0.0,0.0,0.0,0.0,0.0,0.0,0.0,0.0,0.0,0.0,0.0,0.0,0.0,0.0,0.0,0.0,0.0,0.0,0.0,0.0,0.0,0.0,0.0,0.0,0.0,0.0,0.0,0.0,0.0,0.0,0.0,0.0,0.0,0.1,0.0,0.0,0.0,0.0,,0.0,0.0,0.0,0.0,0.0,0.0,0.0,0.1,
09-18,0.0,0.0,0.0,0.0,0.0,0.0,0.0,0.0,0.0,0.0,0.0,0.0,0.0,0.0,0.0,0.0,0.0,0.0,0.0,0.0,0.0,0.0,0.0,0.0,0.0,0.0,0.0,0.0,0.0,0.0,0.0,0.0,0.0,0.0,0.1,0.0,0.0,0.0,0.0,,0.0,0.0,0.0,0.0,0.0,0.0,0.0,0.1,
09-19,0.0,0.0,0.0,0.0,0.0,0.0,0.0,0.0,0.0,0.0,0.0,0.0,0.0,0.0,0.0,0.0,0.0,0.0,0.0,0.0,0.0,0.0,0.0,0.0,0.0,0.0,0.0,0.0,0.0,0.0,0.0,0.0,0.0,0.0,0.1,0.0,0.0,0.0,0.0,,0.0,0.0,0.0,0.0,0.0,0.0,0.0,0.1,
09-20,0.0,0.0,0.0,0.0,0.0,0.0,0.0,0.0,0.0,0.0,0.0,0.0,0.0,0.0,0.0,0.0,0.0,0.0,0.0,0.0,0.0,0.0,0.0,0.0,0.0,0.0,0.0,0.0,0.0,0.0,0.0,0.0,0.0,0.0,0.0,0.0,0.0,0.0,0.0,,0.0,0.0,0.0,0.0,0.0,0.0,0.0,0.0,
09-21,0.0,0.0,0.0,0.0,0.0,0.0,0.0,0.0,0.0,0.0,0.0,0.1,0.0,0.0,0.0,0.0,0.0,0.0,0.0,0.0,0.0,0.0,0.0,0.0,0.0,0.0,0.0,0.0,0.0,0.0,0.0,0.0,0.0,0.0,0.0,0.0,0.0,0.0,0.0,,0.0,0.0,0.0,0.0,0.0,0.0,0.0,0.1,
09-22,0.0,0.0,0.0,0.0,0.0,0.0,0.0,0.0,0.0,0.0,0.0,0.1,0.0,0.0,0.0,0.0,0.0,0.0,0.0,0.0,0.5,0.0,0.0,0.0,0.0,0.0,0.0,0.0,0.0,0.0,0.0,0.0,0.0,0.0,0.0,0.0,0.0,0.0,0.8,,0.0,0.0,0.0,0.0,0.0,0.0,0.0,0.8,
09-23,0.0,0.0,0.0,0.0,0.0,0.0,0.0,0.0,0.0,0.0,0.0,0.0,0.0,0.0,0.0,0.0,0.0,0.0,0.0,0.0,0.9,0.0,0.0,0.0,0.0,0.0,0.0,0.8,0.0,0.0,0.0,0.0,0.0,0.0,0.0,0.0,0.0,0.0,0.2,,0.0,0.0,0.0,0.0,0.0,0.0,0.0,0.9,
09-24,0.0,0.0,0.0,0.0,0.0,0.0,0.0,0.0,0.0,0.0,0.0,0.0,0.0,0.0,0.0,0.0,0.0,0.0,0.0,0.0,0.5,0.0,0.0,0.0,0.0,0.0,0.0,0.5,0.0,0.0,0.2,0.0,0.0,0.0,0.0,0.0,0.0,0.0,0.0,,0.0,0.0,0.0,0.0,0.0,0.0,0.0,0.5,
09-25,1.3,0.0,0.0,0.0,0.0,0.0,0.0,0.0,0.0,0.0,0.0,0.0,0.0,0.0,0.0,0.0,0.0,0.0,0.0,0.0,0.5,0.0,0.0,0.0,0.0,0.0,0.0,0.3,0.0,0.0,0.5,0.0,0.0,0.0,0.0,0.0,0.0,0.0,0.0,,0.0,0.0,0.0,0.06,0.0,0.0,0.0,1.3,
09-26,3.0,0.0,0.0,0.0,0.0,0.0,0.0,0.0,0.0,0.0,0.0,0.0,0.0,0.0,0.0,0.0,0.0,0.0,0.0,0.0,1.6,0.0,0.0,0.0,0.0,0.0,0.0,0.0,0.0,0.0,0.0,0.0,0.0,0.0,0.0,0.0,0.0,0.0,0.0,,0.0,0.0,0.0,0.0,0.0,0.0,0.0,3.0,
09-27,3.2,0.0,0.0,0.0,0.0,0.0,0.0,0.0,0.0,0.0,0.0,0.0,0.0,0.0,0.0,0.0,0.0,0.0,0.0,0.0,1.2,0.0,0.0,0.0,0.0,0.0,0.0,0.0,0.0,0.0,0.0,0.0,0.0,0.0,0.0,0.0,0.0,0.0,0.0,,0.0,0.0,0.0,0.0,0.0,0.0,0.0,3.2,
09-28,3.2,0.0,0.0,0.0,0.0,0.0,0.0,0.0,0.0,0.0,0.0,0.0,0.0,0.0,0.0,0.0,0.0,0.0,0.0,0.0,0.0,0.0,0.0,0.0,0.0,0.0,0.0,0.0,0.0,0.0,0.0,0.0,0.0,0.0,0.0,0.0,0.0,0.0,0.0,,0.0,0.0,0.0,0.0,0.0,0.0,0.0,3.2,
09-29,3.2,0.0,0.0,0.0,0.0,0.0,0.0,0.0,0.0,0.0,0.0,0.0,0.0,0.0,0.0,0.0,0.0,0.0,0.0,0.0,0.0,0.0,0.0,0.0,0.0,0.0,0.0,0.0,0.1,0.0,0.0,0.0,0.0,0.0,0.0,0.0,0.0,0.0,0.0,,0.0,0.0,0.0,0.0,0.0,0.0,0.0,3.2,
09-30,3.3,0.0,0.0,0.0,0.0,0.0,0.0,0.0,0.0,0.0,0.0,0.0,0.0,0.0,0.0,0.0,0.6,0.0,0.0,0.0,0.0,0.0,0.0,0.0,0.0,0.0,0.0,0.0,0.5,0.0,0.0,0.0,0.0,0.0,0.0,0.0,0.0,0.0,0.0,,0.0,0.0,0.0,0.0,0.0,0.0,0.0,3.3,
