date,1998,1999,2000,2001,2002,2003,2004,2005,2006,2007,2008,2009,2010,2011,2012,2013,2014,2015,2016,2017,2018,2019,2020,2021,2022,2023,2024,2025,10%,30%,70%,90%,Min,Median (POR),Max
10-01,,0.0,1.0,1.0,0.0,,0.0,0.0,0.0,2.0,3.0,9.0,0.0,0.0,0.0,0.0,0.0,1.0,0.0,0.0,1.0,0.0,0.0,0.0,0.0,0.0,0.0,0.0,0.0,0.0,0.0,1.6,0.0,0.0,9.0
10-02,,0.0,0.0,0.0,0.0,,0.0,0.0,0.0,1.0,0.0,7.0,0.0,0.0,0.0,0.0,0.0,3.0,0.0,0.0,6.0,0.0,0.0,0.0,0.0,0.0,0.0,0.0,0.0,0.0,0.0,2.2,0.0,0.0,7.0
10-03,,0.0,1.0,0.0,0.0,1.0,0.0,,3.0,0.0,5.0,4.0,0.0,0.0,0.0,0.0,0.0,2.0,0.0,0.0,4.0,0.0,0.0,0.0,0.0,0.0,3.0,0.0,0.0,0.0,0.8,3.6,0.0,0.0,5.0
10-04,,4.0,1.0,0.0,0.0,3.0,0.0,1.0,3.0,1.0,4.0,6.0,0.0,0.0,0.0,0.0,0.0,3.0,0.0,0.0,3.0,0.0,0.0,0.0,0.0,0.0,2.0,0.0,0.0,0.0,1.5,3.5,0.0,0.0,6.0
10-05,,12.0,,,0.0,,0.0,1.0,3.0,2.0,3.0,0.0,0.0,0.0,0.0,0.0,0.0,2.0,0.0,0.0,0.0,0.0,0.0,0.0,0.0,0.0,0.0,0.0,0.0,0.0,0.0,2.8,0.0,0.0,12.0
10-06,,12.0,0.0,0.0,0.0,,0.0,0.0,2.0,0.0,3.0,0.0,3.0,0.0,3.0,0.0,0.0,0.0,0.0,0.0,0.0,0.0,0.0,0.0,0.0,0.0,0.0,0.0,0.0,0.0,0.0,3.0,0.0,0.0,12.0
10-07,,7.0,0.0,1.0,0.0,2.0,0.0,0.0,0.0,0.0,7.0,1.0,5.0,0.0,8.0,0.0,0.0,0.0,0.0,0.0,0.0,0.0,0.0,0.0,0.0,0.0,0.0,0.0,0.0,0.0,0.0,6.0,0.0,0.0,8.0
10-08,,5.0,6.0,0.0,0.0,,0.0,1.0,2.0,1.0,6.0,3.0,0.0,0.0,8.0,0.0,0.0,0.0,0.0,0.0,0.0,0.0,0.0,0.0,0.0,0.0,0.0,0.0,0.0,0.0,0.8,5.6,0.0,0.0,8.0
10-09,7.0,4.0,2.0,0.0,2.0,,0.0,1.0,1.0,1.0,4.0,5.0,4.0,0.0,7.0,0.0,0.0,0.0,0.0,0.0,0.0,1.0,0.0,0.0,0.0,0.0,0.0,0.0,0.0,0.0,1.5,4.5,0.0,0.0,7.0
10-10,3.0,3.0,0.0,0.0,10.0,2.0,0.0,,2.0,,5.0,4.0,4.0,0.0,6.0,0.0,0.0,0.0,0.0,0.0,6.0,1.0,0.0,0.0,2.0,0.0,0.0,0.0,0.0,0.0,2.8,5.6,0.0,0.0,10.0
10-11,2.0,2.0,1.0,0.0,6.0,3.0,0.0,,3.0,,3.0,6.0,2.0,0.0,3.0,0.0,8.0,0.0,0.0,0.0,5.0,9.0,0.0,0.0,1.0,0.0,0.0,0.0,0.0,0.0,3.0,6.0,0.0,1.0,9.0
10-12,3.0,2.0,0.0,0.0,11.0,3.0,0.0,1.0,0.0,7.0,5.0,0.0,2.0,0.0,2.0,0.0,6.0,0.0,0.0,0.0,2.0,18.0,0.0,0.0,1.0,0.0,5.0,0.0,0.0,0.0,2.2,6.4,0.0,1.0,18.0
10-13,9.0,2.0,1.0,1.0,9.0,3.0,0.0,0.0,2.0,4.0,5.0,6.0,4.0,0.0,2.0,0.0,5.0,4.0,0.0,0.0,0.0,13.0,0.0,0.0,2.0,0.0,11.0,0.0,0.0,0.0,4.0,9.0,0.0,2.0,13.0
10-14,7.0,0.0,1.0,1.0,8.0,3.0,1.0,0.0,1.0,4.0,1.0,8.0,5.0,0.0,0.0,0.0,8.0,4.0,0.0,0.0,0.0,13.0,0.0,0.0,3.0,0.0,8.0,0.0,0.0,0.0,4.0,8.0,0.0,1.0,13.0
10-15,4.0,0.0,0.0,1.0,6.0,3.0,0.0,0.0,1.0,,,7.0,9.0,0.0,0.0,0.0,14.0,2.0,0.0,0.0,0.0,17.0,0.0,0.0,5.0,0.0,5.0,0.0,0.0,0.0,3.8,8.2,0.0,0.0,17.0
10-16,4.0,0.0,0.0,0.0,5.0,4.0,0.0,0.0,1.0,7.0,3.0,6.0,11.0,0.0,0.0,0.0,12.0,1.0,0.0,0.0,0.0,14.0,0.0,0.0,5.0,0.0,3.0,0.0,0.0,0.0,4.0,8.6,0.0,0.0,14.0
10-17,2.0,1.0,1.0,1.0,4.0,3.0,0.0,0.0,0.0,,,8.0,9.0,0.0,0.0,0.0,10.0,0.0,0.0,0.0,0.0,12.0,0.0,0.0,5.0,0.0,2.0,1.0,0.0,0.0,2.0,8.6,0.0,0.0,12.0
10-18,2.0,2.0,1.0,0.0,3.0,3.0,0.0,0.0,2.0,,,6.0,7.0,0.0,0.0,0.0,11.0,0.0,0.0,0.0,0.0,11.0,0.0,0.0,5.0,0.0,1.0,4.0,0.0,0.0,2.0,6.6,0.0,0.0,11.0
10-19,0.0,1.0,1.0,0.0,4.0,3.0,0.0,5.0,0.0,22.0,12.0,4.0,6.0,0.0,0.0,0.0,9.0,0.0,0.0,0.0,0.0,10.0,4.0,0.0,3.0,0.0,1.0,5.0,0.0,0.0,4.0,9.4,0.0,1.0,22.0
10-20,1.0,1.0,1.0,1.0,3.0,3.0,0.0,7.0,0.0,19.0,8.0,7.0,6.0,0.0,0.0,0.0,9.0,0.0,0.0,0.0,0.0,9.0,2.0,0.0,4.0,0.0,1.0,4.0,0.0,0.0,3.2,8.4,0.0,1.0,19.0
10-21,1.0,0.0,,0.0,3.0,2.0,0.0,,0.0,,10.0,5.0,5.0,0.0,0.0,0.0,10.0,0.0,0.0,0.0,4.0,9.0,7.0,0.0,8.0,0.0,1.0,6.0,0.0,0.0,4.1,8.7,0.0,0.5,10.0
10-22,1.0,0.0,1.0,0.0,4.0,3.0,0.0,2.0,0.0,20.0,15.0,,5.0,3.0,0.0,0.0,8.0,0.0,1.0,0.0,3.0,7.0,7.0,0.0,8.0,0.0,1.0,7.0,0.0,0.0,3.5,8.0,0.0,1.0,20.0
10-23,1.0,0.0,0.0,1.0,8.0,,0.0,9.0,0.0,21.0,12.0,4.0,4.0,4.0,0.0,0.0,8.0,0.0,4.0,0.0,3.0,7.0,7.0,0.0,7.0,1.0,1.0,6.0,0.0,0.0,5.5,8.5,0.0,2.0,21.0
10-24,,0.0,1.0,4.0,9.0,,0.0,8.0,1.0,20.0,10.0,5.0,5.0,8.0,1.0,0.0,7.0,0.0,4.0,0.0,2.0,7.0,10.0,0.0,8.0,3.0,0.0,4.0,0.0,1.0,7.0,9.6,0.0,4.0,20.0
10-25,13.0,0.0,1.0,5.0,9.0,,1.0,5.0,1.0,19.0,8.0,9.0,8.0,7.0,1.0,3.0,7.0,0.0,3.0,0.0,2.0,7.0,8.0,0.0,10.0,5.0,0.0,2.0,0.0,1.0,7.5,9.5,0.0,5.0,19.0
10-26,10.0,3.0,1.0,4.0,8.0,,1.0,11.0,0.0,,8.0,3.0,8.0,18.0,4.0,7.0,7.0,0.0,2.0,0.0,1.0,7.0,7.0,5.0,10.0,8.0,0.0,,0.0,2.2,7.8,10.0,0.0,5.0,18.0
10-27,9.0,,1.0,3.0,7.0,,0.0,10.0,2.0,24.0,6.0,8.0,7.0,22.0,8.0,5.0,6.0,0.0,3.0,0.0,1.0,7.0,6.0,4.0,12.0,13.0,0.0,0.0,0.0,3.0,7.8,12.6,0.0,6.0,24.0
10-28,8.0,,1.0,2.0,7.0,,0.0,9.0,0.0,23.0,6.0,10.0,11.0,19.0,8.0,4.0,6.0,0.0,6.0,0.0,1.0,6.0,6.0,5.0,12.0,17.0,2.0,0.0,0.0,2.4,8.0,15.0,0.0,6.0,23.0
10-29,7.0,8.0,2.0,6.0,6.0,,0.0,14.0,0.0,22.0,6.0,6.0,19.0,18.0,6.0,3.0,6.0,0.0,5.0,0.0,1.0,5.0,7.0,3.0,10.0,15.0,15.0,,0.0,4.0,7.5,16.5,0.0,6.0,22.0
10-30,7.0,8.0,3.0,5.0,6.0,,0.0,16.0,,20.0,5.0,5.0,19.0,17.0,6.0,2.0,8.0,0.0,5.0,0.0,1.0,4.0,18.0,3.0,10.0,14.0,15.0,11.0,0.4,4.2,9.6,17.6,0.0,6.0,20.0
10-31,7.0,12.0,3.0,5.0,5.0,27.0,0.0,13.0,,20.0,,8.0,17.0,17.0,6.0,2.0,11.0,0.0,5.0,0.0,2.0,7.0,16.0,2.0,10.0,13.0,15.0,,0.8,5.0,12.8,17.0,0.0,7.0,27.0
11-01,8.0,10.0,2.0,10.0,13.0,25.0,0.0,,9.0,19.0,5.0,7.0,16.0,17.0,5.0,2.0,14.0,1.0,5.0,0.0,2.0,6.0,13.0,1.0,10.0,12.0,15.0,9.0,1.0,5.0,12.5,16.5,0.0,8.5,25.0
11-02,8.0,9.0,2.0,0.0,12.0,24.0,0.0,18.0,8.0,20.0,6.0,3.0,15.0,15.0,8.0,2.0,17.0,1.0,4.0,2.0,2.0,8.0,13.0,1.0,8.0,12.0,13.0,11.0,1.0,2.8,12.2,17.4,0.0,8.0,24.0
11-03,8.0,10.0,2.0,15.0,12.0,29.0,0.0,16.0,6.0,19.0,5.0,3.0,14.0,9.0,9.0,2.0,16.0,6.0,4.0,2.0,2.0,8.0,12.0,1.0,8.0,10.0,10.0,9.0,2.0,4.8,10.4,16.0,0.0,8.0,29.0
11-04,8.0,14.0,2.0,14.0,11.0,27.0,1.0,14.0,7.0,19.0,6.0,9.0,14.0,9.0,8.0,2.0,17.0,8.0,2.0,1.0,3.0,11.0,12.0,1.0,8.0,15.0,10.0,,1.6,6.8,12.4,15.8,1.0,9.0,27.0
11-05,8.0,9.0,1.0,12.0,11.0,25.0,1.0,14.0,,20.0,5.0,13.0,13.0,9.0,7.0,2.0,18.0,8.0,10.0,0.0,5.0,17.0,11.0,1.0,7.0,14.0,8.0,11.0,1.0,7.0,12.5,17.5,0.0,9.0,25.0
11-06,8.0,13.0,1.0,22.0,10.0,24.0,1.0,14.0,8.0,20.0,5.0,18.0,12.0,9.0,18.0,2.0,19.0,7.0,13.0,0.0,5.0,15.0,11.0,1.0,8.0,15.0,8.0,,1.0,7.8,14.2,19.4,0.0,10.0,24.0
11-07,8.0,16.0,1.0,20.0,9.0,23.0,1.0,,7.0,19.0,4.0,16.0,10.0,10.0,17.0,2.0,18.0,6.0,16.0,0.0,5.0,15.0,11.0,1.0,8.0,15.0,7.0,,1.0,6.5,15.5,18.5,0.0,9.5,23.0
11-08,8.0,18.0,1.0,20.0,12.0,24.0,1.0,13.0,6.0,18.0,4.0,13.0,10.0,10.0,16.0,2.0,17.0,5.0,14.0,0.0,5.0,15.0,10.0,7.0,8.0,13.0,6.0,,1.6,6.0,13.2,18.0,0.0,10.0,24.0
11-09,10.0,40.0,1.0,18.0,15.0,,1.0,12.0,5.0,17.0,4.0,12.0,10.0,10.0,15.0,1.0,16.0,5.0,13.0,0.0,5.0,15.0,10.0,14.0,10.0,13.0,7.0,,1.0,6.0,13.5,16.5,0.0,10.0,40.0
11-10,15.0,39.0,1.0,19.0,14.0,,0.0,17.0,4.0,17.0,4.0,11.0,10.0,16.0,15.0,3.0,16.0,5.0,11.0,0.0,5.0,15.0,10.0,17.0,10.0,15.0,8.0,,2.0,6.5,15.0,17.0,0.0,11.0,39.0
11-11,20.0,35.0,1.0,0.0,14.0,39.0,0.0,14.0,4.0,19.0,4.0,17.0,10.0,16.0,14.0,20.0,16.0,6.0,17.0,0.0,5.0,14.0,10.0,16.0,10.0,16.0,9.0,,0.6,8.4,16.0,20.0,0.0,14.0,39.0
11-12,24.0,35.0,1.0,31.0,13.0,40.0,1.0,,,19.0,2.0,15.0,10.0,16.0,13.0,18.0,16.0,9.0,20.0,0.0,4.0,13.0,10.0,15.0,10.0,16.0,8.0,,1.4,10.0,16.0,28.2,0.0,13.0,40.0
11-13,25.0,33.0,1.0,29.0,13.0,38.0,0.0,17.0,16.0,26.0,3.0,16.0,9.0,16.0,19.0,15.0,16.0,9.0,18.0,0.0,4.0,14.0,9.0,13.0,10.0,16.0,7.0,,2.2,9.0,16.2,27.2,0.0,15.0,38.0
11-14,24.0,29.0,1.0,27.0,13.0,,0.0,18.0,,29.0,1.0,14.0,20.0,16.0,25.0,14.0,16.0,17.0,17.0,0.0,4.0,15.0,9.0,14.0,10.0,16.0,7.0,,1.0,10.6,17.0,26.2,0.0,15.0,29.0
11-15,26.0,28.0,1.0,26.0,14.0,38.0,1.0,18.0,31.0,38.0,3.0,14.0,27.0,20.0,23.0,13.0,16.0,22.0,17.0,0.0,4.0,15.0,9.0,22.0,8.0,16.0,7.0,,2.2,12.2,22.2,29.2,0.0,16.0,38.0
11-16,24.0,27.0,1.0,33.0,14.0,41.0,1.0,17.0,28.0,35.0,2.0,14.0,25.0,27.0,23.0,13.0,19.0,25.0,16.0,0.0,4.0,15.0,9.0,19.0,10.0,16.0,8.0,,1.6,12.4,24.2,30.0,0.0,16.0,41.0
11-17,22.0,26.0,1.0,31.0,13.0,39.0,1.0,,25.0,32.0,3.0,14.0,23.0,32.0,24.0,12.0,24.0,22.0,22.0,0.0,4.0,14.0,9.0,18.0,10.0,17.0,10.0,,2.0,11.0,23.5,31.5,0.0,17.5,39.0
11-18,22.0,25.0,0.0,30.0,13.0,38.0,1.0,16.0,25.0,31.0,3.0,13.0,21.0,29.0,22.0,12.0,34.0,21.0,24.0,5.0,26.0,15.0,9.0,16.0,10.0,17.0,11.0,,4.2,12.8,24.2,30.4,0.0,17.0,38.0
11-19,22.0,25.0,2.0,28.0,19.0,37.0,1.0,16.0,23.0,30.0,3.0,13.0,21.0,28.0,20.0,13.0,31.0,20.0,23.0,5.0,23.0,16.0,9.0,14.0,10.0,17.0,14.0,,4.2,13.8,23.0,28.8,1.0,19.0,37.0
11-20,,25.0,1.0,28.0,16.0,36.0,1.0,16.0,24.0,30.0,2.0,13.0,19.0,27.0,27.0,13.0,32.0,19.0,22.0,3.0,22.0,16.0,8.0,14.0,10.0,17.0,18.0,,2.5,13.5,23.0,29.0,1.0,17.5,36.0
11-21,32.0,25.0,1.0,27.0,16.0,,1.0,28.0,23.0,29.0,2.0,12.0,19.0,31.0,27.0,14.0,36.0,18.0,22.0,3.0,21.0,16.0,10.0,13.0,10.0,17.0,19.0,,2.5,13.5,24.0,30.0,1.0,18.5,36.0
11-22,31.0,24.0,15.0,26.0,16.0,34.0,0.0,31.0,22.0,29.0,5.0,13.0,19.0,43.0,28.0,14.0,44.0,17.0,22.0,8.0,22.0,17.0,16.0,14.0,10.0,17.0,18.0,,9.2,15.8,24.4,32.2,0.0,18.0,44.0
11-23,29.0,24.0,12.0,26.0,27.0,34.0,1.0,29.0,21.0,28.0,4.0,12.0,19.0,49.0,28.0,14.0,43.0,26.0,21.0,11.0,21.0,22.0,17.0,17.0,10.0,17.0,17.0,,10.6,17.0,26.2,31.0,1.0,21.0,49.0
11-24,27.0,23.0,10.0,26.0,30.0,32.0,,27.0,21.0,28.0,4.0,13.0,24.0,48.0,26.0,14.0,42.0,27.0,20.0,10.0,20.0,24.0,17.0,23.0,12.0,17.0,18.0,,11.0,17.5,26.5,31.0,4.0,23.0,48.0
11-25,26.0,23.0,9.0,25.0,30.0,38.0,,27.0,21.0,31.0,5.0,13.0,23.0,44.0,25.0,14.0,42.0,29.0,21.0,10.0,20.0,34.0,17.0,22.0,12.0,17.0,25.0,,11.0,18.5,26.5,36.0,5.0,23.0,44.0
11-26,25.0,23.0,9.0,25.0,42.0,39.0,,,20.0,38.0,4.0,13.0,22.0,39.0,29.0,14.0,41.0,30.0,19.0,9.0,19.0,32.0,22.0,21.0,12.0,18.0,24.0,,10.2,19.0,28.2,39.0,4.0,22.0,42.0
11-27,38.0,23.0,8.0,25.0,39.0,37.0,,34.0,,39.0,4.0,12.0,22.0,37.0,28.0,14.0,39.0,28.0,22.0,11.0,19.0,30.0,22.0,21.0,13.0,17.0,23.0,,11.4,19.4,29.6,38.6,4.0,23.0,39.0
11-28,39.0,22.0,8.0,26.0,35.0,37.0,,54.0,31.0,,3.0,15.0,22.0,35.0,26.0,14.0,38.0,26.0,24.0,26.0,19.0,28.0,20.0,20.0,13.0,16.0,21.0,,13.4,20.0,27.6,37.6,3.0,24.0,54.0
11-29,36.0,25.0,8.0,27.0,34.0,35.0,,57.0,30.0,60.0,6.0,,21.0,39.0,25.0,13.0,37.0,25.0,24.0,28.0,19.0,34.0,20.0,20.0,13.0,30.0,21.0,,13.0,21.0,33.2,38.2,6.0,25.0,60.0
11-30,35.0,27.0,8.0,26.0,34.0,35.0,,52.0,31.0,54.0,5.0,27.0,22.0,39.0,25.0,13.0,36.0,24.0,25.0,26.0,19.0,36.0,30.0,20.0,13.0,32.0,20.0,,13.0,23.0,33.0,37.5,5.0,26.5,54.0
12-01,34.0,27.0,7.0,26.0,41.0,34.0,,,34.0,50.0,19.0,,22.0,37.0,25.0,13.0,36.0,25.0,25.0,24.0,18.0,42.0,30.0,20.0,14.0,29.0,32.0,,15.2,23.8,34.0,39.8,7.0,26.5,50.0
12-02,34.0,,7.0,26.0,41.0,35.0,,46.0,38.0,51.0,43.0,27.0,22.0,37.0,24.0,13.0,35.0,27.0,25.0,22.0,18.0,42.0,28.0,20.0,14.0,25.0,33.0,,15.6,24.2,35.0,42.6,7.0,27.0,51.0
12-03,36.0,26.0,9.0,26.0,46.0,34.0,,44.0,48.0,50.0,41.0,26.0,22.0,36.0,25.0,13.0,34.0,26.0,25.0,25.0,18.0,39.0,26.0,20.0,13.0,33.0,34.0,,15.5,25.0,35.0,45.0,9.0,26.0,50.0
12-04,36.0,25.0,10.0,26.0,42.0,34.0,,42.0,54.0,47.0,36.0,,22.0,35.0,28.0,15.0,49.0,25.0,24.0,23.0,20.0,39.0,25.0,20.0,13.0,34.0,34.0,,17.0,24.2,35.8,45.0,10.0,28.0,54.0
12-05,35.0,25.0,10.0,26.0,45.0,32.0,,40.0,50.0,46.0,33.0,,22.0,34.0,29.0,15.0,53.0,25.0,24.0,22.0,21.0,38.0,24.0,21.0,13.0,34.0,30.0,,17.4,24.0,34.0,45.6,10.0,29.0,53.0
12-06,34.0,35.0,10.0,27.0,49.0,34.0,,,47.0,44.0,32.0,27.0,20.0,35.0,29.0,15.0,50.0,25.0,30.0,21.0,21.0,36.0,33.0,21.0,14.0,38.0,29.0,,17.0,25.4,34.8,45.8,10.0,30.0,50.0
12-07,33.0,33.0,10.0,27.0,46.0,34.0,,43.0,48.0,43.0,44.0,26.0,28.0,37.0,28.0,17.0,49.0,24.0,29.0,28.0,21.0,39.0,32.0,21.0,15.0,46.0,28.0,,19.0,27.5,38.0,46.0,10.0,30.5,49.0
12-08,39.0,32.0,12.0,27.0,49.0,33.0,,41.0,47.0,42.0,59.0,25.0,52.0,39.0,28.0,18.0,55.0,24.0,27.0,27.0,21.0,39.0,31.0,21.0,15.0,48.0,28.0,,19.5,27.0,40.0,50.5,12.0,31.5,59.0
12-09,48.0,31.0,14.0,30.0,45.0,34.0,,45.0,45.0,42.0,58.0,28.0,58.0,37.0,27.0,23.0,55.0,24.0,27.0,27.0,21.0,36.0,39.0,20.0,23.0,48.0,39.0,,22.0,27.0,43.5,51.5,14.0,35.0,58.0
12-10,47.0,34.0,12.0,31.0,44.0,34.0,,46.0,43.0,41.0,56.0,28.0,53.0,36.0,27.0,24.0,54.0,24.0,26.0,28.0,21.0,37.0,39.0,20.0,34.0,46.0,38.0,,22.5,28.0,42.0,50.0,12.0,35.0,56.0
12-11,44.0,33.0,12.0,49.0,45.0,33.0,,,42.0,42.0,56.0,28.0,49.0,43.0,27.0,26.0,52.0,22.0,25.0,30.0,21.0,36.0,36.0,20.0,39.0,44.0,37.0,,21.4,28.4,42.8,49.0,12.0,36.0,56.0
12-12,42.0,32.0,14.0,45.0,44.0,34.0,,43.0,41.0,,56.0,27.0,46.0,41.0,27.0,25.0,50.0,24.0,27.0,32.0,21.0,35.0,36.0,26.0,39.0,41.0,33.0,,24.4,28.0,41.0,45.6,14.0,35.0,56.0
12-13,41.0,31.0,15.0,49.0,44.0,37.0,,42.0,41.0,45.0,55.0,33.0,54.0,39.0,26.0,24.0,49.0,23.0,29.0,30.0,21.0,42.0,41.0,33.0,37.0,43.0,32.0,,23.5,31.5,42.0,49.0,15.0,38.0,55.0
12-14,40.0,31.0,21.0,52.0,42.0,36.0,,41.0,50.0,46.0,52.0,48.0,67.0,38.0,33.0,23.0,49.0,27.0,27.0,28.0,21.0,40.0,48.0,33.0,35.0,43.0,33.0,,25.0,33.0,44.5,51.0,21.0,39.0,67.0
12-15,39.0,31.0,20.0,56.0,42.0,36.0,,41.0,49.0,45.0,51.0,50.0,63.0,39.0,36.0,31.0,49.0,27.0,37.0,30.0,22.0,38.0,53.0,34.0,34.0,42.0,33.0,,28.5,34.0,43.5,52.0,20.0,38.5,63.0
12-16,39.0,30.0,18.0,64.0,45.0,36.0,,41.0,47.0,44.0,48.0,,58.0,45.0,35.0,34.0,49.0,27.0,35.0,35.0,22.0,37.0,51.0,33.0,33.0,43.0,32.0,,28.2,34.2,44.8,50.2,18.0,37.0,64.0
12-17,39.0,30.0,18.0,58.0,43.0,41.0,,41.0,45.0,44.0,45.0,55.0,55.0,43.0,34.0,35.0,48.0,28.0,34.0,58.0,22.0,37.0,50.0,33.0,33.0,42.0,32.0,,29.0,34.0,44.5,55.0,18.0,41.0,58.0
12-18,38.0,30.0,0.0,56.0,42.0,56.0,46.0,40.0,45.0,,46.0,58.0,53.0,45.0,33.0,38.0,47.0,30.0,33.0,57.0,22.0,36.0,48.0,35.0,35.0,42.0,32.0,,30.0,35.0,46.0,56.0,0.0,41.0,58.0
12-19,38.0,30.0,24.0,55.0,43.0,55.0,46.0,40.0,48.0,54.0,45.0,66.0,52.0,56.0,31.0,44.0,46.0,33.0,31.0,54.0,22.0,34.0,46.0,37.0,35.0,41.0,31.0,,30.6,34.8,46.4,55.0,22.0,43.0,66.0
12-20,37.0,27.0,24.0,54.0,41.0,52.0,46.0,39.0,58.0,60.0,44.0,64.0,51.0,66.0,31.0,47.0,46.0,31.0,31.0,51.0,22.0,38.0,44.0,36.0,35.0,41.0,31.0,,29.4,35.8,47.8,58.8,22.0,41.0,66.0
12-21,37.0,38.0,26.0,53.0,40.0,49.0,46.0,39.0,54.0,60.0,45.0,63.0,49.0,85.0,31.0,42.0,57.0,34.0,43.0,49.0,22.0,37.0,43.0,36.0,34.0,41.0,30.0,,30.6,37.0,49.0,58.2,22.0,42.0,85.0
12-22,37.0,37.0,25.0,51.0,44.0,48.0,46.0,39.0,51.0,58.0,52.0,59.0,48.0,91.0,31.0,39.0,57.0,43.0,56.0,48.0,26.0,36.0,43.0,35.0,34.0,42.0,30.0,,30.6,37.0,48.6,57.4,25.0,43.0,91.0
12-23,37.0,35.0,24.0,49.0,43.0,47.0,46.0,40.0,50.0,56.0,49.0,,50.0,87.0,31.0,37.0,57.0,46.0,61.0,54.0,26.0,38.0,41.0,35.0,34.0,44.0,31.0,,31.0,37.0,49.0,56.5,24.0,43.5,87.0
12-24,37.0,35.0,22.0,49.0,43.0,46.0,46.0,40.0,52.0,54.0,50.0,78.0,52.0,89.0,31.0,37.0,55.0,44.0,60.0,55.0,30.0,40.0,41.0,35.0,45.0,42.0,34.0,,32.8,39.4,50.4,57.0,22.0,44.0,89.0
12-25,39.0,34.0,22.0,49.0,42.0,46.0,46.0,,51.0,56.0,,74.0,50.0,87.0,31.0,42.0,55.0,45.0,59.0,57.0,30.0,44.0,42.0,34.0,68.0,42.0,34.0,,32.2,42.0,50.8,64.4,22.0,45.0,87.0
12-26,39.0,33.0,21.0,51.0,42.0,46.0,46.0,39.0,49.0,54.0,51.0,90.0,51.0,84.0,31.0,42.0,54.0,52.0,65.0,60.0,37.0,45.0,48.0,33.0,69.0,42.0,34.0,,33.0,41.4,51.2,66.6,21.0,46.0,90.0
12-27,38.0,34.0,21.0,50.0,41.0,46.0,46.0,39.0,,53.0,50.0,87.0,50.0,85.0,30.0,47.0,53.0,50.0,61.0,58.0,35.0,44.0,47.0,35.0,71.0,42.0,33.0,,33.5,40.0,50.0,66.0,21.0,46.5,87.0
12-28,41.0,34.0,21.0,48.0,41.0,46.0,46.0,38.0,57.0,56.0,50.0,81.0,49.0,84.0,30.0,48.0,52.0,46.0,58.0,55.0,33.0,45.0,51.0,33.0,85.0,44.0,33.0,,33.0,41.0,51.2,67.2,21.0,46.0,85.0
12-29,43.0,33.0,21.0,48.0,39.0,44.0,46.0,38.0,56.0,55.0,48.0,78.0,47.0,82.0,30.0,47.0,51.0,47.0,53.0,54.0,32.0,45.0,51.0,52.0,90.0,58.0,33.0,,32.6,43.8,52.2,66.0,21.0,47.0,90.0
12-30,43.0,33.0,21.0,47.0,41.0,46.0,46.0,,57.0,54.0,49.0,74.0,48.0,102.0,30.0,44.0,51.0,47.0,54.0,53.0,31.0,43.0,50.0,46.0,91.0,56.0,32.0,,31.5,43.5,52.0,65.5,21.0,47.0,102.0
12-31,43.0,33.0,21.0,48.0,41.0,47.0,46.0,58.0,58.0,54.0,55.0,71.0,50.0,102.0,30.0,44.0,50.0,47.0,54.0,52.0,30.0,43.0,49.0,42.0,91.0,59.0,33.0,,31.8,43.0,54.0,63.8,21.0,48.0,102.0
01-01,42.0,37.0,20.0,49.0,41.0,53.0,46.0,63.0,61.0,53.0,54.0,70.0,50.0,97.0,30.0,44.0,53.0,45.0,54.0,51.0,30.0,48.0,48.0,40.0,95.0,63.0,33.0,,31.8,43.6,53.2,65.8,20.0,49.0,97.0
01-02,41.0,39.0,26.0,48.0,42.0,54.0,46.0,64.0,68.0,52.0,52.0,68.0,49.0,94.0,30.0,43.0,55.0,48.0,53.0,55.0,30.0,47.0,54.0,39.0,105.0,72.0,33.0,,31.8,42.8,54.2,69.6,26.0,49.0,105.0
01-03,41.0,40.0,34.0,47.0,42.0,52.0,46.0,60.0,66.0,51.0,50.0,67.0,51.0,93.0,30.0,42.0,54.0,46.0,51.0,66.0,29.0,47.0,53.0,38.0,100.0,73.0,33.0,,33.6,42.0,53.2,69.4,29.0,50.0,100.0
01-04,51.0,40.0,32.0,47.0,42.0,,46.0,,71.0,50.0,,77.0,50.0,90.0,30.0,42.0,51.0,47.0,50.0,71.0,29.0,45.0,53.0,38.0,94.0,70.0,32.0,,32.0,42.0,51.2,75.2,29.0,48.5,94.0
01-05,50.0,38.0,,47.0,42.0,50.0,46.0,68.0,69.0,,52.0,73.0,51.0,90.0,30.0,41.0,58.0,46.0,49.0,79.0,29.0,44.0,51.0,38.0,92.0,69.0,33.0,,35.0,44.4,56.8,76.6,29.0,50.0,92.0
01-06,53.0,38.0,34.0,46.0,43.0,51.0,46.0,68.0,67.0,58.0,74.0,72.0,47.0,88.0,30.0,41.0,57.0,45.0,49.0,87.0,29.0,43.0,50.0,41.0,90.0,67.0,35.0,,34.6,43.0,59.8,79.2,29.0,49.0,90.0
01-07,52.0,39.0,32.0,46.0,44.0,50.0,46.0,69.0,65.0,57.0,91.0,73.0,51.0,86.0,29.0,40.0,56.0,45.0,50.0,81.0,37.0,58.0,50.0,40.0,91.0,72.0,36.0,,36.6,44.8,59.4,83.0,29.0,50.0,91.0
01-08,49.0,38.0,30.0,46.0,44.0,50.0,46.0,,63.0,56.0,91.0,76.0,51.0,82.0,40.0,39.0,56.0,44.0,51.0,78.0,38.0,63.0,49.0,40.0,91.0,73.0,37.0,,38.0,44.0,59.5,80.0,30.0,49.5,91.0
01-09,49.0,39.0,30.0,45.0,43.0,49.0,46.0,89.0,67.0,55.0,87.0,73.0,51.0,85.0,36.0,39.0,58.0,43.0,51.0,83.0,37.0,58.0,50.0,38.0,88.0,71.0,37.0,,37.0,43.0,59.8,85.8,30.0,50.0,89.0
01-10,48.0,37.0,32.0,45.0,45.0,48.0,46.0,92.0,65.0,54.0,89.0,75.0,50.0,93.0,36.0,39.0,69.0,43.0,52.0,104.0,37.0,55.0,50.0,38.0,88.0,70.0,39.0,,37.0,44.6,65.8,90.2,32.0,50.0,104.0
01-11,56.0,40.0,34.0,47.0,45.0,,46.0,102.0,63.0,53.0,,73.0,49.0,91.0,35.0,39.0,70.0,42.0,51.0,109.0,47.0,55.0,49.0,39.0,85.0,79.0,39.0,,39.0,45.2,61.6,88.6,34.0,49.0,109.0
01-12,55.0,39.0,33.0,47.0,44.0,53.0,46.0,116.0,61.0,52.0,,72.0,49.0,89.0,37.0,45.0,66.0,45.0,51.0,115.0,45.0,54.0,50.0,39.0,83.0,74.0,48.0,,39.0,45.5,58.0,86.0,33.0,50.5,116.0
01-13,58.0,40.0,32.0,47.0,43.0,54.0,46.0,111.0,67.0,63.0,85.0,74.0,49.0,86.0,36.0,44.0,67.0,53.0,50.0,124.0,45.0,53.0,51.0,38.0,81.0,79.0,57.0,,39.2,46.8,67.0,85.4,32.0,53.0,124.0
01-14,65.0,40.0,31.0,50.0,45.0,53.0,46.0,106.0,64.0,63.0,82.0,73.0,48.0,84.0,35.0,46.0,64.0,52.0,49.0,121.0,44.0,54.0,61.0,38.0,80.0,76.0,61.0,,39.2,47.6,64.2,82.8,31.0,54.0,121.0
01-15,62.0,39.0,30.0,50.0,44.0,52.0,46.0,102.0,63.0,62.0,80.0,71.0,48.0,85.0,34.0,45.0,64.0,51.0,50.0,117.0,42.0,53.0,58.0,38.0,81.0,75.0,64.0,,38.6,47.6,64.0,82.6,30.0,53.0,117.0
01-16,61.0,40.0,29.0,50.0,43.0,54.0,46.0,99.0,74.0,61.0,79.0,70.0,48.0,84.0,35.0,44.0,64.0,50.0,52.0,112.0,41.0,55.0,56.0,38.0,80.0,76.0,63.0,,39.2,47.6,65.2,81.6,29.0,55.0,112.0
01-17,64.0,43.0,31.0,50.0,53.0,52.0,46.0,97.0,71.0,59.0,78.0,69.0,47.0,83.0,49.0,44.0,63.0,48.0,59.0,108.0,41.0,67.0,54.0,38.0,78.0,80.0,59.0,,42.2,48.8,67.4,81.2,31.0,59.0,108.0
01-18,65.0,48.0,31.0,49.0,50.0,52.0,46.0,,69.0,58.0,78.0,67.0,46.0,84.0,45.0,43.0,62.0,48.0,63.0,104.0,41.0,68.0,64.0,37.0,77.0,98.0,60.0,,42.0,48.0,66.0,81.0,31.0,59.0,104.0
01-19,63.0,,36.0,48.0,55.0,51.0,46.0,93.0,74.0,58.0,77.0,66.0,46.0,84.0,43.0,43.0,61.0,46.0,60.0,102.0,40.0,74.0,62.0,37.0,76.0,93.0,63.0,,41.5,47.0,70.0,88.5,36.0,60.5,102.0
01-20,76.0,61.0,37.0,48.0,53.0,51.0,46.0,92.0,78.0,57.0,75.0,65.0,56.0,93.0,41.0,43.0,60.0,49.0,58.0,106.0,39.0,71.0,60.0,39.0,75.0,90.0,61.0,,40.2,50.6,71.8,90.8,37.0,60.0,106.0
01-21,72.0,69.0,37.0,50.0,52.0,50.0,46.0,90.0,76.0,55.0,74.0,64.0,59.0,89.0,44.0,42.0,60.0,48.0,64.0,109.0,46.0,68.0,57.0,38.0,74.0,88.0,59.0,,43.2,50.0,69.6,88.4,37.0,59.0,109.0
01-22,69.0,79.0,45.0,50.0,52.0,50.0,46.0,89.0,73.0,57.0,78.0,64.0,67.0,90.0,55.0,42.0,59.0,48.0,62.0,111.0,47.0,74.0,62.0,40.0,77.0,87.0,60.0,,45.6,51.6,73.2,87.8,40.0,62.0,111.0
01-23,68.0,72.0,51.0,49.0,66.0,49.0,46.0,,71.0,56.0,77.0,65.0,68.0,92.0,63.0,42.0,59.0,47.0,59.0,110.0,45.0,72.0,63.0,46.0,76.0,84.0,58.0,,46.0,53.5,69.5,80.5,42.0,63.0,110.0
01-24,67.0,70.0,48.0,49.0,62.0,50.0,46.0,87.0,68.0,56.0,78.0,72.0,72.0,90.0,65.0,41.0,59.0,47.0,58.0,116.0,45.0,73.0,65.0,55.0,75.0,82.0,56.0,,46.6,55.8,72.0,84.0,41.0,65.0,116.0
01-25,64.0,76.0,50.0,48.0,59.0,,46.0,86.0,67.0,56.0,84.0,80.0,71.0,89.0,66.0,41.0,58.0,45.0,61.0,114.0,44.0,76.0,64.0,53.0,74.0,82.0,56.0,,45.5,56.0,75.0,85.0,41.0,64.0,114.0
01-26,67.0,72.0,54.0,58.0,56.0,51.0,46.0,86.0,66.0,55.0,86.0,92.0,68.0,88.0,62.0,42.0,58.0,45.0,59.0,112.0,42.0,73.0,62.0,53.0,74.0,82.0,54.0,,45.6,54.8,72.2,86.8,42.0,62.0,112.0
01-27,66.0,78.0,57.0,54.0,55.0,50.0,46.0,84.0,,55.0,83.0,95.0,68.0,87.0,65.0,50.0,58.0,44.0,59.0,110.0,47.0,71.0,60.0,53.0,74.0,79.0,54.0,,48.5,54.5,72.5,85.5,44.0,59.5,110.0
01-28,64.0,76.0,56.0,61.0,54.0,49.0,46.0,,71.0,55.0,92.0,94.0,74.0,89.0,65.0,54.0,61.0,44.0,58.0,107.0,46.0,69.0,61.0,52.0,72.0,80.0,52.0,,47.5,54.5,71.5,90.5,44.0,61.0,107.0
01-29,63.0,73.0,54.0,62.0,52.0,49.0,46.0,87.0,,55.0,110.0,92.0,72.0,88.0,62.0,65.0,61.0,44.0,56.0,105.0,46.0,70.0,61.0,50.0,73.0,85.0,52.0,,47.5,54.5,72.5,90.0,44.0,62.0,110.0
01-30,62.0,71.0,53.0,63.0,59.0,49.0,46.0,86.0,,54.0,104.0,90.0,70.0,87.0,60.0,62.0,60.0,44.0,58.0,103.0,44.0,69.0,59.0,51.0,72.0,87.0,51.0,,47.5,56.0,70.5,88.5,44.0,61.0,104.0
01-31,61.0,69.0,52.0,61.0,59.0,49.0,46.0,85.0,73.0,56.0,107.0,88.0,69.0,89.0,57.0,62.0,82.0,47.0,68.0,101.0,43.0,67.0,62.0,53.0,72.0,97.0,51.0,,48.2,56.8,72.2,92.2,43.0,62.0,107.0
02-01,63.0,67.0,51.0,60.0,58.0,49.0,46.0,90.0,74.0,62.0,,86.0,67.0,93.0,56.0,62.0,92.0,48.0,85.0,99.0,43.0,66.0,60.0,51.0,70.0,92.0,50.0,,48.5,57.0,72.0,92.0,43.0,62.5,99.0
02-02,62.0,72.0,50.0,59.0,56.0,48.0,46.0,89.0,75.0,61.0,109.0,85.0,67.0,91.0,55.0,61.0,88.0,47.0,86.0,98.0,42.0,66.0,59.0,50.0,73.0,88.0,48.0,,47.6,55.8,77.0,89.8,42.0,62.0,109.0
02-03,63.0,69.0,49.0,58.0,56.0,57.0,46.0,87.0,78.0,62.0,107.0,83.0,66.0,90.0,55.0,59.0,85.0,48.0,81.0,97.0,42.0,64.0,63.0,48.0,73.0,86.0,54.0,,48.0,56.8,78.6,88.2,42.0,63.0,107.0
02-04,62.0,68.0,48.0,58.0,55.0,56.0,46.0,86.0,76.0,62.0,127.0,82.0,65.0,93.0,55.0,58.0,85.0,49.0,79.0,98.0,41.0,71.0,62.0,56.0,73.0,84.0,56.0,,48.6,56.0,76.6,88.8,41.0,62.0,127.0
02-05,61.0,67.0,47.0,58.0,54.0,56.0,46.0,84.0,74.0,61.0,125.0,82.0,66.0,95.0,54.0,57.0,91.0,52.0,77.0,100.0,40.0,75.0,61.0,60.0,72.0,83.0,56.0,,50.0,56.8,75.4,92.6,40.0,61.0,125.0
02-06,65.0,73.0,46.0,57.0,54.0,56.0,46.0,84.0,75.0,60.0,119.0,81.0,65.0,100.0,53.0,55.0,87.0,50.0,76.0,98.0,47.0,78.0,60.0,63.0,71.0,85.0,57.0,,48.8,56.8,76.4,91.4,46.0,65.0,119.0
02-07,63.0,74.0,46.0,56.0,54.0,56.0,,83.0,74.0,59.0,119.0,84.0,70.0,98.0,54.0,53.0,91.0,49.0,73.0,101.0,48.0,88.0,75.0,61.0,71.0,88.0,58.0,,51.0,57.0,79.0,94.5,46.0,70.5,119.0
02-08,,73.0,45.0,57.0,53.0,55.0,,97.0,72.0,59.0,123.0,82.0,70.0,106.0,53.0,55.0,96.0,47.0,72.0,106.0,47.0,85.0,76.0,59.0,71.0,86.0,59.0,,49.4,57.4,80.8,102.4,45.0,71.0,123.0
02-09,74.0,71.0,44.0,66.0,55.0,54.0,,98.0,72.0,59.0,119.0,85.0,69.0,102.0,56.0,57.0,105.0,47.0,71.0,105.0,45.0,82.0,70.0,57.0,71.0,88.0,64.0,,50.5,58.0,78.0,103.5,44.0,70.5,119.0
02-10,74.0,69.0,47.0,63.0,56.0,56.0,,95.0,71.0,58.0,115.0,95.0,67.0,98.0,59.0,59.0,107.0,46.0,70.0,101.0,45.0,79.0,72.0,62.0,71.0,85.0,64.0,,51.5,60.5,76.5,99.5,45.0,69.5,115.0
02-11,71.0,75.0,56.0,61.0,56.0,55.0,,,71.0,57.0,113.0,91.0,66.0,96.0,60.0,58.0,107.0,47.0,68.0,109.0,54.0,78.0,77.0,64.0,70.0,84.0,64.0,,55.4,60.2,76.6,102.6,47.0,68.0,113.0
02-12,70.0,73.0,58.0,65.0,55.0,55.0,,90.0,70.0,65.0,110.0,90.0,67.0,94.0,58.0,57.0,103.0,47.0,67.0,118.0,52.0,78.0,74.0,63.0,70.0,83.0,64.0,,55.0,63.5,76.0,98.5,47.0,68.5,118.0
02-13,69.0,72.0,77.0,66.0,55.0,54.0,,92.0,69.0,68.0,110.0,92.0,69.0,95.0,65.0,57.0,101.0,47.0,65.0,117.0,65.0,76.0,72.0,74.0,70.0,82.0,60.0,,56.0,65.5,76.5,98.0,47.0,69.5,117.0
02-14,66.0,71.0,77.0,,54.0,66.0,,91.0,69.0,71.0,110.0,93.0,73.0,94.0,70.0,57.0,100.0,46.0,65.0,114.0,63.0,79.0,71.0,86.0,70.0,81.0,61.0,,58.6,66.6,80.6,97.6,46.0,71.0,114.0
02-15,67.0,71.0,73.0,74.0,58.0,66.0,,93.0,72.0,74.0,120.0,96.0,71.0,93.0,74.0,59.0,98.0,45.0,68.0,112.0,65.0,87.0,69.0,81.0,69.0,83.0,66.0,,62.0,68.5,82.0,97.0,45.0,72.5,120.0
02-16,70.0,74.0,72.0,71.0,57.0,67.0,,,75.0,71.0,116.0,93.0,70.0,93.0,70.0,59.0,96.0,45.0,65.0,110.0,79.0,87.0,69.0,79.0,68.0,96.0,72.0,,61.4,70.0,79.0,96.0,45.0,72.0,116.0
02-17,68.0,73.0,74.0,68.0,56.0,71.0,,109.0,75.0,75.0,114.0,91.0,70.0,95.0,67.0,58.0,96.0,48.0,66.0,108.0,72.0,92.0,74.0,81.0,77.0,92.0,79.0,,62.0,70.5,86.0,102.0,48.0,74.5,114.0
02-18,66.0,78.0,79.0,66.0,56.0,77.0,,104.0,75.0,73.0,113.0,97.0,68.0,105.0,65.0,59.0,95.0,48.0,64.0,104.0,68.0,90.0,73.0,78.0,75.0,91.0,74.0,,61.5,68.0,84.5,104.0,48.0,75.0,113.0
02-19,65.0,80.0,79.0,68.0,61.0,75.0,,104.0,77.0,71.0,111.0,97.0,74.0,102.0,63.0,59.0,93.0,47.0,65.0,105.0,65.0,90.0,72.0,75.0,73.0,89.0,72.0,,62.0,69.5,84.5,103.0,47.0,74.5,111.0
02-20,65.0,83.0,75.0,69.0,62.0,73.0,,113.0,79.0,,109.0,95.0,89.0,103.0,67.0,58.0,101.0,46.0,66.0,109.0,72.0,89.0,70.0,71.0,73.0,89.0,70.0,,63.2,70.0,89.0,106.6,46.0,73.0,113.0
02-21,64.0,79.0,72.0,69.0,69.0,71.0,,,81.0,79.0,107.0,93.0,97.0,110.0,66.0,60.0,99.0,48.0,66.0,106.0,73.0,89.0,69.0,74.0,71.0,88.0,75.0,,64.8,69.4,86.6,103.2,48.0,74.0,110.0
02-22,63.0,,70.0,81.0,66.0,74.0,,118.0,79.0,78.0,,92.0,95.0,107.0,66.0,64.0,97.0,53.0,64.0,105.0,69.0,89.0,68.0,73.0,86.0,92.0,74.0,,64.0,68.9,89.3,102.6,53.0,76.0,118.0
02-23,,83.0,,81.0,64.0,79.0,,119.0,78.0,76.0,,89.0,92.0,106.0,66.0,64.0,97.0,67.0,64.0,104.0,72.0,97.0,68.0,71.0,97.0,107.0,72.0,,64.4,71.6,94.0,105.6,64.0,79.0,119.0
02-24,74.0,80.0,70.0,81.0,62.0,78.0,,117.0,76.0,79.0,,102.0,88.0,106.0,67.0,68.0,95.0,67.0,63.0,111.0,73.0,94.0,73.0,70.0,106.0,105.0,71.0,,67.0,71.4,92.8,106.0,62.0,78.0,117.0
02-25,81.0,78.0,75.0,83.0,67.0,83.0,,114.0,75.0,79.0,128.0,100.0,87.0,108.0,65.0,66.0,93.0,63.0,65.0,113.0,72.0,92.0,75.0,68.0,102.0,104.0,70.0,,65.5,73.5,92.5,110.5,63.0,80.0,128.0
02-26,82.0,77.0,75.0,80.0,68.0,99.0,,112.0,75.0,77.0,,98.0,87.0,113.0,64.0,64.0,91.0,65.0,64.0,112.0,71.0,90.0,74.0,67.0,99.0,103.0,72.0,,64.4,72.4,90.8,108.4,64.0,77.0,113.0
02-27,81.0,75.0,72.0,80.0,66.0,,,113.0,73.0,,124.0,97.0,85.0,117.0,63.0,66.0,90.0,66.0,63.0,110.0,69.0,88.0,72.0,66.0,96.0,103.0,75.0,,66.0,71.7,90.6,112.1,63.0,77.5,124.0
02-28,79.0,75.0,69.0,82.0,65.0,96.0,,110.0,71.0,94.0,120.0,98.0,83.0,113.0,62.0,65.0,97.0,65.0,62.0,125.0,68.0,87.0,71.0,70.0,94.0,105.0,81.0,,65.0,70.5,95.0,111.5,62.0,81.5,125.0
02-29,,,71.0,,,,,,,,118.0,,,,75.0,,,,62.0,,,,70.0,,,,77.0,,65.0,70.5,95.0,111.5,62.0,81.5,125.0
03-01,78.0,74.0,70.0,82.0,64.0,94.0,,109.0,73.0,97.0,116.0,97.0,81.0,113.0,72.0,65.0,102.0,81.0,62.0,133.0,67.0,93.0,68.0,69.0,92.0,110.0,75.0,,66.0,72.5,95.5,111.5,62.0,81.0,133.0
03-02,77.0,72.0,72.0,82.0,65.0,91.0,,110.0,74.0,95.0,114.0,94.0,80.0,114.0,86.0,65.0,113.0,83.0,61.0,127.0,67.0,102.0,75.0,68.0,89.0,113.0,72.0,,66.0,73.0,94.5,113.5,61.0,82.5,127.0
03-03,,72.0,69.0,80.0,65.0,89.0,,107.0,73.0,93.0,120.0,93.0,79.0,114.0,81.0,63.0,113.0,87.0,61.0,124.0,65.0,112.0,82.0,66.0,87.0,109.0,74.0,,65.0,73.2,93.0,113.6,61.0,82.0,124.0
03-04,77.0,70.0,67.0,80.0,64.0,86.0,,105.0,72.0,90.0,118.0,93.0,77.0,116.0,77.0,71.0,110.0,96.0,61.0,121.0,64.0,114.0,77.0,65.0,84.0,109.0,89.0,,64.5,74.5,94.5,115.0,61.0,82.0,121.0
03-05,90.0,75.0,66.0,77.0,64.0,102.0,,104.0,72.0,87.0,119.0,92.0,75.0,116.0,75.0,75.0,109.0,90.0,60.0,118.0,70.0,109.0,75.0,69.0,96.0,107.0,93.0,,67.5,75.0,99.0,112.5,60.0,88.5,119.0
03-06,85.0,76.0,68.0,76.0,63.0,96.0,,103.0,72.0,85.0,117.0,91.0,79.0,116.0,72.0,71.0,106.0,85.0,58.0,117.0,68.0,106.0,72.0,66.0,99.0,105.0,91.0,,67.0,72.0,97.5,111.0,58.0,85.0,117.0
03-07,98.0,75.0,67.0,74.0,62.0,94.0,,,73.0,84.0,117.0,90.0,78.0,117.0,70.0,68.0,106.0,82.0,65.0,123.0,66.0,123.0,71.0,65.0,101.0,103.0,88.0,,65.4,71.4,97.2,117.0,62.0,82.0,123.0
03-08,95.0,78.0,72.0,75.0,76.0,91.0,,99.0,74.0,81.0,115.0,93.0,77.0,115.0,69.0,66.0,106.0,79.0,68.0,119.0,65.0,129.0,69.0,64.0,102.0,101.0,85.0,,67.0,74.5,97.0,115.0,64.0,80.0,129.0
03-09,91.0,80.0,72.0,74.0,91.0,88.0,,100.0,83.0,84.0,114.0,92.0,80.0,116.0,69.0,71.0,105.0,77.0,67.0,117.0,64.0,140.0,69.0,65.0,96.0,100.0,81.0,,68.0,75.5,94.0,115.0,64.0,83.5,140.0
03-10,88.0,81.0,82.0,74.0,86.0,86.0,,98.0,84.0,83.0,113.0,91.0,79.0,116.0,68.0,74.0,103.0,75.0,66.0,115.0,62.0,135.0,71.0,69.0,102.0,99.0,82.0,,68.5,77.0,94.5,114.0,62.0,83.5,135.0
03-11,87.0,79.0,79.0,74.0,85.0,84.0,73.0,97.0,90.0,84.0,114.0,100.0,80.0,115.0,66.0,71.0,101.0,73.0,65.0,112.0,62.0,129.0,73.0,73.0,99.0,114.0,80.0,,69.0,73.8,97.4,114.0,62.0,84.0,129.0
03-12,86.0,77.0,77.0,81.0,82.0,82.0,72.0,96.0,,83.0,112.0,98.0,79.0,112.0,64.0,68.0,106.0,72.0,62.0,111.0,62.0,130.0,75.0,72.0,97.0,116.0,80.0,,66.0,76.0,96.5,112.0,62.0,81.5,130.0
03-13,84.0,78.0,81.0,81.0,79.0,81.0,72.0,94.0,95.0,80.0,113.0,96.0,77.0,109.0,63.0,67.0,103.0,71.0,62.0,111.0,61.0,133.0,74.0,69.0,94.0,123.0,83.0,,65.4,76.4,94.2,111.8,61.0,81.0,133.0
03-14,82.0,76.0,76.0,78.0,80.0,79.0,73.0,94.0,96.0,78.0,119.0,95.0,76.0,110.0,62.0,65.0,99.0,70.0,61.0,109.0,59.0,140.0,79.0,73.0,98.0,116.0,82.0,,63.8,76.0,95.2,112.4,59.0,79.0,140.0
03-15,80.0,75.0,73.0,82.0,82.0,78.0,72.0,,92.0,76.0,124.0,94.0,77.0,108.0,61.0,63.0,100.0,68.0,70.0,108.0,55.0,135.0,76.0,75.0,95.0,115.0,82.0,,65.5,75.0,93.0,111.5,55.0,79.0,135.0
03-16,78.0,73.0,82.0,80.0,80.0,76.0,72.0,94.0,94.0,76.0,121.0,92.0,75.0,109.0,59.0,61.0,102.0,66.0,74.0,106.0,64.0,132.0,75.0,73.0,92.0,126.0,81.0,,65.2,74.8,92.4,113.8,59.0,80.0,132.0
03-17,76.0,72.0,76.0,85.0,84.0,77.0,72.0,93.0,90.0,75.0,119.0,91.0,74.0,107.0,59.0,65.0,100.0,64.0,72.0,104.0,66.0,128.0,74.0,73.0,92.0,120.0,80.0,,65.6,73.8,91.2,111.8,59.0,77.0,128.0
03-18,78.0,70.0,78.0,83.0,87.0,81.0,72.0,94.0,91.0,72.0,120.0,89.0,73.0,105.0,58.0,73.0,100.0,62.0,71.0,102.0,64.0,126.0,73.0,72.0,92.0,118.0,79.0,,67.6,72.8,91.2,110.2,58.0,79.0,126.0
03-19,82.0,69.0,78.0,88.0,84.0,80.0,72.0,96.0,96.0,71.0,118.0,88.0,72.0,104.0,62.0,71.0,100.0,63.0,69.0,100.0,67.0,123.0,71.0,70.0,92.0,116.0,77.0,,68.2,71.0,92.8,108.8,62.0,80.0,123.0
03-20,80.0,68.0,78.0,82.0,82.0,79.0,72.0,95.0,94.0,70.0,115.0,86.0,85.0,101.0,61.0,69.0,99.0,62.0,68.0,98.0,66.0,122.0,84.0,68.0,89.0,115.0,76.0,,67.2,71.6,90.0,106.6,61.0,82.0,122.0
03-21,79.0,66.0,85.0,80.0,81.0,80.0,72.0,106.0,,69.0,119.0,85.0,83.0,101.0,60.0,68.0,97.0,61.0,67.0,97.0,65.0,121.0,87.0,70.0,89.0,134.0,75.0,,65.5,71.0,88.0,112.5,60.0,80.5,134.0
03-22,77.0,65.0,82.0,77.0,79.0,79.0,72.0,,95.0,72.0,117.0,83.0,79.0,103.0,58.0,77.0,97.0,60.0,65.0,95.0,63.0,121.0,85.0,74.0,90.0,136.0,72.0,,64.0,73.0,87.5,110.0,58.0,79.0,136.0
03-23,75.0,64.0,80.0,75.0,77.0,78.0,72.0,105.0,91.0,71.0,115.0,84.0,77.0,105.0,57.0,77.0,107.0,59.0,65.0,95.0,66.0,122.0,83.0,72.0,90.0,145.0,72.0,,64.6,72.0,90.2,110.2,57.0,77.0,145.0
03-24,73.0,63.0,,76.0,76.0,77.0,72.0,116.0,90.0,72.0,114.0,93.0,79.0,106.0,55.0,78.0,102.0,63.0,71.0,103.0,76.0,118.0,87.0,74.0,89.0,140.0,79.0,,67.0,75.0,91.5,115.0,55.0,78.5,140.0
03-25,72.0,62.0,77.0,77.0,77.0,82.0,72.0,,89.0,,112.0,91.0,77.0,103.0,54.0,77.0,99.0,58.0,67.0,98.0,75.0,121.0,83.0,71.0,87.0,147.0,85.0,,64.0,75.4,88.6,108.4,54.0,77.0,147.0
03-26,71.0,60.0,75.0,76.0,78.0,78.0,72.0,118.0,87.0,74.0,110.0,102.0,76.0,105.0,53.0,75.0,97.0,63.0,82.0,96.0,73.0,118.0,82.0,81.0,86.0,141.0,84.0,,67.8,75.0,88.8,113.2,53.0,81.0,141.0
03-27,73.0,64.0,74.0,77.0,76.0,85.0,72.0,114.0,91.0,70.0,108.0,109.0,86.0,106.0,53.0,72.0,109.0,60.0,77.0,96.0,72.0,116.0,80.0,82.0,84.0,140.0,84.0,,67.6,73.8,92.0,111.0,53.0,82.0,140.0
03-28,76.0,66.0,72.0,76.0,75.0,87.0,72.0,110.0,89.0,70.0,108.0,101.0,84.0,108.0,51.0,71.0,111.0,58.0,75.0,99.0,70.0,113.0,82.0,77.0,81.0,137.0,81.0,,68.4,74.4,91.0,110.4,51.0,81.0,137.0
03-29,83.0,63.0,75.0,,74.0,84.0,73.0,110.0,86.0,73.0,108.0,98.0,81.0,112.0,50.0,69.0,115.0,57.0,72.0,102.0,70.0,112.0,84.0,74.0,77.0,135.0,82.0,,66.0,73.5,92.0,112.0,50.0,81.5,135.0
03-30,83.0,61.0,72.0,,72.0,84.0,72.0,113.0,,73.0,119.0,99.0,79.0,109.0,48.0,68.0,110.0,56.0,74.0,98.0,70.0,115.0,85.0,76.0,80.0,132.0,89.0,,63.8,72.2,96.2,114.2,48.0,80.0,132.0
03-31,83.0,61.0,72.0,80.0,71.0,82.0,72.0,119.0,94.0,73.0,125.0,99.0,76.0,110.0,46.0,67.0,111.0,54.0,73.0,97.0,68.0,112.0,84.0,74.0,82.0,138.0,87.0,,64.6,72.8,94.6,114.8,46.0,82.0,138.0
04-01,82.0,65.0,79.0,77.0,69.0,80.0,72.0,115.0,91.0,72.0,132.0,102.0,80.0,107.0,44.0,65.0,109.0,53.0,74.0,97.0,67.0,112.0,82.0,73.0,84.0,139.0,91.0,,65.0,72.8,92.2,113.2,44.0,80.0,139.0
04-02,79.0,69.0,76.0,76.0,67.0,77.0,72.0,,,71.0,126.0,109.0,92.0,108.0,43.0,65.0,112.0,53.0,73.0,98.0,65.0,110.0,79.0,72.0,84.0,134.0,90.0,,65.0,72.0,91.6,111.2,43.0,77.0,134.0
04-03,,76.0,,76.0,65.0,77.0,72.0,109.0,95.0,71.0,125.0,106.0,91.0,108.0,43.0,68.0,116.0,54.0,70.0,100.0,65.0,112.0,81.0,69.0,82.0,129.0,85.0,,65.0,71.2,99.0,114.4,43.0,81.0,129.0
04-04,85.0,77.0,75.0,73.0,62.0,82.0,72.0,106.0,91.0,69.0,128.0,119.0,102.0,106.0,42.0,65.0,112.0,54.0,69.0,100.0,64.0,111.0,82.0,66.0,82.0,130.0,85.0,,63.2,71.4,100.4,114.8,42.0,82.0,130.0
04-05,81.0,76.0,72.0,73.0,61.0,82.0,72.0,108.0,90.0,68.0,123.0,115.0,98.0,106.0,40.0,63.0,111.0,52.0,67.0,104.0,63.0,109.0,80.0,65.0,81.0,135.0,85.0,,62.2,71.2,99.2,112.6,40.0,81.0,135.0
04-06,80.0,73.0,70.0,74.0,58.0,88.0,72.0,108.0,95.0,69.0,126.0,112.0,97.0,107.0,38.0,63.0,109.0,51.0,70.0,100.0,62.0,108.0,79.0,62.0,83.0,132.0,85.0,,60.4,70.0,97.6,110.2,38.0,80.0,132.0
04-07,83.0,71.0,69.0,,57.0,93.0,72.0,105.0,104.0,69.0,131.0,108.0,104.0,108.0,38.0,64.0,110.0,50.0,67.0,97.0,68.0,108.0,77.0,61.0,83.0,129.0,84.0,,59.0,69.0,104.0,109.0,38.0,83.0,131.0
04-08,83.0,74.0,67.0,82.0,56.0,89.0,72.0,103.0,98.0,66.0,,104.0,99.0,109.0,38.0,67.0,113.0,49.0,66.0,96.0,72.0,106.0,76.0,61.0,82.0,127.0,84.0,,58.5,69.5,97.0,107.5,38.0,82.0,127.0
04-09,81.0,69.0,67.0,90.0,54.0,86.0,72.0,103.0,94.0,68.0,128.0,101.0,94.0,107.0,36.0,65.0,108.0,48.0,63.0,97.0,73.0,103.0,74.0,59.0,80.0,124.0,83.0,,57.0,68.8,94.6,107.4,36.0,81.0,128.0
04-10,82.0,73.0,65.0,82.0,53.0,83.0,72.0,102.0,90.0,70.0,135.0,99.0,91.0,109.0,35.0,74.0,105.0,48.0,64.0,97.0,71.0,101.0,72.0,58.0,79.0,122.0,84.0,,56.0,71.8,92.2,106.6,35.0,82.0,135.0
04-11,80.0,72.0,67.0,84.0,57.0,81.0,72.0,106.0,89.0,73.0,144.0,97.0,89.0,110.0,33.0,70.0,103.0,48.0,64.0,96.0,68.0,105.0,71.0,56.0,79.0,118.0,84.0,,56.6,70.8,90.4,107.6,33.0,80.0,144.0
04-12,78.0,71.0,64.0,88.0,54.0,78.0,72.0,103.0,88.0,71.0,140.0,105.0,86.0,110.0,32.0,70.0,100.0,46.0,64.0,95.0,66.0,106.0,71.0,55.0,79.0,114.0,82.0,,54.6,70.8,89.4,107.6,32.0,78.0,140.0
04-13,83.0,68.0,61.0,,54.0,77.0,72.0,,86.0,72.0,134.0,104.0,82.0,111.0,32.0,70.0,98.0,45.0,63.0,93.0,66.0,103.0,73.0,53.0,86.0,110.0,79.0,,53.4,68.4,86.0,107.6,32.0,77.0,134.0
04-14,87.0,66.0,60.0,89.0,52.0,75.0,72.0,100.0,83.0,71.0,129.0,100.0,82.0,112.0,32.0,77.0,110.0,44.0,61.0,92.0,73.0,101.0,76.0,55.0,87.0,109.0,77.0,,53.8,71.8,89.6,109.4,32.0,77.0,129.0
04-15,94.0,66.0,62.0,88.0,49.0,73.0,72.0,98.0,82.0,70.0,125.0,99.0,80.0,110.0,37.0,78.0,106.0,42.0,60.0,90.0,68.0,101.0,73.0,54.0,86.0,116.0,76.0,,52.0,69.6,90.8,107.6,37.0,78.0,125.0
04-16,98.0,66.0,65.0,85.0,48.0,77.0,72.0,96.0,87.0,68.0,121.0,98.0,76.0,110.0,42.0,84.0,103.0,42.0,67.0,88.0,66.0,99.0,76.0,54.0,87.0,112.0,73.0,,51.6,67.8,89.6,105.8,42.0,77.0,121.0
04-17,97.0,67.0,62.0,82.0,49.0,74.0,72.0,93.0,83.0,71.0,122.0,99.0,73.0,111.0,43.0,79.0,102.0,42.0,67.0,86.0,65.0,99.0,80.0,55.0,83.0,109.0,72.0,,52.6,70.2,87.4,104.8,42.0,79.0,122.0
04-18,97.0,65.0,59.0,80.0,48.0,75.0,72.0,,81.0,69.0,121.0,106.0,72.0,112.0,39.0,85.0,100.0,55.0,66.0,85.0,65.0,97.0,80.0,55.0,84.0,107.0,71.0,,55.0,67.5,85.0,106.5,39.0,77.5,121.0
04-19,92.0,63.0,63.0,77.0,46.0,77.0,72.0,90.0,82.0,67.0,118.0,102.0,70.0,116.0,38.0,82.0,97.0,63.0,67.0,83.0,64.0,96.0,78.0,53.0,81.0,105.0,71.0,,59.0,67.0,84.4,103.2,38.0,77.0,118.0
04-20,91.0,61.0,64.0,75.0,44.0,74.0,72.0,87.0,80.0,66.0,116.0,99.0,67.0,115.0,37.0,78.0,96.0,61.0,67.0,83.0,63.0,93.0,78.0,57.0,78.0,109.0,70.0,,59.4,66.8,83.8,103.0,37.0,75.0,116.0
04-21,90.0,60.0,60.0,75.0,48.0,73.0,72.0,87.0,78.0,63.0,114.0,97.0,63.0,116.0,35.0,78.0,94.0,51.0,66.0,86.0,71.0,92.0,75.0,54.0,76.0,109.0,70.0,,52.8,65.4,86.2,101.8,35.0,75.0,116.0
04-22,88.0,66.0,58.0,80.0,47.0,72.0,72.0,86.0,76.0,65.0,113.0,95.0,61.0,118.0,33.0,76.0,92.0,50.0,63.0,85.0,69.0,92.0,75.0,54.0,72.0,113.0,69.0,,52.4,65.8,85.2,102.2,33.0,72.0,118.0
04-23,85.0,72.0,66.0,90.0,44.0,78.0,72.0,85.0,73.0,61.0,110.0,93.0,65.0,119.0,31.0,77.0,89.0,47.0,62.0,84.0,65.0,90.0,75.0,56.0,71.0,109.0,67.0,,52.4,65.8,85.0,99.4,31.0,73.0,119.0
04-24,83.0,79.0,62.0,84.0,41.0,88.0,72.0,82.0,71.0,62.0,108.0,91.0,74.0,121.0,28.0,78.0,89.0,46.0,64.0,81.0,63.0,88.0,75.0,60.0,78.0,107.0,64.0,,54.4,64.0,83.2,97.4,28.0,78.0,121.0
04-25,90.0,82.0,61.0,80.0,39.0,81.0,72.0,87.0,71.0,65.0,108.0,90.0,68.0,120.0,26.0,77.0,87.0,45.0,63.0,89.0,65.0,87.0,73.0,55.0,77.0,110.0,62.0,,51.0,65.0,87.0,97.2,26.0,77.0,120.0
04-26,85.0,80.0,59.0,77.0,37.0,77.0,72.0,,70.0,62.0,107.0,90.0,71.0,121.0,25.0,76.0,84.0,49.0,67.0,90.0,63.0,85.0,71.0,53.0,75.0,113.0,60.0,,51.0,65.0,82.0,98.5,25.0,73.5,121.0
04-27,84.0,81.0,57.0,74.0,39.0,74.0,72.0,85.0,67.0,59.0,106.0,90.0,66.0,123.0,24.0,73.0,84.0,50.0,68.0,91.0,60.0,87.0,69.0,53.0,73.0,107.0,60.0,,51.8,64.8,84.0,97.0,24.0,73.0,123.0
04-28,83.0,78.0,54.0,72.0,42.0,72.0,72.0,89.0,65.0,57.0,105.0,90.0,64.0,125.0,25.0,72.0,85.0,47.0,64.0,96.0,59.0,85.0,68.0,59.0,73.0,105.0,60.0,,51.2,63.2,83.4,99.6,25.0,72.0,125.0
04-29,82.0,80.0,53.0,70.0,39.0,71.0,72.0,96.0,64.0,55.0,102.0,89.0,63.0,126.0,25.0,69.0,87.0,44.0,66.0,92.0,55.0,91.0,66.0,53.0,70.0,105.0,60.0,,49.4,62.4,83.0,98.4,25.0,70.0,126.0
04-30,80.0,78.0,52.0,69.0,37.0,69.0,72.0,93.0,62.0,51.0,100.0,86.0,75.0,123.0,24.0,65.0,93.0,42.0,70.0,92.0,55.0,105.0,63.0,50.0,70.0,103.0,62.0,,46.8,62.0,81.2,101.2,24.0,70.0,123.0
05-01,78.0,90.0,51.0,67.0,34.0,69.0,72.0,98.0,,49.0,98.0,82.0,71.0,122.0,24.0,64.0,92.0,40.0,69.0,89.0,54.0,112.0,62.0,46.0,67.0,100.0,61.0,,43.0,61.5,85.5,99.0,24.0,69.0,122.0
05-02,77.0,102.0,48.0,64.0,33.0,68.0,72.0,93.0,59.0,47.0,111.0,79.0,72.0,123.0,23.0,65.0,89.0,39.0,70.0,89.0,53.0,117.0,59.0,44.0,69.0,97.0,61.0,,42.0,59.0,81.0,105.6,23.0,69.0,123.0
05-03,76.0,97.0,45.0,63.0,31.0,66.0,72.0,91.0,58.0,46.0,110.0,,74.0,123.0,21.0,66.0,85.0,38.0,68.0,89.0,54.0,110.0,57.0,46.0,68.0,95.0,61.0,,41.5,57.5,80.5,103.5,21.0,67.0,123.0
05-04,74.0,,42.0,78.0,30.0,66.0,72.0,89.0,56.0,45.0,105.0,,70.0,120.0,19.0,64.0,83.0,36.0,65.0,87.0,55.0,106.0,54.0,49.0,70.0,93.0,60.0,,38.4,55.2,77.2,100.2,19.0,66.0,120.0
05-05,72.0,,40.0,74.0,26.0,81.0,72.0,87.0,53.0,,102.0,81.0,68.0,120.0,15.0,62.0,80.0,35.0,63.0,84.0,54.0,101.0,53.0,47.0,68.0,92.0,59.0,,37.0,55.0,80.8,97.4,15.0,68.0,120.0
05-06,73.0,,36.0,71.0,23.0,78.0,72.0,86.0,51.0,49.0,99.0,80.0,67.0,119.0,13.0,61.0,78.0,38.0,61.0,82.0,51.0,99.0,50.0,44.0,65.0,88.0,59.0,,37.0,51.0,78.0,93.5,13.0,66.0,119.0
05-07,72.0,100.0,34.0,69.0,19.0,74.0,72.0,,46.0,51.0,98.0,76.0,67.0,117.0,10.0,64.0,75.0,44.0,60.0,80.0,48.0,97.0,49.0,42.0,61.0,87.0,58.0,,38.0,50.0,74.5,97.5,10.0,65.5,117.0
05-08,70.0,96.0,,67.0,16.0,73.0,72.0,103.0,49.0,50.0,100.0,72.0,66.0,117.0,10.0,66.0,75.0,40.0,59.0,78.0,47.0,95.0,47.0,40.0,59.0,90.0,66.0,,40.0,54.5,74.0,98.0,10.0,66.5,117.0
05-09,68.0,91.0,44.0,64.0,15.0,,72.0,95.0,,47.0,104.0,68.0,65.0,117.0,9.0,69.0,75.0,44.0,64.0,77.0,43.0,97.0,44.0,40.0,57.0,89.0,63.0,,41.2,49.0,74.4,96.2,9.0,65.0,117.0
05-10,66.0,88.0,39.0,64.0,12.0,77.0,72.0,90.0,48.0,44.0,108.0,64.0,63.0,117.0,6.0,66.0,77.0,46.0,64.0,75.0,42.0,101.0,44.0,41.0,55.0,86.0,62.0,,40.2,47.6,75.4,94.4,6.0,64.0,117.0
05-11,64.0,94.0,34.0,62.0,12.0,78.0,72.0,88.0,46.0,42.0,104.0,61.0,64.0,117.0,2.0,63.0,79.0,43.0,67.0,75.0,39.0,99.0,40.0,48.0,53.0,84.0,63.0,,37.0,47.6,75.6,96.0,2.0,63.0,117.0
05-12,63.0,89.0,32.0,59.0,9.0,74.0,,,44.0,37.0,100.0,56.0,68.0,121.0,0.0,62.0,92.0,40.0,66.0,72.0,37.0,96.0,44.0,48.0,48.0,87.0,66.0,,34.0,44.8,71.2,94.4,0.0,62.0,121.0
05-13,61.0,86.0,33.0,56.0,9.0,71.0,,91.0,41.0,34.0,99.0,53.0,63.0,119.0,0.0,59.0,91.0,38.0,63.0,70.0,35.0,93.0,43.0,42.0,46.0,86.0,64.0,,33.5,42.5,70.5,92.0,0.0,60.0,119.0
05-14,57.0,85.0,30.0,53.0,5.0,70.0,,88.0,38.0,32.0,98.0,51.0,62.0,115.0,0.0,56.0,88.0,36.0,61.0,67.0,34.0,92.0,40.0,40.0,42.0,84.0,63.0,,31.0,40.0,68.5,90.0,0.0,56.5,115.0
05-15,60.0,84.0,29.0,50.0,2.0,66.0,,86.0,36.0,31.0,98.0,47.0,65.0,112.0,0.0,52.0,86.0,35.0,59.0,65.0,31.0,89.0,38.0,37.0,39.0,83.0,62.0,,30.0,37.5,65.5,87.5,0.0,55.5,112.0
05-16,58.0,81.0,28.0,49.0,0.0,,,84.0,32.0,27.0,96.0,42.0,64.0,109.0,0.0,49.0,84.0,38.0,58.0,63.0,29.0,87.0,37.0,34.0,37.0,81.0,61.0,,27.4,37.0,63.8,85.8,0.0,49.0,109.0
05-17,56.0,78.0,25.0,47.0,0.0,62.0,,82.0,29.0,24.0,93.0,39.0,61.0,107.0,0.0,46.0,82.0,43.0,59.0,60.0,26.0,86.0,35.0,34.0,34.0,78.0,59.0,,24.5,34.5,61.5,84.0,0.0,51.5,107.0
05-18,54.0,77.0,27.0,46.0,0.0,58.0,,82.0,25.0,22.0,90.0,36.0,58.0,107.0,0.0,43.0,79.0,38.0,60.0,66.0,23.0,87.0,32.0,42.0,31.0,76.0,56.0,,22.5,34.0,63.0,84.5,0.0,50.0,107.0
05-19,51.0,74.0,23.0,43.0,0.0,,,79.0,23.0,18.0,87.0,32.0,59.0,107.0,0.0,43.0,77.0,39.0,57.0,65.0,20.0,89.0,30.0,33.0,30.0,71.0,53.0,,18.8,30.4,63.8,83.8,0.0,43.0,107.0
05-20,50.0,72.0,26.0,42.0,0.0,55.0,,,20.0,16.0,84.0,30.0,56.0,108.0,0.0,43.0,74.0,39.0,55.0,65.0,17.0,88.0,28.0,32.0,26.0,71.0,50.0,,16.4,28.4,55.8,80.0,0.0,43.0,108.0
05-21,48.0,69.0,24.0,40.0,0.0,53.0,,72.0,18.0,12.0,81.0,27.0,54.0,108.0,0.0,43.0,71.0,39.0,53.0,63.0,16.0,98.0,26.0,29.0,25.0,69.0,47.0,,14.0,26.5,58.5,76.5,0.0,45.0,108.0
05-22,46.0,67.0,22.0,38.0,0.0,50.0,,67.0,15.0,12.0,79.0,26.0,50.0,109.0,0.0,41.0,69.0,38.0,49.0,66.0,15.0,100.0,23.0,29.0,26.0,67.0,49.0,,13.5,26.0,58.0,74.0,0.0,43.5,109.0
05-23,44.0,65.0,18.0,36.0,0.0,46.0,,65.0,27.0,18.0,80.0,22.0,48.0,110.0,0.0,37.0,67.0,41.0,47.0,62.0,14.0,96.0,20.0,26.0,24.0,66.0,51.0,,16.0,25.0,56.5,73.5,0.0,42.5,110.0
05-24,42.0,62.0,15.0,34.0,1.0,44.0,,61.0,29.0,16.0,81.0,22.0,45.0,109.0,0.0,34.0,66.0,39.0,44.0,60.0,12.0,97.0,19.0,24.0,22.0,63.0,51.0,,13.5,23.0,55.5,73.5,0.0,40.5,109.0
05-25,41.0,59.0,13.0,30.0,0.0,40.0,,58.0,32.0,14.0,81.0,21.0,48.0,109.0,0.0,32.0,64.0,45.0,41.0,57.0,9.0,93.0,17.0,21.0,20.0,62.0,51.0,,11.0,21.0,54.0,72.5,0.0,40.5,109.0
05-26,39.0,57.0,10.0,27.0,0.0,,,56.0,25.0,10.0,79.0,20.0,42.0,110.0,0.0,29.0,63.0,40.0,38.0,55.0,5.0,90.0,14.0,18.0,18.0,60.0,50.0,,7.0,18.4,54.0,72.6,0.0,38.0,110.0
05-27,37.0,54.0,7.0,25.0,0.0,35.0,,54.0,26.0,7.0,78.0,19.0,38.0,108.0,0.0,26.0,62.0,40.0,37.0,54.0,3.0,89.0,13.0,16.0,13.0,58.0,48.0,,5.0,17.5,51.0,70.0,0.0,36.0,108.0
05-28,35.0,50.0,6.0,22.0,0.0,32.0,,50.0,30.0,3.0,74.0,16.0,36.0,106.0,0.0,22.0,58.0,38.0,40.0,54.0,2.0,91.0,9.0,15.0,10.0,55.0,46.0,,2.5,15.5,48.0,66.0,0.0,33.5,106.0
05-29,32.0,45.0,1.0,20.0,0.0,28.0,,49.0,24.0,0.0,73.0,12.0,32.0,103.0,0.0,20.0,54.0,36.0,35.0,52.0,1.0,90.0,8.0,12.0,11.0,53.0,41.0,,0.5,12.0,43.0,63.5,0.0,30.0,103.0
05-30,30.0,44.0,0.0,19.0,0.0,,,48.0,30.0,0.0,70.0,9.0,28.0,101.0,0.0,20.0,52.0,35.0,32.0,49.0,0.0,89.0,7.0,8.0,13.0,52.0,37.0,,0.0,9.8,42.6,62.8,0.0,30.0,101.0
05-31,28.0,41.0,0.0,15.0,0.0,21.0,,,27.0,0.0,68.0,6.0,24.0,99.0,0.0,20.0,50.0,33.0,32.0,47.0,0.0,86.0,5.0,5.0,14.0,50.0,36.0,,0.0,7.6,35.4,60.8,0.0,24.0,99.0
06-01,25.0,40.0,0.0,10.0,0.0,,,45.0,26.0,0.0,65.0,4.0,20.0,99.0,0.0,17.0,47.0,30.0,28.0,44.0,0.0,84.0,3.0,3.0,7.0,49.0,31.0,,0.0,4.6,38.2,58.6,0.0,25.0,99.0
06-02,23.0,36.0,0.0,6.0,0.0,,,43.0,21.0,0.0,63.0,3.0,17.0,97.0,0.0,15.0,44.0,27.0,27.0,42.0,0.0,81.0,2.0,2.0,4.0,47.0,28.0,,0.0,3.2,34.4,56.6,0.0,21.0,97.0
06-03,19.0,34.0,0.0,3.0,0.0,9.0,,41.0,23.0,1.0,60.0,1.0,15.0,97.0,0.0,11.0,41.0,24.0,24.0,41.0,0.0,80.0,1.0,0.0,1.0,47.0,24.0,,0.0,1.0,29.0,53.5,0.0,17.0,97.0
06-04,16.0,31.0,0.0,0.0,0.0,6.0,,42.0,24.0,0.0,57.0,0.0,12.0,94.0,0.0,8.0,38.0,21.0,21.0,37.0,0.0,78.0,0.0,0.0,1.0,45.0,22.0,,0.0,0.0,27.5,51.0,0.0,14.0,94.0
06-05,20.0,29.0,0.0,0.0,0.0,2.0,,,23.0,0.0,56.0,0.0,6.0,90.0,0.0,4.0,34.0,18.0,18.0,34.0,0.0,75.0,0.0,0.0,0.0,42.0,18.0,,0.0,0.0,22.4,50.4,0.0,6.0,90.0
06-06,26.0,28.0,0.0,0.0,0.0,0.0,,39.0,19.0,0.0,59.0,0.0,2.0,87.0,0.0,1.0,31.0,15.0,15.0,31.0,0.0,72.0,0.0,0.0,0.0,39.0,14.0,,0.0,0.0,27.0,49.0,0.0,8.0,87.0
06-07,21.0,25.0,0.0,0.0,0.0,0.0,,37.0,18.0,0.0,55.0,0.0,0.0,83.0,0.0,0.0,27.0,14.0,13.0,30.0,0.0,69.0,0.0,0.0,0.0,38.0,10.0,,0.0,0.0,23.0,46.5,0.0,5.0,83.0
06-08,18.0,20.0,0.0,0.0,0.0,0.0,,35.0,14.0,0.0,52.0,0.0,0.0,80.0,0.0,0.0,24.0,11.0,8.0,27.0,0.0,67.0,0.0,0.0,0.0,35.0,7.0,,0.0,0.0,19.0,43.5,0.0,3.5,80.0
06-09,17.0,16.0,0.0,0.0,0.0,0.0,,32.0,17.0,1.0,51.0,0.0,0.0,76.0,0.0,0.0,22.0,8.0,4.0,23.0,0.0,64.0,0.0,0.0,0.0,34.0,3.0,,0.0,0.0,17.0,42.5,0.0,2.0,76.0
06-10,14.0,10.0,0.0,0.0,0.0,0.0,,31.0,14.0,0.0,49.0,0.0,0.0,73.0,0.0,0.0,20.0,4.0,2.0,20.0,0.0,61.0,0.0,0.0,0.0,31.0,1.0,,0.0,0.0,14.0,40.0,0.0,0.5,73.0
06-11,12.0,8.0,0.0,0.0,0.0,0.0,,31.0,16.0,0.0,45.0,0.0,0.0,69.0,0.0,0.0,17.0,3.0,0.0,19.0,0.0,59.0,0.0,0.0,0.0,29.0,0.0,,0.0,0.0,14.0,38.0,0.0,0.0,69.0
06-12,10.0,2.0,0.0,0.0,0.0,0.0,,,22.0,0.0,44.0,0.0,0.0,65.0,0.0,0.0,14.0,1.0,0.0,16.0,0.0,57.0,0.0,0.0,0.0,28.0,0.0,,0.0,0.0,8.4,37.6,0.0,0.0,65.0
06-13,6.0,0.0,0.0,0.0,0.0,0.0,,,18.0,0.0,44.0,0.0,0.0,61.0,0.0,0.0,10.0,0.0,0.0,14.0,0.0,54.0,0.0,0.0,0.0,25.0,0.0,,0.0,0.0,4.8,36.4,0.0,0.0,61.0
06-14,4.0,0.0,0.0,6.0,0.0,0.0,,31.0,15.0,1.0,41.0,0.0,0.0,57.0,0.0,0.0,7.0,0.0,0.0,12.0,0.0,50.0,0.0,0.0,0.0,24.0,0.0,,0.0,0.0,6.5,36.0,0.0,0.0,57.0
06-15,3.0,0.0,0.0,1.0,0.0,2.0,,27.0,21.0,0.0,37.0,0.0,0.0,54.0,0.0,0.0,3.0,0.0,0.0,9.0,0.0,48.0,0.0,0.0,0.0,23.0,0.0,,0.0,0.0,3.0,32.0,0.0,0.0,54.0
06-16,1.0,0.0,0.0,0.0,0.0,0.0,,26.0,19.0,0.0,35.0,0.0,0.0,49.0,0.0,0.0,1.0,0.0,0.0,5.0,0.0,46.0,0.0,0.0,0.0,21.0,0.0,,0.0,0.0,1.0,30.5,0.0,0.0,49.0
06-17,1.0,0.0,0.0,0.0,0.0,1.0,,24.0,19.0,0.0,31.0,0.0,0.0,46.0,0.0,0.0,0.0,0.0,0.0,1.0,0.0,43.0,0.0,0.0,0.0,15.0,0.0,,0.0,0.0,1.0,27.5,0.0,0.0,46.0
06-18,1.0,0.0,1.0,0.0,0.0,1.0,,21.0,16.0,0.0,28.0,1.0,0.0,43.0,0.0,0.0,0.0,0.0,0.0,0.0,0.0,41.0,0.0,0.0,0.0,17.0,0.0,,0.0,0.0,1.0,24.5,0.0,0.0,43.0
06-19,0.0,0.0,0.0,0.0,0.0,0.0,,17.0,16.0,4.0,25.0,0.0,1.0,40.0,0.0,0.0,0.0,0.0,0.0,0.0,0.0,38.0,0.0,0.0,0.0,15.0,0.0,,0.0,0.0,0.5,21.0,0.0,0.0,40.0
06-20,0.0,0.0,0.0,0.0,0.0,0.0,,14.0,18.0,0.0,22.0,0.0,0.0,38.0,0.0,0.0,0.0,0.0,0.0,0.0,0.0,36.0,0.0,0.0,0.0,12.0,0.0,,0.0,0.0,0.0,20.0,0.0,0.0,38.0
06-21,0.0,0.0,3.0,0.0,0.0,1.0,,11.0,17.0,0.0,19.0,0.0,0.0,37.0,0.0,0.0,0.0,0.0,0.0,0.0,0.0,34.0,0.0,0.0,0.0,8.0,0.0,,0.0,0.0,0.5,18.0,0.0,0.0,37.0
06-22,0.0,0.0,2.0,0.0,0.0,1.0,,8.0,12.0,0.0,15.0,0.0,0.0,34.0,0.0,0.0,0.0,0.0,0.0,0.0,0.0,32.0,0.0,0.0,0.0,5.0,0.0,,0.0,0.0,0.5,13.5,0.0,0.0,34.0
06-23,0.0,0.0,2.0,0.0,,2.0,,5.0,17.0,0.0,12.0,1.0,0.0,30.0,0.0,0.0,0.0,0.0,0.0,0.0,0.0,34.0,0.0,0.0,0.0,2.0,0.0,,0.0,0.0,1.8,15.0,0.0,0.0,34.0
06-24,0.0,0.0,1.0,0.0,0.0,1.0,,,17.0,2.0,9.0,0.0,0.0,25.0,0.0,0.0,0.0,0.0,0.0,0.0,0.0,32.0,0.0,0.0,0.0,1.0,0.0,,0.0,0.0,0.8,13.8,0.0,0.0,32.0
06-25,0.0,0.0,5.0,0.0,0.0,4.0,,0.0,18.0,4.0,6.0,0.0,0.0,21.0,0.0,0.0,0.0,0.0,0.0,0.0,0.0,29.0,0.0,0.0,0.0,0.0,0.0,,0.0,0.0,0.0,12.0,0.0,0.0,29.0
06-26,0.0,0.0,0.0,0.0,0.0,3.0,,0.0,13.0,0.0,2.0,0.0,0.0,17.0,0.0,0.0,0.0,0.0,0.0,0.0,0.0,26.0,0.0,0.0,0.0,0.0,0.0,,0.0,0.0,0.0,8.0,0.0,0.0,26.0
06-27,0.0,0.0,1.0,0.0,0.0,1.0,,0.0,13.0,0.0,0.0,1.0,0.0,13.0,0.0,0.0,0.0,0.0,0.0,0.0,0.0,24.0,0.0,0.0,0.0,0.0,0.0,,0.0,0.0,0.0,7.0,0.0,0.0,24.0
06-28,0.0,1.0,4.0,0.0,0.0,5.0,,0.0,13.0,0.0,0.0,0.0,0.0,7.0,0.0,0.0,0.0,0.0,0.0,0.0,0.0,22.0,0.0,0.0,0.0,0.0,0.0,,0.0,0.0,0.0,6.0,0.0,0.0,22.0
06-29,0.0,0.0,2.0,0.0,0.0,4.0,,0.0,13.0,8.0,0.0,2.0,1.0,2.0,0.0,0.0,0.0,0.0,0.0,0.0,0.0,15.0,0.0,0.0,0.0,0.0,0.0,,0.0,0.0,0.5,6.0,0.0,0.0,15.0
06-30,0.0,2.0,4.0,0.0,0.0,3.0,,0.0,19.0,6.0,0.0,1.0,0.0,0.0,0.0,0.0,0.0,0.0,0.0,0.0,0.0,13.0,0.0,0.0,0.0,0.0,0.0,,0.0,0.0,0.0,5.0,0.0,0.0,19.0
07-01,,0.0,5.0,0.0,0.0,4.0,,0.0,17.0,7.0,0.0,2.0,0.0,0.0,0.0,0.0,0.0,0.0,0.0,0.0,0.0,8.0,0.0,0.0,0.0,0.0,0.0,,0.0,0.0,0.0,6.2,0.0,0.0,17.0
07-02,,3.0,2.0,2.0,0.0,3.0,,0.0,14.0,10.0,0.0,1.0,0.0,0.0,0.0,0.0,0.0,0.0,0.0,0.0,0.0,4.0,0.0,0.0,0.0,0.0,0.0,,0.0,0.0,0.8,3.6,0.0,0.0,14.0
07-03,,1.0,5.0,0.0,0.0,4.0,,0.0,12.0,11.0,0.0,0.0,0.0,0.0,0.0,0.0,0.0,0.0,0.0,0.0,0.0,1.0,0.0,0.0,0.0,0.0,0.0,,0.0,0.0,0.0,4.6,0.0,0.0,12.0
07-04,,4.0,7.0,0.0,0.0,3.0,,0.0,12.0,9.0,0.0,0.0,1.0,0.0,0.0,0.0,0.0,0.0,0.0,0.0,0.0,0.0,0.0,0.0,0.0,0.0,0.0,,0.0,0.0,0.0,5.8,0.0,0.0,12.0
07-05,,5.0,7.0,0.0,0.0,3.0,,0.0,17.0,0.0,0.0,0.0,2.0,0.0,0.0,0.0,0.0,0.0,0.0,0.0,0.0,0.0,0.0,0.0,0.0,0.0,0.0,,0.0,0.0,0.0,4.2,0.0,0.0,17.0
07-06,,3.0,8.0,0.0,0.0,3.0,,0.0,13.0,0.0,0.0,0.0,0.0,0.0,0.0,0.0,0.0,0.0,0.0,0.0,0.0,0.0,0.0,0.0,0.0,0.0,0.0,,0.0,0.0,0.0,3.0,0.0,0.0,13.0
07-07,0.0,4.0,5.0,0.0,0.0,3.0,,0.0,12.0,0.0,0.0,0.0,0.0,0.0,0.0,0.0,0.0,0.0,0.0,0.0,0.0,0.0,0.0,0.0,0.0,0.0,0.0,,0.0,0.0,0.0,3.5,0.0,0.0,12.0
07-08,,,8.0,1.0,0.0,4.0,,0.0,12.0,0.0,0.0,0.0,0.0,0.0,0.0,0.0,0.0,0.0,0.0,0.0,0.0,0.0,0.0,0.0,0.0,0.0,0.0,,0.0,0.0,0.0,3.1,0.0,0.0,12.0
07-09,,6.0,8.0,2.0,0.0,4.0,,0.0,13.0,6.0,0.0,0.0,0.0,0.0,0.0,0.0,0.0,0.0,0.0,0.0,0.0,0.0,0.0,0.0,0.0,0.0,0.0,,0.0,0.0,0.0,6.0,0.0,0.0,13.0
07-10,,4.0,8.0,0.0,0.0,5.0,,0.0,13.0,14.0,0.0,0.0,0.0,0.0,0.0,0.0,0.0,0.0,0.0,0.0,0.0,0.0,0.0,0.0,0.0,0.0,0.0,,0.0,0.0,0.0,6.8,0.0,0.0,14.0
07-11,,7.0,4.0,0.0,0.0,4.0,,0.0,12.0,2.0,0.0,6.0,0.0,0.0,0.0,0.0,0.0,0.0,0.0,0.0,0.0,0.0,0.0,0.0,0.0,0.0,0.0,,0.0,0.0,0.0,5.2,0.0,0.0,12.0
07-12,,6.0,8.0,1.0,0.0,3.0,,0.0,13.0,0.0,0.0,0.0,0.0,0.0,0.0,0.0,0.0,0.0,0.0,0.0,0.0,0.0,0.0,0.0,0.0,0.0,0.0,,0.0,0.0,0.0,4.8,0.0,0.0,13.0
07-13,0.0,5.0,6.0,0.0,0.0,3.0,,0.0,17.0,0.0,0.0,0.0,0.0,0.0,0.0,0.0,0.0,0.0,0.0,0.0,0.0,0.0,0.0,0.0,0.0,0.0,0.0,,0.0,0.0,0.0,4.0,0.0,0.0,17.0
07-14,,7.0,8.0,4.0,0.0,6.0,,0.0,3.0,4.0,0.0,0.0,0.0,0.0,0.0,0.0,0.0,0.0,0.0,0.0,0.0,0.0,0.0,0.0,0.0,0.0,0.0,,0.0,0.0,0.0,5.2,0.0,0.0,8.0
07-15,0.0,7.0,6.0,3.0,0.0,4.0,,0.0,1.0,16.0,0.0,0.0,0.0,0.0,0.0,0.0,0.0,0.0,0.0,0.0,0.0,0.0,0.0,0.0,0.0,0.0,0.0,,0.0,0.0,0.0,5.0,0.0,0.0,16.0
07-16,0.0,8.0,7.0,4.0,0.0,3.0,,0.0,1.0,12.0,1.0,0.0,0.0,0.0,0.0,0.0,0.0,0.0,0.0,0.0,0.0,0.0,0.0,0.0,0.0,0.0,0.0,,0.0,0.0,0.0,5.5,0.0,0.0,12.0
07-17,0.0,3.0,1.0,5.0,0.0,1.0,,0.0,1.0,0.0,0.0,0.0,0.0,0.0,0.0,0.0,0.0,0.0,0.0,0.0,0.0,0.0,0.0,0.0,0.0,0.0,0.0,,0.0,0.0,0.0,1.0,0.0,0.0,5.0
07-18,0.0,6.0,6.0,4.0,0.0,1.0,,0.0,0.0,7.0,0.0,0.0,1.0,0.0,0.0,0.0,0.0,0.0,0.0,0.0,0.0,0.0,0.0,0.0,0.0,0.0,0.0,,0.0,0.0,0.0,5.0,0.0,0.0,7.0
07-19,0.0,8.0,8.0,5.0,0.0,4.0,,0.0,0.0,1.0,0.0,0.0,0.0,0.0,0.0,0.0,0.0,0.0,0.0,0.0,0.0,0.0,0.0,0.0,0.0,0.0,0.0,,0.0,0.0,0.0,4.5,0.0,0.0,8.0
07-20,0.0,10.0,7.0,5.0,0.0,5.0,,0.0,0.0,0.0,2.0,0.0,0.0,0.0,0.0,0.0,0.0,0.0,0.0,0.0,0.0,0.0,0.0,0.0,0.0,0.0,0.0,,0.0,0.0,0.0,5.0,0.0,0.0,10.0
07-21,0.0,9.0,7.0,4.0,0.0,,,0.0,0.0,0.0,0.0,0.0,0.0,0.0,0.0,0.0,0.0,0.0,0.0,0.0,0.0,0.0,0.0,0.0,0.0,0.0,0.0,,0.0,0.0,0.0,2.4,0.0,0.0,9.0
07-22,0.0,11.0,,5.0,0.0,3.0,,0.0,2.0,2.0,0.0,0.0,,0.0,0.0,0.0,0.0,0.0,0.0,0.0,0.0,0.0,0.0,0.0,0.0,0.0,0.0,,0.0,0.0,0.0,2.7,0.0,0.0,11.0
07-23,0.0,,10.0,5.0,0.0,6.0,,0.0,0.0,1.0,0.0,0.0,0.0,0.0,0.0,0.0,0.0,0.0,0.0,0.0,0.0,0.0,0.0,0.0,0.0,0.0,0.0,,0.0,0.0,0.0,3.4,0.0,0.0,10.0
07-24,0.0,8.0,8.0,0.0,0.0,5.0,,0.0,0.0,0.0,0.0,0.0,8.0,0.0,0.0,0.0,0.0,0.0,0.0,0.0,0.0,0.0,0.0,0.0,0.0,0.0,0.0,,0.0,0.0,0.0,6.5,0.0,0.0,8.0
07-25,0.0,9.0,9.0,0.0,0.0,4.0,,0.0,0.0,1.0,0.0,1.0,0.0,0.0,0.0,0.0,0.0,0.0,0.0,0.0,0.0,0.0,0.0,0.0,0.0,0.0,0.0,,0.0,0.0,0.0,2.5,0.0,0.0,9.0
07-26,0.0,3.0,7.0,0.0,0.0,5.0,,0.0,0.0,0.0,0.0,0.0,2.0,0.0,0.0,0.0,0.0,0.0,0.0,0.0,0.0,0.0,0.0,0.0,0.0,0.0,0.0,,0.0,0.0,0.0,2.5,0.0,0.0,7.0
07-27,0.0,2.0,7.0,3.0,0.0,,,0.0,0.0,0.0,0.0,0.0,1.0,0.0,0.0,0.0,0.0,0.0,0.0,0.0,0.0,0.0,0.0,0.0,0.0,0.0,0.0,,0.0,0.0,0.0,1.6,0.0,0.0,7.0
07-28,0.0,1.0,7.0,5.0,0.0,,,0.0,2.0,0.0,1.0,0.0,0.0,0.0,0.0,0.0,0.0,0.0,0.0,0.0,0.0,0.0,0.0,0.0,0.0,0.0,0.0,,0.0,0.0,0.0,1.6,0.0,0.0,7.0
07-29,0.0,3.0,8.0,3.0,0.0,4.0,,0.0,6.0,0.0,1.0,0.0,0.0,0.0,0.0,0.0,0.0,0.0,0.0,0.0,0.0,0.0,0.0,0.0,0.0,0.0,0.0,,0.0,0.0,0.0,3.5,0.0,0.0,8.0
07-30,,1.0,7.0,0.0,0.0,4.0,0.0,0.0,0.0,3.0,4.0,0.0,0.0,0.0,0.0,0.0,0.0,0.0,0.0,0.0,0.0,0.0,0.0,0.0,0.0,0.0,0.0,,0.0,0.0,0.0,3.5,0.0,0.0,7.0
07-31,0.0,2.0,7.0,1.0,0.0,5.0,0.0,0.0,0.0,0.0,6.0,0.0,,0.0,0.0,0.0,0.0,0.0,0.0,0.0,0.0,0.0,0.0,0.0,0.0,0.0,0.0,,0.0,0.0,0.0,3.5,0.0,0.0,7.0
08-01,0.0,5.0,8.0,0.0,0.0,,0.0,0.0,0.0,0.0,3.0,0.0,,0.0,0.0,0.0,0.0,0.0,0.0,0.0,0.0,0.0,0.0,0.0,0.0,0.0,0.0,,0.0,0.0,0.0,1.8,0.0,0.0,8.0
08-02,1.0,3.0,8.0,1.0,0.0,,0.0,0.0,0.0,1.0,5.0,0.0,1.0,0.0,0.0,0.0,0.0,0.0,0.0,0.0,0.0,0.0,0.0,0.0,0.0,0.0,0.0,,0.0,0.0,0.0,2.0,0.0,0.0,8.0
08-03,1.0,3.0,9.0,3.0,0.0,,0.0,0.0,1.0,0.0,3.0,0.0,0.0,0.0,0.0,0.0,0.0,0.0,0.0,0.0,0.0,0.0,0.0,0.0,0.0,0.0,0.0,,0.0,0.0,0.0,3.0,0.0,0.0,9.0
08-04,0.0,2.0,10.0,2.0,0.0,,,0.0,0.0,0.0,5.0,0.0,0.0,0.0,0.0,0.0,0.0,0.0,0.0,0.0,0.0,0.0,0.0,0.0,0.0,0.0,0.0,,0.0,0.0,0.0,2.0,0.0,0.0,10.0
08-05,,0.0,10.0,3.0,0.0,,0.0,0.0,0.0,0.0,0.0,0.0,0.0,0.0,0.0,0.0,0.0,0.0,0.0,0.0,0.0,0.0,0.0,0.0,0.0,0.0,0.0,,0.0,0.0,0.0,0.0,0.0,0.0,10.0
08-06,1.0,3.0,9.0,7.0,0.0,0.0,0.0,0.0,0.0,1.0,0.0,0.0,0.0,0.0,0.0,0.0,0.0,0.0,0.0,0.0,0.0,0.0,0.0,0.0,0.0,0.0,0.0,,0.0,0.0,0.0,1.8,0.0,0.0,9.0
08-07,0.0,3.0,8.0,4.0,0.0,0.0,,0.0,2.0,0.0,0.0,0.0,6.0,0.0,0.0,0.0,0.0,0.0,0.0,0.0,0.0,0.0,0.0,0.0,0.0,0.0,0.0,,0.0,0.0,0.0,3.5,0.0,0.0,8.0
08-08,8.0,6.0,8.0,3.0,0.0,0.0,,0.0,0.0,5.0,0.0,0.0,4.0,0.0,0.0,0.0,0.0,0.0,0.0,0.0,0.0,0.0,0.0,0.0,0.0,0.0,0.0,,0.0,0.0,0.0,5.5,0.0,0.0,8.0
08-09,0.0,4.0,8.0,0.0,0.0,0.0,,0.0,0.0,5.0,0.0,0.0,7.0,0.0,0.0,0.0,0.0,0.0,0.0,0.0,0.0,0.0,0.0,0.0,0.0,0.0,0.0,,0.0,0.0,0.0,4.5,0.0,0.0,8.0
08-10,0.0,3.0,8.0,4.0,0.0,0.0,0.0,0.0,1.0,0.0,2.0,0.0,10.0,0.0,0.0,0.0,0.0,0.0,0.0,0.0,0.0,0.0,0.0,0.0,0.0,0.0,0.0,,0.0,0.0,0.0,3.4,0.0,0.0,10.0
08-11,,3.0,5.0,3.0,0.0,0.0,0.0,0.0,1.0,2.0,2.0,0.0,3.0,0.0,0.0,0.0,0.0,0.0,0.0,0.0,0.0,0.0,0.0,0.0,0.0,0.0,0.0,,0.0,0.0,0.0,3.0,0.0,0.0,5.0
08-12,0.0,6.0,3.0,3.0,0.0,0.0,0.0,0.0,1.0,4.0,6.0,0.0,0.0,0.0,0.0,0.0,0.0,0.0,0.0,0.0,0.0,0.0,0.0,0.0,0.0,0.0,0.0,,0.0,0.0,0.0,3.4,0.0,0.0,6.0
08-13,0.0,12.0,1.0,6.0,0.0,0.0,0.0,0.0,0.0,5.0,4.0,0.0,6.0,0.0,0.0,0.0,0.0,0.0,0.0,0.0,0.0,0.0,0.0,0.0,0.0,0.0,0.0,,0.0,0.0,0.0,5.4,0.0,0.0,12.0
08-14,1.0,6.0,7.0,3.0,0.0,0.0,4.0,0.0,0.0,1.0,9.0,0.0,8.0,0.0,0.0,0.0,0.0,0.0,0.0,0.0,0.0,0.0,0.0,0.0,0.0,0.0,0.0,,0.0,0.0,0.2,6.4,0.0,0.0,9.0
08-15,0.0,4.0,9.0,4.0,0.0,0.0,0.0,0.0,1.0,0.0,4.0,0.0,6.0,0.0,0.0,0.0,0.0,0.0,0.0,0.0,0.0,0.0,0.0,0.0,0.0,0.0,0.0,,0.0,0.0,0.0,4.0,0.0,0.0,9.0
08-16,0.0,0.0,1.0,2.0,0.0,0.0,,0.0,1.0,3.0,5.0,0.0,9.0,0.0,0.0,0.0,0.0,0.0,0.0,0.0,0.0,0.0,0.0,0.0,0.0,0.0,0.0,,0.0,0.0,0.0,2.5,0.0,0.0,9.0
08-17,0.0,1.0,0.0,5.0,0.0,0.0,1.0,0.0,1.0,3.0,3.0,0.0,0.0,0.0,0.0,0.0,0.0,0.0,0.0,0.0,0.0,0.0,0.0,0.0,0.0,0.0,0.0,,0.0,0.0,0.0,1.8,0.0,0.0,5.0
08-18,0.0,4.0,0.0,3.0,0.0,0.0,0.0,0.0,2.0,0.0,5.0,0.0,4.0,0.0,0.0,0.0,0.0,0.0,0.0,0.0,0.0,0.0,0.0,0.0,0.0,0.0,0.0,,0.0,0.0,0.0,3.4,0.0,0.0,5.0
08-19,0.0,2.0,1.0,3.0,0.0,,0.0,0.0,1.0,1.0,4.0,0.0,4.0,0.0,0.0,0.0,0.0,0.0,0.0,0.0,0.0,0.0,0.0,0.0,0.0,0.0,0.0,,0.0,0.0,0.0,2.5,0.0,0.0,4.0
08-20,0.0,1.0,0.0,3.0,0.0,1.0,0.0,0.0,1.0,7.0,8.0,0.0,0.0,0.0,0.0,0.0,0.0,0.0,0.0,0.0,0.0,0.0,0.0,0.0,0.0,0.0,0.0,,0.0,0.0,0.0,1.8,0.0,0.0,8.0
08-21,,1.0,5.0,0.0,0.0,0.0,0.0,0.0,1.0,6.0,4.0,0.0,0.0,0.0,0.0,0.0,0.0,0.0,0.0,0.0,0.0,0.0,0.0,0.0,0.0,0.0,0.0,,0.0,0.0,0.0,2.5,0.0,0.0,6.0
08-22,,0.0,4.0,1.0,0.0,0.0,0.0,0.0,0.0,2.0,6.0,0.0,0.0,0.0,0.0,0.0,0.0,0.0,0.0,0.0,0.0,0.0,0.0,0.0,0.0,0.0,0.0,,0.0,0.0,0.0,1.5,0.0,0.0,6.0
08-23,2.0,3.0,0.0,0.0,0.0,0.0,,0.0,2.0,2.0,3.0,0.0,0.0,0.0,0.0,0.0,0.0,0.0,0.0,0.0,0.0,0.0,0.0,0.0,0.0,0.0,0.0,,0.0,0.0,0.0,2.0,0.0,0.0,3.0
08-24,0.0,3.0,8.0,3.0,0.0,0.0,,0.0,1.0,6.0,4.0,0.0,0.0,0.0,0.0,0.0,0.0,0.0,0.0,0.0,0.0,0.0,0.0,0.0,0.0,0.0,0.0,,0.0,0.0,0.0,3.5,0.0,0.0,8.0
08-25,0.0,4.0,0.0,5.0,0.0,0.0,0.0,0.0,0.0,6.0,4.0,0.0,0.0,0.0,0.0,0.0,0.0,0.0,0.0,0.0,0.0,0.0,0.0,0.0,0.0,0.0,0.0,,0.0,0.0,0.0,4.0,0.0,0.0,6.0
08-26,0.0,0.0,5.0,2.0,0.0,0.0,0.0,0.0,0.0,4.0,0.0,0.0,0.0,0.0,0.0,0.0,0.0,0.0,0.0,0.0,0.0,0.0,0.0,0.0,0.0,0.0,0.0,,0.0,0.0,0.0,0.8,0.0,0.0,5.0
08-27,1.0,2.0,0.0,5.0,0.0,0.0,1.0,0.0,1.0,0.0,0.0,0.0,0.0,0.0,0.0,0.0,0.0,0.0,0.0,0.0,0.0,0.0,0.0,0.0,0.0,0.0,0.0,,0.0,0.0,0.0,1.0,0.0,0.0,5.0
08-28,1.0,3.0,4.0,5.0,0.0,0.0,1.0,0.0,2.0,0.0,6.0,0.0,0.0,0.0,0.0,0.0,0.0,0.0,0.0,0.0,0.0,0.0,0.0,0.0,0.0,0.0,0.0,,0.0,0.0,0.0,3.4,0.0,0.0,6.0
08-29,0.0,0.0,0.0,1.0,0.0,0.0,0.0,0.0,3.0,2.0,3.0,0.0,0.0,0.0,0.0,0.0,0.0,0.0,0.0,0.0,0.0,0.0,0.0,0.0,0.0,0.0,0.0,,0.0,0.0,0.0,1.4,0.0,0.0,3.0
08-30,0.0,10.0,0.0,4.0,0.0,0.0,0.0,0.0,5.0,0.0,5.0,0.0,0.0,0.0,0.0,0.0,0.0,0.0,0.0,0.0,0.0,0.0,0.0,0.0,0.0,0.0,0.0,,0.0,0.0,0.0,4.4,0.0,0.0,10.0
08-31,10.0,3.0,5.0,2.0,0.0,0.0,2.0,0.0,3.0,6.0,7.0,0.0,0.0,0.0,0.0,0.0,0.0,0.0,0.0,0.0,0.0,0.0,0.0,0.0,0.0,0.0,0.0,,0.0,0.0,0.4,5.4,0.0,0.0,10.0
09-01,0.0,,0.0,1.0,0.0,0.0,0.0,0.0,2.0,0.0,2.0,0.0,0.0,0.0,0.0,0.0,0.0,0.0,0.0,0.0,0.0,0.0,0.0,0.0,0.0,0.0,0.0,,0.0,0.0,0.0,0.5,0.0,0.0,2.0
09-02,0.0,2.0,6.0,0.0,0.0,0.0,1.0,0.0,6.0,0.0,1.0,0.0,0.0,0.0,0.0,0.0,0.0,0.0,0.0,0.0,0.0,0.0,0.0,0.0,0.0,0.0,0.0,,0.0,0.0,0.0,1.4,0.0,0.0,6.0
09-03,0.0,2.0,6.0,1.0,0.0,0.0,4.0,0.0,3.0,2.0,7.0,0.0,0.0,0.0,0.0,0.0,0.0,0.0,0.0,0.0,0.0,0.0,0.0,0.0,0.0,0.0,0.0,,0.0,0.0,0.0,3.4,0.0,0.0,7.0
09-04,,5.0,6.0,3.0,0.0,0.0,0.0,0.0,2.0,4.0,7.0,0.0,0.0,0.0,0.0,0.0,0.0,0.0,0.0,0.0,0.0,0.0,0.0,0.0,0.0,0.0,0.0,,0.0,0.0,0.0,4.5,0.0,0.0,7.0
09-05,0.0,4.0,7.0,0.0,0.0,0.0,0.0,0.0,5.0,6.0,6.0,0.0,0.0,0.0,0.0,0.0,0.0,0.0,0.0,0.0,0.0,0.0,0.0,0.0,0.0,0.0,0.0,,0.0,0.0,0.0,5.4,0.0,0.0,7.0
09-06,0.0,4.0,5.0,3.0,0.0,0.0,0.0,0.0,0.0,3.0,11.0,0.0,0.0,0.0,0.0,0.0,0.0,0.0,0.0,0.0,0.0,0.0,0.0,0.0,0.0,0.0,0.0,,0.0,0.0,0.0,3.4,0.0,0.0,11.0
09-07,0.0,3.0,1.0,4.0,0.0,0.0,1.0,0.0,2.0,2.0,7.0,0.0,0.0,0.0,0.0,0.0,0.0,0.0,0.0,0.0,0.0,0.0,0.0,0.0,0.0,0.0,0.0,,0.0,0.0,0.0,2.4,0.0,0.0,7.0
09-08,0.0,4.0,1.0,2.0,0.0,0.0,0.0,0.0,0.0,8.0,3.0,0.0,0.0,0.0,0.0,0.0,0.0,0.0,0.0,0.0,0.0,0.0,0.0,0.0,0.0,0.0,0.0,,0.0,0.0,0.0,2.4,0.0,0.0,8.0
09-09,0.0,3.0,7.0,4.0,0.0,0.0,,0.0,1.0,5.0,9.0,0.0,0.0,0.0,0.0,0.0,0.0,0.0,0.0,0.0,0.0,0.0,8.0,0.0,0.0,0.0,0.0,,0.0,0.0,0.0,6.0,0.0,0.0,9.0
09-10,0.0,1.0,6.0,3.0,0.0,0.0,0.0,0.0,1.0,3.0,3.0,0.0,0.0,0.0,0.0,0.0,0.0,0.0,0.0,0.0,0.0,0.0,6.0,0.0,0.0,0.0,0.0,,0.0,0.0,0.0,3.0,0.0,0.0,6.0
09-11,0.0,1.0,6.0,3.0,0.0,0.0,0.0,0.0,0.0,9.0,0.0,0.0,0.0,0.0,0.0,0.0,0.0,0.0,0.0,0.0,0.0,0.0,5.0,0.0,0.0,0.0,0.0,,0.0,0.0,0.0,3.8,0.0,0.0,9.0
09-12,,1.0,8.0,3.0,0.0,0.0,1.0,0.0,3.0,8.0,6.0,0.0,0.0,0.0,0.0,0.0,0.0,0.0,0.0,0.0,0.0,0.0,2.0,0.0,0.0,0.0,0.0,,0.0,0.0,0.5,4.5,0.0,0.0,8.0
09-13,,1.0,4.0,2.0,0.0,0.0,0.0,0.0,2.0,7.0,4.0,0.0,0.0,0.0,0.0,0.0,0.0,0.0,0.0,0.0,0.0,0.0,1.0,0.0,0.0,0.0,0.0,,0.0,0.0,0.0,3.0,0.0,0.0,7.0
09-14,0.0,4.0,5.0,2.0,0.0,1.0,0.0,0.0,5.0,7.0,3.0,0.0,0.0,0.0,0.0,0.0,0.0,0.0,0.0,0.0,0.0,0.0,1.0,0.0,0.0,0.0,0.0,,0.0,0.0,0.2,4.4,0.0,0.0,7.0
09-15,0.0,3.0,4.0,0.0,0.0,0.0,1.0,0.0,1.0,5.0,3.0,0.0,0.0,0.0,0.0,0.0,0.0,0.0,0.0,0.0,0.0,0.0,1.0,0.0,0.0,0.0,0.0,,0.0,0.0,0.0,3.0,0.0,0.0,5.0
09-16,,0.0,4.0,3.0,0.0,0.0,,0.0,3.0,0.0,6.0,0.0,0.0,0.0,0.0,0.0,0.0,0.0,0.0,0.0,0.0,0.0,1.0,0.0,0.0,0.0,0.0,,0.0,0.0,0.0,3.0,0.0,0.0,6.0
09-17,0.0,3.0,2.0,0.0,1.0,0.0,,0.0,2.0,2.0,6.0,0.0,5.0,0.0,0.0,0.0,0.0,0.0,0.0,0.0,0.0,0.0,1.0,0.0,0.0,0.0,0.0,,0.0,0.0,0.5,2.5,0.0,0.0,6.0
09-18,0.0,1.0,1.0,3.0,0.0,1.0,0.0,0.0,5.0,0.0,6.0,0.0,0.0,0.0,0.0,0.0,0.0,0.0,0.0,0.0,0.0,0.0,1.0,0.0,0.0,0.0,0.0,,0.0,0.0,0.0,1.8,0.0,0.0,6.0
09-19,0.0,0.0,0.0,3.0,3.0,0.0,0.0,0.0,3.0,4.0,6.0,0.0,0.0,0.0,0.0,0.0,0.0,0.0,0.0,0.0,0.0,0.0,1.0,0.0,0.0,0.0,0.0,,0.0,0.0,0.0,3.0,0.0,0.0,6.0
09-20,0.0,2.0,0.0,3.0,2.0,0.0,0.0,0.0,3.0,5.0,8.0,0.0,0.0,0.0,0.0,0.0,0.0,0.0,0.0,0.0,0.0,0.0,0.0,0.0,0.0,0.0,0.0,,0.0,0.0,0.0,3.0,0.0,0.0,8.0
09-21,0.0,1.0,3.0,1.0,4.0,0.0,0.0,0.0,0.0,6.0,6.0,0.0,0.0,0.0,0.0,0.0,0.0,0.0,0.0,0.0,0.0,0.0,0.0,0.0,0.0,0.0,0.0,,0.0,0.0,0.0,3.4,0.0,0.0,6.0
09-22,0.0,0.0,0.0,1.0,3.0,0.0,1.0,0.0,,2.0,6.0,0.0,4.0,0.0,0.0,0.0,0.0,0.0,0.0,0.0,0.0,0.0,0.0,0.0,0.0,0.0,4.0,,0.0,0.0,0.0,3.5,0.0,0.0,6.0
09-23,0.0,0.0,0.0,1.0,4.0,0.0,0.0,0.0,,0.0,8.0,0.0,6.0,0.0,0.0,3.0,0.0,0.0,0.0,0.0,0.0,0.0,0.0,0.0,0.0,0.0,1.0,,0.0,0.0,0.0,3.5,0.0,0.0,8.0
09-24,1.0,1.0,4.0,2.0,2.0,0.0,1.0,0.0,9.0,7.0,6.0,0.0,6.0,0.0,0.0,2.0,0.0,0.0,2.0,0.0,0.0,0.0,0.0,0.0,0.0,0.0,0.0,,0.0,0.0,2.0,6.0,0.0,0.0,9.0
09-25,,2.0,1.0,2.0,2.0,0.0,2.0,0.0,7.0,7.0,9.0,0.0,6.0,0.0,0.0,1.0,0.0,0.0,3.0,0.0,0.0,0.0,0.0,0.0,0.0,0.0,0.0,,0.0,0.0,2.0,6.5,0.0,0.0,9.0
09-26,0.0,,1.0,1.0,,0.0,1.0,0.0,5.0,4.0,4.0,0.0,6.0,0.0,0.0,0.0,0.0,0.0,0.0,0.0,0.0,0.0,0.0,0.0,0.0,0.0,0.0,,0.0,0.0,0.0,4.0,0.0,0.0,6.0
09-27,0.0,0.0,0.0,1.0,1.0,0.0,0.0,0.0,3.0,8.0,5.0,0.0,7.0,0.0,0.0,0.0,0.0,0.0,0.0,0.0,0.0,0.0,0.0,0.0,0.0,0.0,0.0,,0.0,0.0,0.0,3.8,0.0,0.0,8.0
09-28,0.0,2.0,0.0,1.0,,0.0,0.0,0.0,1.0,9.0,3.0,0.0,5.0,0.0,0.0,0.0,0.0,0.0,0.0,0.0,0.0,0.0,0.0,0.0,0.0,0.0,0.0,,0.0,0.0,0.0,2.5,0.0,0.0,9.0
09-29,0.0,1.0,0.0,1.0,,0.0,1.0,0.0,3.0,1.0,3.0,0.0,7.0,0.0,0.0,0.0,0.0,0.0,0.0,0.0,0.0,0.0,0.0,0.0,0.0,0.0,0.0,,0.0,0.0,0.0,2.0,0.0,0.0,7.0
09-30,,4.0,0.0,1.0,4.0,0.0,2.0,0.0,2.0,0.0,9.0,0.0,3.0,0.0,0.0,0.0,4.0,0.0,0.0,0.0,0.0,0.0,0.0,0.0,0.0,0.0,0.0,,0.0,0.0,0.5,4.0,0.0,0.0,9.0
