date,1986,1987,1988,1989,1990,1991,1992,1993,1994,1995,1996,1997,1998,1999,2000,2001,2002,2003,2004,2005,2006,2007,2008,2009,2010,2011,2012,2013,2014,2015,2016,2017,2018,2019,2020,2021,2022,2023,2024,2025,10%,30%,70%,90%,Min,Median (POR),Max
10-01,27.86,36.14,40.82,41.18,42.8,41.72,39.92,45.68,,32.54,32.72,41.72,44.96,34.34,42.62,47.66,42.62,35.06,45.68,32.54,43.7,41.0,38.12,44.24,20.12,48.38,46.22,41.36,43.52,30.2,50.9,41.36,34.16,44.06,44.42,42.8,36.14,34.88,44.6,46.94,32.54,36.338,43.682,45.842,20.12,41.54,50.9
10-02,31.82,36.68,43.7,40.82,42.08,34.34,40.82,34.52,,33.44,30.92,41.72,40.28,33.8,41.0,47.84,42.44,34.7,35.42,,45.68,45.5,32.18,41.18,28.4,46.4,43.16,42.8,41.9,26.42,44.42,42.8,32.0,42.98,37.04,43.16,36.32,35.24,35.96,44.96,31.928,35.132,42.512,44.852,26.42,40.82,47.84
10-03,36.5,30.02,42.62,40.82,40.46,30.02,41.72,43.7,,37.4,36.5,34.52,35.6,35.6,37.22,44.06,41.72,26.6,36.5,33.44,47.48,35.96,37.76,40.28,36.68,45.32,44.06,42.98,40.1,31.28,39.38,34.16,36.14,42.98,41.72,41.9,38.66,34.16,30.02,44.6,30.902,35.978,41.63,43.808,26.6,37.58,47.48
10-04,32.9,29.3,42.62,38.12,33.08,36.14,33.08,40.82,,40.46,24.44,36.86,40.64,21.56,37.4,33.8,41.36,29.48,35.24,34.16,36.86,41.18,42.08,35.78,33.98,42.98,39.92,43.7,19.4,35.96,41.18,28.4,44.24,37.94,45.5,42.8,41.72,34.52,32.54,46.4,29.03,33.998,40.802,42.854,19.4,36.86,45.5
10-05,33.8,31.28,41.18,37.04,31.28,42.8,33.62,39.92,,34.7,19.22,37.76,43.16,19.22,43.34,35.6,35.78,32.0,36.14,32.36,34.16,41.18,42.44,33.44,25.16,43.88,36.5,40.1,21.92,36.32,39.38,30.92,43.88,35.6,36.68,42.8,45.32,37.22,34.88,45.86,29.192,33.836,39.866,43.214,19.22,36.23,45.32
10-06,256.64,36.68,40.1,33.26,32.9,42.98,25.16,38.66,,27.68,26.6,40.46,44.6,26.06,39.92,38.12,38.12,32.54,39.38,31.64,35.24,41.36,33.44,29.12,23.0,42.26,26.6,31.82,32.0,38.84,38.84,24.44,32.54,34.88,34.34,45.5,40.46,37.94,37.94,44.6,26.438,32.54,38.84,42.476,23.0,35.96,256.64
10-07,31.82,34.7,41.9,33.08,32.36,34.16,39.92,19.94,,26.24,35.96,40.82,38.3,34.52,30.2,37.04,36.86,35.96,39.56,32.72,38.12,38.66,22.64,32.72,32.0,41.0,23.72,28.76,40.46,40.46,38.66,29.12,37.04,37.22,37.22,47.12,40.28,37.04,39.56,40.82,28.004,32.756,38.624,40.568,19.94,36.95,47.12
10-08,31.82,33.98,40.46,35.24,34.34,21.92,41.36,10.94,,28.94,33.44,42.62,23.9,39.92,33.44,37.04,37.4,35.78,39.2,34.88,40.28,34.88,33.8,37.4,29.3,31.46,23.9,34.16,40.46,43.52,41.72,36.5,41.36,28.22,39.38,44.6,39.56,35.96,39.38,40.28,26.924,33.818,39.38,41.468,10.94,35.87,44.6
10-09,35.96,35.96,39.56,30.02,37.22,20.66,42.44,33.98,,31.28,35.06,43.16,31.46,39.74,38.48,32.0,25.7,34.88,43.34,,30.74,32.0,41.0,42.08,28.4,29.84,25.16,38.12,39.92,37.04,42.98,36.68,23.36,27.32,41.36,44.42,32.18,36.5,39.02,39.74,26.672,31.892,39.128,42.656,20.66,35.96,44.42
10-10,35.24,34.34,42.08,33.98,40.82,30.74,43.88,33.98,,34.88,36.86,42.44,38.48,38.84,41.18,35.24,19.58,37.22,40.64,,25.7,29.84,42.98,40.28,36.32,33.08,30.74,40.1,29.48,35.78,43.52,38.3,26.78,26.24,16.7,46.04,28.4,35.06,38.12,42.26,26.564,33.8,39.092,42.656,16.7,35.78,46.04
10-11,30.74,25.88,38.84,37.4,41.54,29.3,44.06,38.48,,37.04,41.18,42.98,34.7,36.5,41.72,37.22,24.62,39.74,34.34,33.08,25.88,30.74,42.26,34.16,33.98,34.7,32.54,43.52,27.5,37.04,42.8,37.04,37.76,28.04,17.6,34.34,32.54,37.22,32.18,42.98,27.014,32.594,37.724,42.422,17.6,35.6,44.06
10-12,256.64,18.5,31.1,37.04,41.0,28.22,42.62,39.92,31.82,35.96,36.14,42.08,16.88,39.02,41.18,33.44,19.76,31.82,40.1,33.8,28.22,31.46,42.44,20.12,36.86,36.5,33.44,34.52,27.5,29.12,42.44,34.34,41.0,27.32,28.4,34.34,25.52,35.96,24.98,42.8,24.008,29.912,36.968,42.152,16.88,34.34,256.64
10-13,256.64,17.06,34.34,36.14,42.26,37.04,39.56,43.16,31.82,38.12,26.06,40.1,18.14,40.28,41.36,29.48,26.96,33.26,32.72,28.58,30.38,31.64,33.98,19.94,33.08,35.96,34.7,29.3,35.06,26.42,42.62,38.3,39.02,29.48,32.18,43.7,22.1,35.96,26.24,42.8,25.268,29.84,37.688,42.332,17.06,33.98,256.64
10-14,23.54,26.24,32.0,36.32,42.26,39.92,37.76,41.72,33.44,31.28,32.54,36.68,28.94,42.98,39.74,27.86,32.54,32.72,33.08,32.0,37.76,31.46,28.76,28.22,33.26,38.12,37.4,32.0,25.88,35.78,43.52,44.24,30.56,20.48,35.6,47.66,19.58,35.78,25.88,41.72,25.88,31.352,37.112,42.404,19.58,33.08,47.66
10-15,26.42,30.2,31.28,37.04,33.44,38.48,40.1,35.6,,28.4,37.94,36.14,33.08,36.32,40.28,29.84,31.1,32.18,39.56,33.44,37.22,32.18,26.96,30.02,33.08,38.3,41.18,35.24,21.56,41.18,43.88,46.58,33.08,13.1,33.98,34.88,17.96,37.04,31.28,41.36,26.798,31.37,37.04,40.55,13.1,33.71,46.58
10-16,256.64,31.82,30.74,37.58,26.24,39.2,44.42,33.98,30.2,23.36,37.22,28.58,34.7,24.8,23.36,30.56,33.62,31.82,40.46,38.66,35.78,29.84,29.84,32.9,31.64,39.2,44.78,39.02,19.22,42.44,42.8,46.58,36.5,25.7,38.66,36.32,30.74,35.78,38.66,36.5,25.52,30.74,38.66,43.124,19.22,34.7,256.64
10-17,256.64,,29.84,38.48,21.74,24.8,43.7,36.68,28.4,21.02,35.6,15.26,36.68,22.28,22.46,34.52,37.4,33.08,40.82,33.26,36.5,26.42,23.54,36.5,36.14,36.68,31.64,30.38,23.0,39.2,40.46,41.18,37.22,31.82,42.08,39.92,35.78,35.24,39.38,32.72,22.406,30.506,37.166,40.928,15.26,35.69,256.64
10-18,256.64,34.34,22.28,38.3,20.12,33.62,40.28,36.5,26.96,26.96,38.84,30.92,34.7,26.96,26.06,36.32,35.24,32.18,42.44,29.66,39.2,16.88,19.04,40.1,39.92,34.16,28.76,32.36,19.76,39.38,39.38,37.94,38.84,32.54,27.14,41.9,38.12,34.88,38.48,32.36,21.848,30.164,38.408,40.136,16.88,34.7,256.64
10-19,31.46,33.08,29.66,38.66,26.06,31.1,35.78,36.68,24.08,26.42,28.22,32.9,33.8,31.64,25.52,34.52,32.9,32.18,42.44,30.74,32.0,17.96,31.28,36.68,39.2,35.06,35.6,35.24,24.44,40.46,36.32,27.14,40.82,29.66,25.34,42.26,24.26,37.76,39.02,35.24,25.16,30.092,35.708,39.452,17.96,32.9,42.44
10-20,31.28,29.84,28.4,35.78,20.12,21.02,35.6,28.22,24.44,24.08,31.1,14.9,32.54,33.98,30.56,34.7,35.42,30.02,41.54,,32.72,24.08,34.34,32.72,35.6,37.94,33.98,39.38,27.32,39.2,35.24,30.38,39.56,32.0,15.98,40.82,25.88,37.04,41.36,32.9,23.162,29.858,35.402,39.434,14.9,32.63,41.54
10-21,34.7,24.98,31.28,26.96,34.34,14.9,36.14,34.7,28.22,26.6,35.6,5.36,30.56,32.9,33.8,34.7,33.08,30.56,45.32,35.24,32.36,19.94,15.62,29.84,29.3,36.32,34.16,38.84,26.6,38.12,35.24,38.3,19.22,34.88,17.96,45.32,31.82,36.68,40.64,28.22,18.968,29.516,35.096,38.408,5.36,33.08,45.32
10-22,256.64,26.6,31.28,37.4,32.54,28.04,37.04,39.02,32.18,29.66,18.86,14.18,30.2,34.16,36.14,33.98,30.74,30.02,45.14,24.8,34.52,19.58,15.44,14.18,25.88,31.28,33.44,40.64,30.38,34.34,30.92,41.72,28.4,36.32,26.42,43.7,34.16,38.66,39.02,30.38,19.436,29.804,35.492,40.856,14.18,32.18,256.64
10-23,32.9,26.06,32.9,30.74,32.36,26.78,32.18,40.64,30.92,31.82,15.26,23.18,26.78,31.64,35.24,33.62,31.64,28.76,40.82,25.7,34.7,24.98,28.04,23.54,29.3,30.2,35.24,41.0,32.9,36.5,30.02,40.64,36.5,35.6,26.6,39.56,32.72,21.92,38.48,35.96,24.692,28.976,34.268,39.776,15.26,31.82,41.0
10-24,256.64,,32.9,36.68,35.78,31.28,26.6,39.56,30.92,29.48,22.28,23.0,19.76,30.38,34.52,29.12,20.48,25.16,34.52,28.4,35.06,29.3,37.04,28.76,29.12,31.46,39.92,30.38,34.52,39.92,26.96,42.26,32.18,33.26,16.34,40.82,33.26,12.74,35.78,36.68,21.74,29.12,34.52,39.92,12.74,31.37,256.64
10-25,256.64,,30.56,34.88,36.68,34.34,25.16,36.14,30.02,29.66,25.52,22.46,12.56,33.44,34.7,26.06,27.14,22.46,21.74,28.76,37.04,26.42,36.32,34.16,21.02,22.28,34.16,15.98,33.98,42.44,33.26,35.6,36.68,32.18,25.52,29.12,42.98,20.84,34.34,34.88,21.524,26.096,34.34,36.788,12.56,31.37,256.64
10-26,256.64,31.1,30.02,36.68,20.48,34.34,30.02,33.08,20.84,29.66,31.82,16.88,15.26,33.8,36.68,28.76,30.74,26.6,26.96,32.0,34.7,16.16,36.14,34.34,19.58,14.54,25.52,12.38,32.0,42.62,30.74,34.7,31.46,32.0,33.44,9.32,27.5,24.98,33.26,37.04,15.98,26.744,33.188,36.248,9.32,30.74,256.64
10-27,256.64,31.1,31.28,35.6,22.46,36.14,30.02,33.08,21.2,33.26,29.12,26.6,23.9,31.82,35.06,33.26,36.5,25.88,33.8,35.78,34.7,20.48,35.06,36.32,24.08,12.92,17.96,23.18,31.82,29.66,24.44,41.36,28.22,34.52,30.92,14.18,21.56,17.42,33.26,39.38,19.976,25.016,33.584,36.176,12.92,31.1,256.64
10-28,256.64,30.92,34.7,35.96,24.08,36.5,15.62,32.0,23.9,35.6,31.64,28.22,25.52,26.06,35.6,30.38,36.68,21.56,36.5,30.56,34.88,26.96,34.88,35.6,16.88,21.38,18.32,29.48,34.16,29.12,24.26,44.6,29.84,36.86,12.2,26.6,27.68,18.86,27.14,35.96,18.752,26.276,34.808,36.536,12.2,29.84,256.64
10-29,33.08,33.62,36.68,33.08,8.78,34.16,10.76,29.66,12.92,34.7,37.22,17.42,28.22,27.14,20.84,27.68,38.3,17.24,39.92,18.68,29.3,30.92,36.14,40.1,8.24,30.92,23.0,31.82,27.68,31.82,31.46,40.1,32.54,39.38,11.84,28.22,31.46,20.84,13.64,25.88,12.704,24.656,33.08,38.516,8.24,30.92,40.1
10-30,,35.42,31.28,27.68,12.38,33.8,15.8,30.38,,23.54,34.7,23.54,29.48,30.74,23.0,29.66,41.9,20.12,37.58,14.9,24.98,30.2,34.52,37.04,17.06,33.08,27.5,32.54,20.3,35.6,27.14,42.08,32.18,27.32,-2.02,30.56,32.54,22.46,8.42,17.6,15.44,23.54,32.54,36.176,-2.02,29.66,42.08
10-31,26.6,29.66,32.54,32.9,20.3,33.44,8.96,22.82,,19.76,32.0,19.94,30.56,31.82,34.16,22.46,31.46,26.24,35.42,17.78,20.48,28.22,29.12,36.32,24.44,25.88,30.02,33.98,19.58,39.02,29.66,40.64,32.18,21.38,14.9,30.2,35.06,23.54,15.62,17.78,19.04,22.892,31.982,35.168,8.96,29.39,40.64
11-01,20.12,27.86,34.34,33.8,12.02,30.92,15.98,18.32,24.08,32.54,26.96,15.62,21.2,32.54,30.74,19.22,28.76,30.02,33.44,9.5,27.14,18.32,27.68,36.5,27.5,24.98,30.2,35.78,20.66,40.1,32.54,36.86,35.6,22.64,17.42,33.8,34.34,28.4,22.28,22.64,17.132,22.424,32.54,35.636,9.5,27.86,40.1
11-02,26.78,30.56,29.3,33.08,16.88,26.06,3.02,19.22,14.9,33.8,13.28,24.44,17.06,27.14,29.12,17.24,28.76,21.74,30.74,14.9,36.14,25.52,26.42,36.86,27.68,31.28,14.9,32.54,25.52,30.56,36.32,28.76,36.14,30.02,21.02,37.04,30.2,32.54,24.8,26.42,14.9,24.584,30.56,36.14,3.02,27.68,37.04
11-03,29.66,27.5,30.38,32.9,23.72,21.38,5.18,10.4,25.34,21.92,11.84,27.32,25.16,22.1,28.94,21.38,32.72,13.46,23.54,24.98,31.82,30.74,27.32,35.24,32.54,31.82,22.1,29.3,29.3,19.76,34.34,33.08,36.32,21.92,27.32,36.86,27.14,22.46,30.56,23.36,18.5,22.892,30.488,33.332,5.18,27.32,36.86
11-04,33.26,21.92,30.92,25.88,26.6,18.68,9.68,4.64,20.48,15.26,16.16,25.88,26.6,14.0,32.36,25.16,33.98,19.58,15.44,27.5,30.56,26.6,30.74,27.86,34.34,31.46,28.76,30.92,21.92,17.24,25.88,37.22,32.0,21.74,27.5,35.24,28.04,13.1,29.3,20.66,15.008,21.812,30.056,33.404,4.64,26.6,37.22
11-05,,24.62,35.6,24.98,31.28,21.02,26.06,10.04,10.4,24.08,23.0,23.18,29.84,20.84,32.36,15.98,33.44,15.98,17.78,28.76,24.62,23.9,31.28,12.38,35.24,32.54,23.0,33.08,10.76,25.34,19.22,34.34,30.38,21.92,27.32,37.04,31.28,22.46,37.22,,14.9,22.514,31.19,34.61,10.04,24.8,37.22
11-06,19.94,23.18,28.76,32.9,23.72,15.8,29.3,14.0,13.28,32.36,27.32,14.72,31.28,21.02,34.34,5.72,33.98,22.82,19.58,,33.26,30.38,31.28,6.26,39.56,34.7,14.72,32.9,11.48,31.64,14.18,31.82,29.84,19.76,27.86,36.86,36.32,29.3,36.5,,13.784,20.048,31.802,35.186,5.72,29.03,39.56
11-07,24.8,11.48,22.82,33.08,19.58,17.06,24.26,21.92,16.88,34.34,23.72,8.96,30.92,16.52,35.78,3.02,34.88,28.76,23.54,34.52,36.68,34.88,31.46,15.08,37.4,31.64,13.64,34.88,26.42,31.28,16.16,30.92,28.4,17.6,26.96,33.08,36.5,34.16,35.96,,14.792,22.28,33.08,35.816,3.02,28.4,37.4
11-08,26.24,7.7,23.18,32.18,19.22,16.88,27.68,24.08,19.22,24.98,28.76,18.86,27.86,19.4,35.6,13.1,28.58,26.42,25.34,39.56,37.4,36.68,31.28,26.42,32.54,33.8,10.58,35.06,30.56,29.48,21.02,33.26,20.66,9.5,28.76,19.94,35.24,32.9,23.36,,16.124,21.884,30.992,35.312,7.7,26.42,39.56
11-09,21.92,9.32,23.36,21.74,28.22,10.76,34.16,22.28,17.24,19.04,27.86,23.9,23.54,12.02,30.56,15.26,25.16,23.54,27.14,27.86,36.32,32.9,31.64,25.7,29.66,19.76,10.04,30.74,27.86,33.8,23.72,35.78,30.2,12.2,33.08,14.54,32.0,26.42,14.18,,12.164,21.812,29.084,33.224,9.32,25.16,36.32
11-10,24.98,10.58,24.26,24.26,28.94,26.06,31.1,19.58,25.52,26.06,12.92,26.6,21.38,5.54,34.34,16.88,27.32,14.54,26.24,28.04,36.14,17.42,34.7,21.38,32.54,13.82,15.44,15.26,28.22,27.5,23.54,37.76,34.16,23.36,31.82,9.14,24.62,10.04,17.78,,12.452,18.5,27.428,34.196,5.54,24.62,37.76
11-11,26.96,14.9,16.52,23.18,23.72,28.58,27.32,7.88,27.68,30.02,20.48,27.14,23.54,14.9,35.42,11.84,31.64,11.48,22.1,,31.28,24.8,34.52,21.56,36.14,14.54,24.08,4.64,28.04,24.26,13.1,33.08,29.66,13.82,24.98,12.74,23.0,4.64,18.86,,11.732,16.754,27.302,32.072,4.64,23.63,36.14
11-12,22.28,18.86,23.72,19.4,34.88,31.28,25.52,7.88,20.66,26.24,31.46,29.66,17.78,19.94,36.14,2.12,30.38,10.94,22.46,24.62,25.88,15.98,32.0,23.72,36.32,8.78,23.9,10.22,28.76,21.38,14.36,30.56,28.76,3.92,23.36,14.0,27.68,12.74,26.96,,9.932,19.076,27.392,31.568,2.12,23.72,36.32
11-13,5.36,20.66,26.96,32.18,31.1,30.74,27.68,18.5,18.14,13.82,31.46,33.08,14.54,22.28,34.7,-1.66,30.74,22.28,27.5,24.62,23.9,16.16,35.6,28.76,25.7,14.18,23.18,16.7,28.22,19.4,18.32,28.4,37.4,14.36,26.78,21.74,29.48,16.52,29.3,,14.324,18.86,28.616,32.36,-1.66,24.62,37.4
11-14,7.7,24.08,23.36,29.48,24.08,33.08,24.62,24.08,17.06,2.12,28.58,31.28,6.62,27.32,38.66,12.38,27.5,17.6,23.36,22.28,21.38,17.78,28.22,16.7,20.12,16.34,20.84,21.92,25.16,23.0,22.28,32.36,32.72,23.18,27.5,13.82,30.2,10.58,29.12,,12.02,20.408,27.428,31.496,2.12,23.36,38.66
11-15,10.4,28.04,15.08,13.28,12.02,32.18,26.06,26.06,12.92,11.3,29.84,22.46,-3.64,32.0,35.06,7.34,31.46,10.4,20.48,25.7,4.46,10.22,31.82,19.22,9.32,18.32,23.0,21.2,26.42,18.68,24.08,36.32,30.2,24.26,32.9,23.72,35.06,4.46,29.84,,8.924,14.0,27.392,32.324,-3.64,23.0,36.32
11-16,16.88,27.32,9.86,8.78,19.4,32.0,23.72,24.62,12.92,21.56,28.58,13.46,8.06,26.96,35.06,1.22,30.2,13.82,19.76,,15.26,23.9,30.38,26.96,11.3,18.32,11.48,27.14,21.38,2.66,21.38,37.22,34.7,24.62,29.48,28.22,34.88,6.62,30.74,,8.564,15.422,27.302,32.81,1.22,22.64,37.22
11-17,18.86,26.6,7.34,12.92,20.12,35.24,20.84,24.26,18.32,8.78,26.24,15.62,12.74,30.56,35.42,-0.58,29.12,23.0,16.88,27.86,16.16,25.7,28.76,30.2,23.18,13.28,19.94,29.66,19.4,3.92,17.06,19.4,27.68,24.8,28.04,31.64,23.18,11.3,27.14,,10.796,17.564,26.924,30.272,-0.58,23.0,35.42
11-18,8.96,30.02,8.24,4.46,20.48,28.94,18.5,21.38,19.94,14.18,28.4,30.38,14.9,20.66,20.3,4.28,24.26,14.18,14.54,28.4,16.16,25.34,30.92,32.36,22.28,22.1,27.86,28.22,19.58,9.86,19.22,11.3,9.86,16.52,32.0,38.84,25.7,8.96,26.24,,8.96,15.404,26.024,30.488,4.28,20.48,38.84
11-19,-1.12,27.32,20.84,1.94,32.9,32.18,10.76,18.68,8.6,20.3,28.94,34.34,23.72,13.1,24.44,13.28,18.32,17.96,22.64,21.92,17.42,23.18,36.5,28.22,17.96,27.32,23.72,25.34,24.8,15.44,24.08,29.66,15.44,16.16,32.0,34.52,30.56,8.24,24.62,,10.328,17.96,26.528,32.324,-1.12,23.18,36.5
11-20,9.5,22.1,27.14,-0.58,39.02,26.6,19.58,18.86,14.0,14.9,28.22,30.56,18.68,11.3,25.52,13.82,24.44,22.64,27.32,21.56,21.2,31.28,33.08,26.96,21.92,27.86,23.54,25.88,25.88,19.76,22.46,35.06,23.72,20.12,31.28,32.72,25.34,13.64,21.2,,13.784,20.552,26.816,31.568,-0.58,23.54,39.02
11-21,8.78,27.32,22.46,7.7,31.82,11.84,22.46,10.22,20.84,16.34,28.76,29.66,10.94,27.32,19.4,20.12,26.24,26.42,29.3,20.66,25.16,30.38,8.06,26.6,24.8,20.12,23.54,29.84,25.34,19.58,8.96,29.66,27.32,21.92,26.6,25.16,15.62,18.68,18.86,,9.968,19.472,26.528,29.66,7.7,22.46,31.82
11-22,18.14,16.7,15.98,18.68,21.38,10.04,2.66,14.72,25.7,8.78,25.52,29.66,8.06,31.28,13.28,24.44,26.42,29.48,10.94,18.86,24.8,31.64,14.18,24.8,20.12,8.42,20.12,26.6,23.9,22.1,21.92,23.0,31.28,23.0,20.66,23.36,25.88,17.78,24.62,,9.788,17.924,24.728,29.516,2.66,21.92,31.64
11-23,22.1,8.6,19.4,31.28,28.22,21.74,-0.76,10.22,24.44,12.2,22.82,21.38,18.86,30.02,3.02,19.04,17.42,27.86,,14.36,23.9,29.12,14.18,23.9,8.96,10.58,23.18,23.9,25.34,12.56,23.36,19.4,31.64,19.76,15.08,30.02,28.4,15.26,27.14,,9.842,15.476,23.9,29.39,-0.76,21.56,31.64
11-24,24.26,20.3,15.62,18.14,25.52,26.42,16.7,0.32,3.02,17.24,25.88,13.28,21.56,30.02,2.48,14.36,16.34,23.18,,14.72,22.1,23.18,8.96,21.92,9.5,2.66,27.68,25.88,23.72,7.7,26.24,13.1,34.7,17.42,17.42,18.32,14.54,13.28,20.3,,6.296,14.558,23.072,26.294,0.32,17.78,34.7
11-25,24.98,23.54,20.84,12.02,22.1,31.46,19.04,0.32,-4.9,22.64,30.92,17.06,27.14,24.98,15.44,12.38,15.8,16.52,,24.08,20.3,23.9,19.4,24.98,19.94,-5.08,22.64,27.14,21.56,12.56,28.22,16.34,29.12,5.9,19.4,14.36,11.48,21.02,10.76,,9.302,15.854,23.45,27.464,-5.08,20.12,31.46
11-26,20.84,18.14,14.18,6.26,22.46,24.98,23.36,5.72,-0.4,12.02,24.62,16.52,24.62,30.2,27.32,15.62,6.44,8.24,,17.06,17.78,20.66,17.96,27.32,23.18,11.66,7.88,20.3,16.7,23.54,19.58,20.12,35.6,11.12,5.36,17.42,24.44,22.46,4.1,,6.098,14.324,22.46,25.682,-0.4,18.05,35.6
11-27,16.16,18.5,10.22,2.12,4.82,8.96,26.96,11.48,6.8,0.86,6.98,9.5,19.94,30.74,29.3,21.56,-1.3,11.48,,12.92,5.9,15.98,22.1,29.3,24.08,18.32,22.46,21.74,20.66,25.88,21.56,16.7,37.4,19.76,11.3,13.1,25.16,18.32,5.9,,5.576,11.318,21.56,27.662,-1.3,17.51,37.4
11-28,19.04,25.16,16.88,16.52,-1.48,-1.12,22.82,12.02,20.12,1.76,10.58,14.0,19.4,31.1,25.52,20.3,1.22,18.5,,14.0,0.86,14.18,7.34,21.92,22.1,12.92,27.5,25.34,24.26,32.36,16.34,12.02,27.5,24.98,24.08,16.52,28.76,19.76,14.0,,1.598,14.0,22.748,27.5,-1.48,18.77,32.36
11-29,20.84,24.98,15.8,7.16,14.0,16.34,12.02,6.98,21.2,5.54,21.2,15.62,19.94,26.24,28.22,25.16,11.66,23.72,,-0.58,9.86,-3.1,22.46,18.32,17.24,5.9,24.08,29.48,18.32,30.92,14.18,5.54,27.14,23.36,19.94,14.54,30.2,3.56,16.7,,5.54,14.018,22.334,27.464,-3.1,17.78,30.92
11-30,18.14,15.62,1.58,12.02,15.62,21.2,6.8,7.34,20.84,19.94,24.62,6.62,21.2,21.92,31.64,18.86,12.2,25.16,,,13.82,-0.22,23.72,21.2,21.02,4.64,26.96,30.74,15.8,28.04,5.0,-0.94,26.78,19.4,6.62,15.08,30.02,12.2,17.96,,4.856,12.2,21.2,27.392,-0.94,18.14,31.64
12-01,16.7,12.74,14.0,21.56,14.36,15.8,3.02,16.16,15.98,21.2,26.6,12.74,18.68,,28.94,13.1,14.54,20.3,34.16,4.28,20.66,12.02,23.54,22.64,19.76,22.1,21.2,29.3,18.32,23.9,6.8,9.68,32.72,8.24,10.4,12.02,30.74,23.0,14.72,,9.248,14.036,21.524,29.048,3.02,17.51,34.16
12-02,22.64,18.68,23.72,21.02,18.14,2.48,4.46,25.16,12.38,17.6,27.32,5.72,17.06,26.42,19.04,20.12,21.92,17.24,,3.92,24.62,-2.2,11.12,26.96,3.92,24.98,17.06,29.84,26.78,24.26,13.64,12.38,32.18,8.78,25.7,5.54,32.72,19.04,11.12,,4.298,12.506,24.206,27.068,-2.2,18.86,32.72
12-03,21.38,19.04,29.66,24.08,19.76,3.74,10.58,19.4,5.54,21.56,21.2,8.42,7.88,26.6,14.72,18.32,24.8,19.22,,10.58,9.5,1.04,18.86,19.22,-6.7,29.48,13.82,23.9,24.26,27.32,19.58,9.32,31.28,7.7,22.46,12.56,29.66,21.38,18.32,,7.052,12.686,21.542,27.968,-6.7,19.22,31.28
12-04,16.52,20.48,32.0,14.72,24.08,21.38,19.22,14.0,17.6,23.0,28.22,5.0,10.58,26.96,6.08,18.14,22.82,15.26,,17.06,-0.4,12.74,25.88,16.16,0.32,29.48,5.18,21.02,8.96,29.3,27.32,15.26,7.7,-0.04,21.56,23.0,27.86,28.22,21.38,,5.126,14.774,22.982,28.22,-0.4,18.68,32.0
12-05,19.58,21.38,26.06,21.02,25.7,18.68,19.22,15.26,12.02,22.1,29.3,18.14,16.7,13.82,14.0,19.4,12.74,14.9,,,-3.28,16.16,27.86,16.34,15.8,25.88,-1.3,29.66,-3.46,24.98,15.08,18.32,7.34,18.32,23.18,22.64,24.62,25.52,20.84,,10.148,15.692,22.208,25.952,-3.46,18.68,29.66
12-06,20.84,23.36,20.66,15.62,19.04,5.36,20.84,8.24,16.52,22.64,24.98,15.44,21.38,1.04,15.44,17.24,17.96,11.84,,12.74,5.0,19.58,23.72,27.32,7.34,22.64,0.14,25.7,-1.48,27.32,19.04,13.46,7.34,21.2,17.96,21.74,21.02,19.22,23.54,,5.252,15.44,21.182,24.098,-1.48,19.04,27.32
12-07,15.26,18.86,23.9,15.08,10.04,17.78,23.18,12.38,14.18,17.78,20.84,12.38,19.94,-4.36,17.24,23.72,9.32,14.36,,9.86,-9.4,18.68,25.16,26.24,12.74,16.34,15.26,23.18,5.0,23.9,27.32,-0.94,6.8,16.7,24.26,25.16,19.76,20.84,24.98,,6.26,14.198,20.84,25.034,-9.4,17.51,27.32
12-08,14.18,13.64,9.14,7.16,17.78,19.22,19.94,15.26,25.7,4.1,14.18,23.0,16.16,7.52,11.3,22.1,7.34,15.08,,16.16,1.58,20.48,20.12,21.02,8.06,23.36,11.84,18.86,0.68,24.98,27.5,8.06,22.46,16.88,24.08,26.42,19.76,9.32,12.38,,7.286,11.894,20.102,24.35,0.68,16.16,27.5
12-09,4.64,2.48,16.34,11.84,22.82,22.82,14.36,18.14,,-2.2,15.08,29.3,8.6,9.14,10.4,21.38,14.9,14.54,,23.18,7.88,18.86,11.12,10.22,-4.54,26.24,13.64,-1.66,-7.42,25.7,30.2,23.18,18.68,11.12,13.46,25.16,23.9,10.04,3.02,,0.824,10.184,19.364,25.376,-7.42,14.36,30.2
12-10,3.2,-0.94,26.42,14.18,6.44,25.52,20.3,22.1,20.48,4.82,19.04,24.98,5.72,3.02,18.32,18.14,17.6,14.54,,,13.28,17.42,17.96,17.42,-0.58,23.18,15.26,4.1,5.0,25.34,30.38,26.96,19.94,16.34,9.86,23.36,7.34,12.2,14.72,,3.74,11.732,20.012,25.412,-0.94,17.42,30.38
12-11,0.5,10.94,16.52,13.82,-7.24,26.24,23.9,24.98,29.48,9.86,24.62,23.72,0.14,12.38,8.24,5.36,6.44,9.86,,27.14,17.6,15.98,16.16,15.98,7.16,13.28,14.18,7.16,8.6,25.16,26.78,23.0,23.72,19.94,16.88,14.36,4.46,19.04,19.4,,5.09,9.968,19.886,25.484,-7.24,15.98,29.48
12-12,-1.12,16.34,-0.22,23.36,3.02,22.82,12.38,17.24,18.14,15.08,29.66,24.08,14.72,15.08,9.86,12.2,1.76,14.36,,26.42,17.78,13.82,7.34,19.94,17.6,21.92,18.32,16.88,13.64,30.02,19.04,21.74,25.16,16.16,19.04,6.44,19.4,15.8,23.36,,5.414,14.396,19.364,24.404,-1.12,17.06,30.02
12-13,1.94,8.6,0.14,29.12,7.52,21.92,7.7,3.74,5.18,16.52,23.54,25.52,20.12,19.4,13.1,12.92,3.2,15.98,,26.42,16.7,21.02,10.22,20.48,17.78,24.08,19.76,18.68,14.18,27.14,14.54,20.66,26.78,5.18,19.58,3.38,21.74,5.72,23.72,,3.632,10.49,20.642,25.79,0.14,17.24,29.12
12-14,7.7,15.98,-4.0,20.84,12.38,5.36,9.5,0.5,15.8,6.26,12.2,7.16,21.56,23.54,-2.02,15.08,15.62,17.24,,19.94,-2.02,26.78,3.56,2.3,11.66,29.12,14.54,21.2,10.76,17.96,17.42,26.24,15.44,18.32,20.3,14.0,26.96,5.0,21.74,,1.76,9.626,18.284,24.35,-4.0,15.26,29.12
12-15,9.86,20.48,-5.8,13.64,15.08,8.06,15.26,6.44,14.36,5.0,13.1,2.3,19.4,20.3,3.74,12.02,8.78,24.8,,16.88,-0.4,27.32,-2.2,1.4,9.5,21.38,7.88,15.98,20.12,11.48,6.8,29.66,19.76,20.12,10.04,6.98,14.36,1.94,15.08,,1.778,7.898,15.908,20.75,-5.8,12.56,29.66
12-16,9.68,19.94,0.68,12.02,0.68,16.88,20.84,0.14,7.7,10.76,16.52,7.34,11.84,22.82,17.96,6.8,4.1,19.94,,9.86,3.92,26.96,10.04,9.68,19.4,12.38,10.58,11.66,20.12,19.76,3.2,26.78,26.42,21.02,-1.84,9.5,11.48,-6.16,19.04,,0.68,9.518,18.932,21.56,-6.16,11.57,26.96
12-17,16.52,16.16,19.94,17.06,3.92,9.5,22.1,7.34,3.56,15.62,11.48,,20.84,23.0,14.54,12.56,19.4,15.44,19.22,16.16,5.72,19.4,18.86,12.2,17.96,13.1,21.56,15.44,22.1,20.12,1.58,4.1,16.52,23.0,1.04,15.98,8.42,0.86,19.94,,3.812,12.236,19.184,21.722,0.86,16.07,23.0
12-18,17.24,14.0,18.68,25.16,8.42,11.48,21.38,10.04,6.62,21.2,8.42,-8.86,23.72,21.38,15.26,0.32,10.94,7.7,19.4,15.26,13.82,15.44,17.96,16.16,8.78,20.84,23.54,17.24,27.32,15.44,15.8,-3.64,18.32,20.3,14.72,16.7,4.1,6.44,24.44,,5.972,11.156,18.536,23.576,-8.86,15.44,27.32
12-19,16.16,15.26,15.8,20.12,8.96,11.66,19.04,-0.94,11.12,11.66,4.1,1.76,18.32,23.18,9.86,13.46,17.42,-0.4,22.82,21.2,19.4,19.22,16.52,10.94,11.3,27.14,21.56,2.66,24.08,10.22,23.18,6.26,21.2,18.32,11.3,9.86,12.74,3.92,27.5,,3.668,11.012,19.148,23.18,-0.94,15.26,27.5
12-20,23.0,10.04,3.74,12.56,10.58,5.0,14.54,7.7,1.76,13.64,3.02,11.3,15.26,15.26,6.8,10.58,23.9,11.48,25.52,21.2,20.3,10.04,17.6,4.46,19.4,28.22,13.28,2.12,17.96,17.78,19.04,18.68,27.5,14.72,12.38,15.98,17.96,11.3,24.98,,4.316,10.868,17.96,24.116,1.76,14.54,28.22
12-21,22.64,11.3,9.14,12.56,11.84,-7.06,19.04,10.04,6.8,21.38,1.4,15.62,12.92,-5.26,4.64,13.28,16.16,7.88,23.36,8.06,23.36,7.88,12.38,9.5,21.02,25.88,11.84,13.46,8.06,21.56,16.52,24.8,15.26,23.72,20.48,21.38,17.06,14.9,22.1,,6.368,10.544,19.904,23.36,-7.06,13.46,25.88
12-22,18.86,12.74,11.66,4.82,11.12,-13.9,13.1,8.42,0.68,23.0,-2.02,16.34,13.64,0.86,6.26,20.66,7.7,4.46,12.02,-0.94,28.04,11.66,1.04,16.34,18.86,26.96,4.64,14.72,8.78,15.44,19.58,24.26,7.34,11.66,27.32,20.12,25.16,7.34,22.64,,0.824,7.484,17.852,24.44,-13.9,12.02,28.04
12-23,20.84,15.08,15.08,6.44,19.76,-16.24,13.28,8.78,1.58,26.6,-0.22,8.6,10.58,0.68,15.98,16.34,7.16,7.16,14.18,-9.4,24.98,10.22,8.78,6.8,14.54,26.24,6.44,17.6,14.36,3.92,9.14,22.46,16.88,14.72,27.68,-0.04,27.68,13.46,23.54,,0.536,7.736,16.196,25.232,-16.24,13.46,27.68
12-24,13.46,11.66,5.18,3.56,7.52,-3.82,15.98,13.28,5.54,26.42,9.32,3.92,6.26,5.0,17.42,17.42,6.44,7.16,20.48,,19.04,8.06,16.7,1.22,-0.76,15.44,17.96,15.08,13.28,13.28,1.4,23.18,11.66,15.98,25.34,7.52,24.26,18.68,8.24,,2.912,7.196,15.98,21.29,-3.82,12.47,26.42
12-25,13.82,4.82,4.82,15.8,15.44,-0.22,16.7,6.98,14.72,22.82,12.38,14.72,1.4,9.5,22.64,14.72,7.88,1.76,19.58,18.86,26.24,14.36,5.72,14.54,0.68,17.24,20.66,6.44,8.78,15.8,9.68,11.66,21.56,20.48,16.52,17.6,17.42,20.66,-1.48,,1.688,9.068,17.024,20.84,-1.48,14.72,26.24
12-26,17.96,,-0.4,0.68,19.04,0.32,15.62,12.92,26.96,16.34,14.18,22.28,1.04,20.48,21.56,11.48,12.74,1.76,16.16,23.36,28.22,25.7,1.94,6.62,-0.58,20.66,18.68,10.58,14.9,5.72,-2.2,4.64,19.94,19.4,11.66,20.84,15.8,23.36,6.8,,0.572,7.178,19.364,23.36,-2.2,15.26,28.22
12-27,9.32,14.0,3.56,-6.34,22.46,5.36,12.56,16.88,,19.04,12.74,21.02,4.82,15.26,20.12,17.96,10.22,13.64,2.12,26.42,16.7,23.9,-2.56,-2.56,5.9,14.18,18.68,8.78,19.94,-2.2,7.7,16.52,23.0,5.18,17.96,12.74,12.92,26.96,8.06,,0.824,8.132,17.852,22.622,-6.34,13.28,26.96
12-28,15.44,9.86,12.2,0.86,17.78,17.96,14.72,23.36,12.56,21.92,12.38,17.96,4.64,21.38,24.98,15.8,13.1,19.76,-3.46,24.98,23.9,19.22,-7.78,12.38,10.76,9.14,19.76,-0.4,19.76,6.8,9.68,19.58,22.28,6.62,9.5,17.6,12.02,21.92,12.2,,3.884,11.264,19.436,22.496,-7.78,14.72,24.98
12-29,19.4,15.62,19.58,-3.46,13.64,9.5,12.74,25.34,9.68,21.56,8.06,18.5,20.12,22.1,20.84,12.2,15.98,20.48,4.28,,18.68,14.18,2.3,21.2,15.26,15.26,27.5,7.7,11.66,7.34,8.6,14.54,26.24,0.32,-3.1,8.24,11.66,6.62,16.34,,3.686,9.518,18.662,21.722,-3.46,14.36,27.5
12-30,20.84,13.46,6.08,10.76,6.26,-1.12,12.56,17.78,16.16,19.04,14.0,26.06,18.5,20.48,16.34,17.78,15.98,8.6,15.26,16.52,14.9,17.78,9.68,20.3,10.76,10.76,29.66,12.56,15.08,3.92,3.02,21.92,34.34,13.28,-5.26,2.84,14.36,13.1,19.4,,3.74,11.48,17.78,21.056,-5.26,14.9,34.34
12-31,8.78,4.46,0.68,12.38,7.52,8.78,10.4,14.36,14.72,5.72,17.6,27.14,17.78,23.36,19.04,11.12,11.84,15.08,17.96,19.76,27.68,16.16,-3.64,21.38,4.28,-9.4,15.26,8.06,20.3,9.5,-0.04,16.34,23.54,9.5,6.98,12.56,15.26,24.26,21.02,,3.56,9.068,17.708,23.396,-9.4,14.36,27.68
01-01,15.26,15.98,-2.2,14.72,14.9,13.82,4.28,18.68,19.76,1.58,5.9,26.6,24.08,17.24,18.14,13.1,8.24,11.48,18.5,15.98,17.42,17.06,-0.22,24.44,16.88,-11.56,19.22,-0.94,14.54,9.14,3.74,17.78,18.32,5.0,15.8,11.12,0.32,24.08,15.8,,0.212,9.932,17.348,20.624,-11.56,15.26,26.6
01-02,15.62,13.1,-0.94,14.9,17.06,14.72,10.4,22.64,12.02,13.1,0.32,32.18,29.48,8.6,11.48,9.86,4.46,13.28,18.5,16.34,21.74,16.34,17.6,28.22,16.34,4.46,23.36,-0.76,14.54,6.8,12.02,17.24,13.28,3.92,10.58,9.86,5.9,17.24,12.74,,4.352,10.472,16.34,22.784,-0.94,13.28,32.18
01-03,18.14,12.2,3.2,17.96,6.8,17.96,23.36,3.74,16.34,6.62,16.7,24.44,24.62,4.28,-0.94,18.86,18.14,22.64,12.92,,19.04,25.16,22.1,13.64,8.6,14.54,23.54,1.76,21.74,10.94,18.32,14.9,20.3,14.18,11.3,13.82,14.0,11.66,13.82,,4.118,12.272,18.302,23.414,-0.94,14.72,25.16
01-04,3.38,23.18,14.72,21.92,-2.02,21.56,17.78,4.28,21.74,12.56,17.42,7.7,20.3,11.66,10.58,22.1,10.58,23.54,-3.46,23.54,15.44,26.24,23.54,5.0,10.4,8.78,21.92,11.3,9.68,13.46,20.48,19.22,20.48,22.28,19.94,19.58,17.96,5.0,16.16,,4.856,10.868,20.48,23.252,-3.46,17.42,26.24
01-05,13.82,19.22,19.22,19.94,4.82,16.7,16.16,12.38,19.22,16.7,13.82,5.72,14.9,17.78,9.14,24.62,7.7,20.3,-8.14,13.64,12.74,9.14,23.54,7.88,19.58,8.24,25.88,12.2,-2.02,23.54,19.58,13.64,24.08,25.88,17.42,17.78,20.12,15.98,9.32,,7.304,12.524,19.22,23.648,-8.14,16.16,25.88
01-06,14.36,15.08,16.16,11.3,5.18,9.32,19.76,17.42,5.36,12.92,5.36,,6.62,22.46,-0.94,21.92,18.5,18.32,12.56,9.86,23.0,1.58,17.78,9.32,20.66,15.98,21.56,17.96,5.0,26.24,20.48,-4.36,25.7,21.02,8.06,10.22,25.16,17.96,6.08,,5.126,9.374,18.482,22.622,-4.36,15.53,26.24
01-07,6.62,10.58,7.16,-6.52,5.18,12.2,10.76,23.72,3.74,17.06,16.52,2.66,7.16,24.62,11.12,11.3,24.26,24.62,20.84,8.24,26.78,3.38,11.84,16.52,6.44,18.68,19.04,16.52,15.62,25.16,14.72,9.68,19.4,15.98,15.08,15.98,25.7,11.84,6.08,,4.892,10.04,16.844,24.62,-6.52,14.72,26.78
01-08,18.14,8.96,9.14,-8.14,22.46,12.2,8.24,22.64,12.56,20.66,20.3,5.72,10.94,11.84,11.12,17.78,29.48,24.62,15.44,17.96,14.36,17.06,8.24,20.3,6.62,19.76,7.7,14.9,17.96,24.8,10.22,25.16,24.62,16.34,19.94,12.92,16.88,17.06,2.12,,7.484,11.408,19.112,24.62,-8.14,16.34,29.48
01-09,22.82,2.12,8.96,8.42,23.72,13.64,8.24,16.7,11.3,22.82,25.34,10.94,13.28,14.0,9.86,21.56,29.3,17.42,18.5,24.98,4.64,22.46,12.74,15.26,15.98,13.64,17.78,20.48,15.62,21.02,8.78,27.14,30.38,23.18,12.38,11.84,6.98,20.84,7.16,,8.024,12.056,20.948,25.052,2.12,15.62,30.38
01-10,22.1,9.5,17.06,19.76,27.14,12.38,18.14,11.48,5.36,22.28,18.14,15.98,18.14,16.7,17.42,15.08,16.88,20.48,19.76,25.88,11.84,25.7,6.26,7.7,18.32,-7.06,20.84,22.1,10.58,21.02,1.22,18.68,23.54,23.72,2.84,6.08,15.26,24.08,6.08,,5.936,12.056,20.192,23.792,-7.06,17.42,27.14
01-11,23.36,24.26,16.34,14.54,26.24,10.58,20.3,12.92,8.6,21.02,14.72,14.18,19.04,23.18,23.9,14.54,15.8,19.4,18.32,24.08,21.38,23.9,11.48,14.72,21.74,-3.46,8.24,3.2,20.84,22.1,5.54,19.58,10.58,19.58,8.06,7.34,15.26,14.9,1.76,,6.98,13.424,20.624,23.9,-3.46,15.8,26.24
01-12,23.0,26.96,-0.22,-7.06,26.06,16.34,10.04,4.46,,14.36,26.06,13.28,17.6,19.58,21.92,20.48,23.18,13.82,17.06,11.48,8.78,19.94,5.18,15.26,20.84,12.2,4.28,-9.4,14.54,19.94,11.84,19.4,16.88,15.08,7.7,15.98,19.4,9.86,2.3,,3.686,11.516,19.4,23.054,-9.4,15.17,26.96
01-13,22.1,24.26,6.8,7.16,24.08,19.04,5.0,15.98,14.72,16.88,23.9,15.8,17.06,11.48,22.1,10.4,10.04,18.86,16.7,5.9,15.98,9.86,4.28,16.88,20.3,19.76,9.5,-8.5,11.84,21.2,18.86,22.28,15.44,11.84,11.66,23.54,27.32,21.74,9.68,,6.62,11.552,19.472,23.612,-8.5,15.98,27.32
01-14,26.42,11.3,12.92,7.7,21.74,12.74,6.62,19.94,17.06,25.52,20.84,12.92,6.08,15.26,26.78,3.56,11.84,22.46,21.74,8.42,24.08,-2.2,6.26,19.58,17.6,19.22,19.76,-9.76,15.08,14.18,13.46,24.62,17.06,10.76,16.7,14.36,20.3,24.08,16.88,,6.224,12.812,19.868,24.188,-9.76,16.7,26.78
01-15,22.64,7.7,20.84,1.58,16.16,10.4,2.12,16.52,20.84,22.64,27.68,6.62,17.24,21.02,31.1,6.26,19.94,15.98,23.9,12.92,16.7,-6.52,11.3,17.6,14.72,15.08,22.1,-2.56,17.96,16.34,12.02,24.98,16.7,19.04,17.24,16.34,14.54,19.04,7.7,,5.432,13.568,19.04,22.892,-6.52,16.52,31.1
01-16,17.78,2.66,11.3,6.08,10.58,7.52,15.08,19.22,12.2,10.76,26.06,4.82,17.24,16.16,29.12,4.64,13.64,10.94,18.5,19.04,2.12,2.84,-10.12,17.96,22.28,21.02,14.9,11.3,14.0,24.44,10.22,21.56,11.66,21.56,21.38,19.76,19.22,15.98,2.84,,2.84,10.832,18.824,21.704,-10.12,14.9,29.12
01-17,22.82,0.68,10.94,13.64,10.04,7.34,14.36,20.84,13.46,1.94,14.54,9.14,21.92,17.24,30.02,0.32,7.7,12.02,12.74,,11.66,0.68,-7.24,19.76,23.54,24.8,4.64,15.26,15.8,17.6,14.18,17.6,15.8,22.1,14.18,23.9,21.02,15.62,17.06,,1.562,11.696,17.564,23.036,-7.24,14.45,30.02
01-18,21.56,6.08,14.54,17.06,11.48,10.76,8.06,16.16,19.04,3.74,-0.76,19.04,17.24,25.7,29.48,3.74,3.74,14.36,12.38,21.92,20.84,5.9,-2.74,21.02,18.86,17.6,18.32,13.64,16.88,23.54,18.68,11.3,23.36,17.24,8.6,17.42,18.32,8.96,16.34,,3.74,11.372,18.536,22.208,-2.74,16.88,29.48
01-19,25.52,5.72,1.58,18.32,12.02,12.2,14.18,20.12,,12.2,10.4,24.98,18.32,25.34,24.98,6.62,2.3,19.4,12.92,25.88,14.18,14.18,3.2,25.16,17.06,15.08,28.76,16.34,18.86,23.36,17.96,17.78,30.38,12.74,11.84,13.1,14.0,5.0,17.78,,5.504,12.758,18.806,25.394,1.58,15.71,30.38
01-20,25.34,-1.12,-0.58,17.6,9.14,3.38,20.48,17.42,20.12,10.58,4.28,23.0,6.44,18.86,23.18,6.98,4.1,20.66,12.2,28.22,1.22,16.34,12.02,24.98,14.9,5.18,22.46,16.34,16.7,16.34,14.36,16.34,25.88,21.56,19.94,22.1,12.02,9.14,24.26,,3.956,11.156,20.336,24.404,-1.12,16.34,28.22
01-21,7.34,2.84,2.12,16.34,12.92,3.38,15.26,19.4,20.84,7.52,11.66,13.1,6.08,14.9,22.64,10.22,15.44,18.86,7.7,25.52,3.74,4.46,10.94,23.9,15.62,12.74,21.02,17.96,17.78,8.24,8.06,16.16,9.32,18.68,24.08,20.84,17.42,5.18,22.46,,4.316,8.672,17.888,22.496,2.12,14.9,25.52
01-22,18.5,6.98,3.74,17.42,18.32,5.36,6.08,18.68,,1.22,11.48,15.08,4.82,7.52,16.16,23.0,17.24,18.68,8.42,,2.84,5.18,10.22,29.48,17.96,14.54,11.12,21.56,16.7,3.2,19.94,12.38,5.0,6.08,19.94,20.66,14.72,10.76,20.66,,4.388,7.412,18.032,20.66,1.22,14.54,29.48
01-23,26.42,17.78,10.76,21.38,13.82,4.1,14.36,2.66,21.56,9.32,2.12,15.62,10.94,20.12,11.3,18.32,0.86,22.64,17.24,25.16,7.7,15.8,8.6,27.86,10.94,9.86,15.44,26.6,10.58,13.46,25.16,17.06,7.34,7.7,17.24,17.06,17.06,11.3,19.76,,6.692,10.832,17.564,25.16,0.86,15.44,27.86
01-24,9.5,15.62,-1.66,17.06,1.4,5.54,10.76,8.6,21.74,18.32,8.6,9.32,18.14,22.28,20.48,18.32,2.3,23.54,15.98,26.96,20.66,20.66,14.54,25.52,7.88,6.8,13.1,28.76,14.9,20.3,17.06,6.62,14.0,10.76,17.6,12.56,16.34,6.62,18.86,,6.404,10.004,18.32,22.532,-1.66,15.62,28.76
01-25,7.88,19.04,9.14,12.92,9.5,1.22,23.72,14.9,20.12,24.44,8.24,18.68,15.62,26.06,24.44,13.82,16.34,19.4,6.8,19.94,23.72,21.02,13.46,21.56,7.16,10.4,14.54,27.86,22.28,26.78,6.8,1.4,21.56,9.32,17.96,8.96,14.18,2.3,16.16,,6.8,9.86,20.048,24.44,1.22,15.62,27.86
01-26,18.14,22.46,17.42,10.58,20.84,12.56,20.12,21.74,14.18,21.2,-3.28,23.0,14.36,15.98,24.08,12.38,20.84,18.5,-4.18,23.18,16.16,18.86,12.74,14.18,16.7,10.4,18.86,27.14,19.4,34.7,4.28,-3.46,7.7,11.3,21.74,8.06,6.8,1.04,13.82,,3.632,12.452,19.832,23.036,-4.18,16.16,34.7
01-27,23.0,25.34,21.38,17.42,-2.74,7.88,18.68,19.58,10.58,16.34,7.52,15.8,21.38,8.78,13.28,18.14,23.54,28.04,4.28,,13.28,13.64,17.96,3.2,19.94,15.62,9.86,25.7,17.24,31.82,17.96,-3.1,6.62,15.98,18.86,8.42,7.16,13.64,12.74,,5.918,10.796,18.626,24.08,-3.1,15.89,31.82
01-28,24.62,22.1,27.5,13.28,4.1,11.48,20.84,20.84,8.42,10.22,12.2,12.56,15.44,5.0,3.2,14.18,21.02,23.72,13.46,19.94,10.94,10.22,14.18,7.52,21.74,22.28,5.9,17.06,3.74,25.52,21.2,8.6,14.36,8.06,10.76,22.46,9.68,13.1,21.56,,5.72,10.436,20.84,22.712,3.2,13.46,27.5
01-29,30.92,11.3,27.14,13.46,9.14,4.1,21.2,17.24,5.0,6.98,17.6,16.7,18.5,10.58,1.94,7.34,12.56,16.16,15.98,16.88,13.28,10.94,1.76,8.06,15.26,21.38,18.68,1.76,18.32,24.26,24.62,15.98,21.92,7.34,12.02,23.36,19.4,14.36,22.64,,4.82,11.084,18.428,23.54,1.76,15.98,30.92
01-30,31.64,17.96,17.78,23.18,17.24,7.16,22.82,21.2,-7.06,12.2,20.3,17.78,15.98,19.58,3.2,5.0,7.88,23.72,21.02,15.08,19.4,13.82,1.94,14.54,19.58,19.76,19.58,5.54,24.8,25.88,26.24,19.04,27.32,10.58,9.5,16.34,21.38,13.1,24.26,,5.432,14.108,20.732,25.016,-7.06,17.96,31.64
01-31,25.88,20.84,14.18,26.24,17.06,15.26,26.06,25.7,-9.94,22.64,19.22,27.86,12.74,22.82,10.94,1.58,-6.16,25.34,16.52,13.82,20.48,7.34,-1.84,14.36,13.64,11.66,14.9,14.54,17.24,23.72,16.52,24.26,30.74,14.36,12.2,12.92,21.56,1.58,24.08,,1.58,13.712,22.208,25.916,-9.94,16.52,30.74
02-01,23.18,22.46,15.26,22.82,16.7,23.18,25.52,17.96,,26.42,14.18,23.54,8.6,14.54,9.68,6.26,6.98,30.92,4.82,5.9,18.86,-4.72,9.86,11.3,9.68,-6.16,16.34,15.26,6.44,14.54,14.9,26.78,27.14,17.78,23.36,23.72,14.36,6.26,24.08,,6.152,10.004,22.784,25.79,-6.16,15.26,30.92
02-02,22.46,26.42,17.42,20.3,7.7,14.54,21.2,15.62,5.9,26.78,4.46,20.48,17.42,12.2,23.0,16.7,10.76,22.82,9.14,8.06,17.78,-1.84,5.18,15.44,12.92,,17.6,14.36,2.84,20.48,3.2,23.18,28.76,21.2,30.2,27.86,-1.12,11.12,24.62,,4.082,11.228,21.128,26.528,-1.84,17.06,30.2
02-03,16.52,27.86,12.92,18.32,4.46,15.98,19.22,10.22,14.72,19.94,-3.1,10.76,23.72,19.22,23.9,19.76,9.32,8.24,15.08,18.32,12.38,10.4,10.04,20.66,18.86,9.68,11.12,17.42,10.22,26.6,-5.08,22.1,26.96,23.54,18.68,25.52,-6.7,14.72,17.96,,7.484,10.904,19.22,24.224,-6.7,16.52,27.86
02-04,6.8,20.84,8.24,15.98,15.62,15.44,12.56,7.52,14.36,22.28,14.18,16.16,22.46,24.98,23.72,22.28,7.88,8.78,11.12,17.78,19.58,17.96,13.1,21.74,13.28,14.54,8.96,14.54,7.34,25.88,2.12,23.54,27.5,23.72,-2.74,6.44,7.16,18.86,12.74,,7.088,11.696,19.292,23.72,-2.74,14.54,27.5
02-05,6.62,14.36,8.24,-5.8,13.28,22.1,11.3,14.72,8.78,22.82,24.26,19.76,20.84,21.56,21.92,23.54,3.74,3.2,7.16,18.86,10.76,22.46,2.3,24.62,14.36,15.08,11.12,20.66,4.64,26.78,6.08,25.7,25.16,20.3,-3.82,11.48,12.74,23.9,21.2,,3.632,10.904,21.416,24.332,-5.8,14.72,26.78
02-06,8.42,22.82,12.38,-11.56,17.06,15.08,15.26,20.48,12.38,23.54,20.66,13.64,19.22,19.94,18.68,26.96,12.56,-2.74,,16.16,9.5,30.38,2.3,22.1,17.78,5.72,12.56,21.92,10.94,32.54,13.64,23.54,15.98,10.4,10.76,13.82,9.86,10.04,24.62,,7.61,12.38,19.868,23.864,-11.56,15.17,32.54
02-07,6.62,25.7,13.64,-3.64,21.92,26.96,12.56,22.28,,24.26,24.08,4.46,21.2,26.96,18.68,23.9,18.32,-4.54,,16.34,16.34,25.7,7.52,24.44,16.52,13.1,8.24,13.82,14.9,33.26,15.62,26.6,14.54,-3.28,20.66,20.3,12.38,6.08,19.22,,5.432,13.532,21.992,26.06,-4.54,16.52,33.26
02-08,5.18,28.58,14.72,6.98,8.78,26.96,19.58,23.9,18.14,22.82,25.88,7.7,17.6,28.94,26.24,16.34,14.0,3.2,,10.76,19.58,26.96,10.22,24.62,10.22,5.9,17.24,20.66,20.3,30.02,18.68,28.4,21.02,4.46,24.98,23.9,18.32,12.38,13.1,,6.656,13.19,23.792,27.392,3.2,18.5,30.02
02-09,0.86,25.7,18.14,21.38,9.68,19.04,19.94,25.16,12.38,18.86,25.88,9.14,14.36,29.66,24.8,8.06,4.82,3.56,,6.62,21.2,24.8,14.54,14.0,6.44,-6.88,14.9,13.82,24.8,32.18,20.66,36.32,27.14,12.92,19.94,22.46,20.48,2.48,12.92,,4.442,12.92,21.362,26.258,-6.88,18.5,36.32
02-10,-3.1,25.88,13.82,24.44,18.32,19.04,19.58,19.76,,16.88,23.0,13.46,5.54,17.06,23.36,14.54,9.14,9.32,,,1.22,26.42,18.68,11.3,13.64,1.04,14.54,6.26,18.68,26.6,24.62,35.96,17.06,14.18,15.44,20.84,19.58,11.66,9.14,,5.9,13.55,19.58,25.25,-3.1,16.97,35.96
02-11,5.72,24.26,15.08,20.12,22.64,19.94,19.94,14.0,15.44,14.9,21.92,17.06,7.52,-4.36,21.92,13.28,20.66,12.02,,25.88,0.68,26.42,18.32,10.58,10.76,8.96,20.12,6.26,10.94,21.02,26.78,27.86,5.36,8.6,7.16,21.38,21.92,23.54,3.92,,5.612,10.778,20.984,24.746,-4.36,16.25,27.86
02-12,15.08,25.16,18.68,13.82,26.6,20.84,19.76,13.82,1.58,17.06,22.28,18.14,8.78,13.1,18.5,15.98,13.1,22.82,,27.5,14.72,19.76,17.24,12.38,13.64,15.08,19.94,2.66,17.42,23.54,29.66,28.22,18.32,10.94,8.78,23.0,11.48,21.2,14.9,,10.292,13.91,19.922,25.592,1.58,17.33,29.66
02-13,21.2,25.52,17.42,8.6,24.08,19.4,20.66,8.6,8.24,20.3,23.36,9.32,16.88,23.18,16.52,20.66,15.26,28.4,,21.38,13.82,15.8,24.08,12.02,14.9,25.16,17.42,11.48,26.96,27.14,29.3,24.8,23.72,21.56,12.38,20.3,18.32,17.96,14.0,,10.832,15.872,23.018,25.952,8.24,19.85,29.3
02-14,23.36,,8.6,10.22,14.18,20.84,18.5,12.02,,21.2,25.52,10.58,19.22,24.62,24.62,14.0,15.44,24.44,,24.44,19.4,10.22,20.66,9.86,6.26,27.14,16.52,12.74,27.14,30.56,20.48,15.98,24.8,24.8,19.94,12.92,21.02,14.72,18.86,,10.22,14.45,22.28,25.16,6.26,19.31,30.56
02-15,25.34,14.9,21.2,8.96,-2.2,24.26,17.06,10.94,18.5,12.74,22.28,17.6,19.94,14.9,23.0,10.4,10.76,17.6,,,21.74,11.48,17.6,10.94,9.32,26.6,12.56,9.68,31.28,24.26,24.44,18.68,17.6,21.92,21.38,6.8,26.42,5.36,17.96,,9.176,12.344,21.452,24.8,-2.2,17.6,31.28
02-16,21.2,17.42,11.66,15.26,0.32,25.88,16.16,11.48,26.42,12.56,22.46,23.54,16.7,12.56,23.9,13.64,18.86,19.4,,20.48,0.68,17.06,14.18,19.94,14.36,24.62,11.84,14.72,27.32,10.58,24.08,22.64,10.94,8.42,22.28,12.02,18.32,-2.56,17.6,,9.932,12.668,20.426,24.242,-2.56,16.88,27.32
02-17,24.98,12.74,5.0,19.22,6.26,18.14,9.68,16.52,24.08,17.42,27.32,26.42,14.54,17.96,19.58,17.6,23.54,18.86,,14.18,13.46,15.98,6.62,15.08,16.34,17.96,10.04,21.38,20.48,10.04,32.0,25.88,17.96,4.64,19.58,5.54,10.04,12.02,9.14,,6.512,12.812,19.184,25.25,4.64,16.97,32.0
02-18,27.86,8.42,12.02,22.28,15.98,-5.98,7.7,22.64,18.5,18.5,24.62,22.64,12.56,17.24,16.7,22.1,19.94,15.08,,21.02,17.42,22.1,10.04,12.56,16.7,18.68,12.2,5.54,26.78,19.76,30.38,29.3,26.78,7.88,12.38,1.58,14.0,14.9,15.44,,7.826,12.704,20.912,26.78,-5.98,16.97,30.38
02-19,28.76,9.14,12.02,22.1,15.44,-5.98,12.74,24.98,11.12,20.84,25.16,19.4,7.7,16.7,12.2,23.18,15.44,9.32,,23.0,13.1,21.38,16.34,9.68,15.98,22.28,14.54,13.28,22.46,26.6,25.7,25.34,17.96,5.54,16.52,13.1,17.06,17.06,22.1,,9.266,13.118,22.028,25.214,-5.98,16.61,28.76
02-20,20.66,7.88,14.9,15.62,17.24,18.86,21.92,18.32,,28.58,28.4,16.88,13.46,9.5,23.36,23.18,17.06,12.74,,,11.12,17.96,20.48,12.02,17.24,10.58,5.72,16.16,5.18,23.18,28.04,22.1,3.2,1.58,10.22,18.32,22.46,21.2,25.52,,6.8,13.1,20.93,24.44,1.58,17.24,28.58
02-21,15.26,5.9,19.94,10.4,13.28,19.4,21.02,6.44,14.18,29.3,28.04,5.36,15.8,20.12,28.4,21.2,10.76,15.8,,21.2,10.58,20.12,19.4,16.88,13.64,8.42,14.9,11.84,15.8,13.64,24.08,31.28,6.08,10.4,21.2,9.14,19.58,24.26,23.54,,7.826,13.316,20.12,25.394,5.36,15.8,31.28
02-22,18.68,9.14,17.78,17.24,13.64,25.16,21.74,8.78,6.98,27.68,20.3,4.82,19.76,6.62,22.64,22.28,21.74,12.74,,21.56,7.34,24.44,19.4,27.86,6.08,12.2,23.72,6.44,17.24,15.26,18.86,29.66,10.76,14.9,27.68,17.06,13.82,12.56,16.34,,6.872,12.83,21.434,25.916,4.82,17.24,29.66
02-23,26.06,13.1,17.78,26.42,17.78,24.44,14.36,16.88,2.12,25.7,10.58,9.68,21.02,15.62,21.92,19.4,29.3,9.32,,16.88,11.84,18.86,19.04,29.3,6.98,16.7,11.12,7.88,23.54,19.76,11.84,12.2,9.86,6.8,21.02,19.94,14.54,5.36,12.2,,7.61,11.876,19.724,25.808,2.12,16.79,29.3
02-24,30.74,14.54,21.02,28.76,23.0,13.64,-2.56,17.06,15.8,26.96,16.52,11.84,22.28,19.4,18.68,11.12,20.84,17.96,,15.44,15.08,6.08,20.12,28.22,14.18,15.44,8.42,6.8,25.7,17.06,12.56,5.36,4.64,7.52,10.22,15.08,6.26,10.58,19.4,,6.206,11.912,19.328,26.078,-2.56,15.44,30.74
02-25,30.38,14.72,24.62,32.18,23.72,10.22,17.06,14.36,25.88,24.44,17.6,13.46,10.58,24.08,6.98,14.9,6.44,19.76,,15.98,17.42,9.32,17.6,27.14,14.36,17.42,22.28,7.52,29.3,17.6,21.02,2.84,4.64,16.7,0.68,13.82,7.16,21.38,26.96,,6.818,13.874,21.344,27.014,0.68,17.24,32.18
02-26,30.2,16.34,27.14,27.32,25.16,12.38,18.32,16.7,26.06,24.26,8.96,12.02,1.4,20.12,12.38,18.32,1.4,18.5,,15.98,24.8,16.16,15.98,24.62,10.76,16.7,9.86,8.06,25.7,9.5,25.34,5.36,14.0,21.2,8.6,15.8,3.92,17.42,26.96,,7.25,12.38,21.092,26.33,1.4,16.52,30.2
02-27,23.54,5.9,28.94,19.58,19.4,15.98,22.64,23.36,23.36,25.16,2.66,13.64,-0.94,12.92,23.0,20.84,7.88,16.34,,14.54,32.36,20.3,19.04,13.1,19.76,14.9,23.54,2.12,25.34,12.02,28.22,14.72,17.42,24.26,17.6,7.7,14.9,11.66,11.66,,7.16,13.73,22.46,25.214,-0.94,17.51,32.36
02-28,23.36,8.06,26.6,19.58,22.46,21.02,24.26,19.76,16.7,23.18,5.54,13.1,-2.92,21.56,23.18,18.32,17.06,14.72,,17.78,33.44,10.04,24.08,14.18,22.28,18.32,15.98,7.88,23.0,12.92,24.8,12.38,16.34,25.34,20.48,-0.76,20.84,9.14,8.06,,8.006,14.234,22.208,24.422,-2.92,18.32,33.44
02-29,,,25.16,,,,27.32,,,,6.62,,,,20.66,,,,,,,,23.18,,,,15.26,,,,25.88,,,,25.16,,,,20.84,,8.006,14.234,22.208,24.422,-2.92,18.32,33.44
03-01,26.96,13.64,28.58,25.16,18.32,22.46,17.42,18.14,19.22,22.28,9.5,7.7,5.9,28.94,22.64,14.54,1.76,11.3,,16.52,24.8,0.32,31.82,29.66,18.86,23.36,12.02,18.32,24.44,20.66,27.32,4.46,17.6,24.26,23.18,13.46,26.6,12.2,26.42,,7.16,14.738,24.17,27.698,0.32,19.04,31.82
03-02,29.48,20.48,21.74,24.26,21.74,20.66,29.12,11.84,,22.82,13.46,18.14,12.2,21.56,20.48,14.0,,7.16,,14.54,25.88,0.32,11.84,37.22,20.12,25.52,2.66,22.64,21.74,25.16,29.48,10.76,24.08,25.52,17.78,19.76,30.2,9.68,26.6,,10.22,16.16,24.17,29.3,0.32,21.11,37.22
03-03,27.5,22.82,21.38,18.5,26.06,25.16,28.04,9.68,28.22,24.26,18.32,16.16,21.2,29.3,22.1,14.0,-4.36,16.7,,19.58,29.3,0.86,5.0,33.08,21.92,23.36,8.24,27.5,20.84,15.62,28.22,19.04,26.96,21.38,17.24,25.52,31.82,11.66,15.98,,9.248,17.348,25.484,28.544,-4.36,21.38,33.08
03-04,27.32,28.04,15.08,4.82,26.42,28.4,23.18,14.36,26.96,20.3,23.36,7.16,18.86,26.42,27.68,19.04,11.12,15.98,,21.38,25.7,18.32,12.02,34.52,23.72,11.3,19.22,14.54,22.46,5.0,32.0,26.42,16.7,15.26,20.84,23.72,26.96,15.8,18.68,,11.246,16.052,25.502,27.788,4.82,20.57,34.52
03-05,26.42,34.34,16.88,10.58,24.62,24.26,20.66,18.5,28.76,21.56,20.12,7.34,17.78,15.62,23.9,25.34,17.24,11.66,,24.98,26.42,24.98,3.02,24.8,15.8,15.26,23.54,14.54,18.68,7.88,32.72,27.5,6.26,16.7,23.54,23.54,19.58,19.04,20.48,,9.77,16.916,24.224,26.744,3.02,20.3,34.34
03-06,26.78,35.24,22.46,25.52,19.4,8.6,23.72,21.92,27.5,12.92,13.46,19.04,18.86,21.38,23.18,28.94,25.88,19.04,,,30.74,27.68,1.94,23.72,19.4,20.48,30.38,29.12,27.14,17.6,28.76,8.6,8.78,27.32,27.68,26.78,14.72,24.8,20.3,,11.264,19.328,26.852,29.012,1.94,23.18,35.24
03-07,29.66,31.1,7.52,30.38,17.24,5.9,13.1,22.82,26.42,6.98,12.02,20.3,12.02,23.9,23.72,27.14,21.92,26.06,,21.74,26.24,24.8,12.74,15.08,25.16,20.3,20.48,28.04,23.18,23.18,19.76,14.0,17.42,25.16,30.92,30.92,7.34,22.64,20.66,,10.67,17.654,25.124,29.876,5.9,22.28,31.1
03-08,34.7,26.78,10.58,37.22,25.16,6.8,21.38,28.4,18.5,14.54,17.96,23.72,8.42,16.16,19.22,26.96,10.94,26.96,,23.36,17.24,24.98,15.62,17.96,21.74,15.98,19.76,25.88,18.32,23.54,14.9,26.96,25.7,21.56,29.12,27.68,3.92,23.18,14.72,,10.832,17.312,25.142,27.896,3.92,21.47,37.22
03-09,20.84,24.44,26.42,37.94,29.3,17.42,17.96,25.16,11.84,25.16,25.16,20.48,8.06,22.1,16.52,27.32,10.4,27.14,,25.88,12.56,25.34,16.16,25.52,16.88,16.34,24.26,16.7,24.8,22.28,15.98,31.46,28.04,16.34,26.78,28.76,13.64,17.6,13.64,,13.316,16.718,25.322,28.256,8.06,22.19,37.94
03-10,21.38,19.94,12.92,39.38,29.84,23.36,17.78,26.06,21.02,30.74,29.66,24.98,10.76,21.56,11.66,24.98,24.8,29.12,31.1,24.98,9.86,25.88,15.98,8.96,15.08,22.64,26.78,14.0,30.92,24.26,25.88,31.82,23.9,18.86,24.98,14.72,3.2,23.0,19.22,,11.48,19.004,25.52,30.776,3.2,23.36,39.38
03-11,21.56,17.24,6.8,37.94,25.88,20.12,20.3,20.84,,32.72,29.66,30.92,15.44,24.08,16.7,17.96,21.02,29.66,27.14,24.62,10.58,24.98,20.48,17.78,14.36,30.92,27.68,20.48,16.88,27.68,33.98,31.64,23.54,22.1,27.68,17.06,2.48,22.46,24.44,,15.116,20.138,27.014,31.136,2.48,22.28,37.94
03-12,16.52,22.64,3.2,34.7,15.98,15.08,24.44,3.2,24.8,21.74,25.52,32.18,19.58,18.86,19.22,19.04,27.5,30.56,28.58,29.84,10.4,32.54,21.38,21.38,16.34,31.46,28.4,23.9,14.72,29.48,31.28,29.66,26.42,28.22,29.84,22.46,17.24,21.2,25.52,,15.008,19.364,28.328,31.316,3.2,23.9,34.7
03-13,15.62,27.5,-0.22,32.18,10.94,16.88,25.16,14.54,26.42,22.64,22.64,28.22,23.54,20.48,19.58,21.56,33.08,31.28,26.24,17.96,6.44,34.7,19.04,17.96,23.18,23.18,31.46,27.14,22.1,29.48,28.76,27.14,27.68,17.96,26.24,21.2,21.92,20.66,20.48,,15.404,20.48,26.852,31.316,-0.22,22.64,34.7
03-14,17.78,22.1,9.68,15.08,7.16,16.52,26.6,22.28,29.66,29.12,22.1,22.46,26.96,28.76,24.98,12.02,10.58,32.36,27.86,,13.28,34.7,17.42,17.96,23.18,25.88,31.46,31.28,21.74,28.76,24.98,32.54,35.24,9.5,26.78,17.24,19.4,23.72,17.78,,11.588,17.798,26.942,31.73,7.16,22.82,35.24
03-15,17.06,23.9,17.78,22.46,12.38,11.3,27.68,25.7,31.46,34.16,21.92,31.64,29.12,32.36,21.38,10.58,8.96,29.66,25.34,5.54,14.54,31.64,13.1,22.64,22.28,27.32,31.46,35.06,16.52,36.68,14.72,35.24,26.42,10.94,28.04,20.84,25.88,26.96,22.28,,11.228,19.004,27.896,32.72,5.54,23.9,36.68
03-16,18.68,16.52,14.0,32.36,14.18,11.84,29.66,26.42,35.24,33.98,24.26,34.7,27.86,28.94,19.94,17.06,10.4,27.68,24.8,14.36,19.58,30.56,16.88,28.04,25.16,36.86,33.08,28.04,21.56,37.04,16.52,35.96,17.78,18.68,30.2,21.02,27.14,15.62,23.54,,14.324,18.68,28.58,34.808,10.4,24.8,37.04
03-17,13.28,14.54,4.82,24.62,21.02,17.24,26.96,30.02,31.1,29.66,15.26,26.6,25.52,30.92,19.58,20.84,10.76,23.0,28.76,19.58,23.54,34.88,16.7,30.38,29.66,29.12,33.08,21.2,25.16,39.56,24.98,36.32,21.92,21.38,30.2,18.68,16.16,8.78,22.28,,14.288,20.084,28.976,31.496,4.82,23.54,39.56
03-18,15.62,23.54,9.5,32.18,23.18,25.16,19.04,27.86,30.92,31.1,9.68,23.54,14.18,29.84,10.58,16.52,14.18,22.64,31.28,15.8,23.36,35.06,13.28,30.56,30.74,26.42,23.36,18.86,11.3,34.16,20.84,38.84,17.6,23.9,28.22,22.46,14.0,7.16,23.36,,11.156,16.952,27.284,31.46,7.16,23.36,38.84
03-19,12.38,23.54,21.02,27.5,25.52,25.16,19.04,22.28,32.0,26.06,11.84,31.46,14.0,31.1,22.1,21.56,13.1,21.92,38.3,24.08,18.32,34.88,20.12,31.64,15.98,31.46,11.84,19.94,15.08,28.76,18.32,39.02,10.58,18.86,21.92,29.48,23.36,12.38,24.98,,12.38,18.932,25.844,31.712,10.58,22.1,39.02
03-20,19.58,12.02,27.32,20.3,32.0,18.14,20.12,27.32,21.2,28.94,24.62,36.68,18.32,33.62,23.18,30.56,21.02,24.62,38.66,23.36,15.8,34.34,23.54,35.78,6.44,29.3,12.92,22.28,24.26,28.76,25.34,39.38,16.34,24.08,21.38,32.54,25.88,19.4,25.7,,16.232,21.092,28.184,34.628,6.44,24.26,39.38
03-21,24.98,14.36,32.72,20.12,32.0,14.54,23.54,27.86,23.9,36.14,30.02,36.14,23.36,33.26,24.62,34.16,27.14,22.46,38.48,17.42,16.52,29.66,19.22,35.96,18.68,30.56,23.9,19.22,25.16,31.46,37.22,36.5,25.52,27.32,20.3,21.56,21.56,17.6,28.04,,17.564,21.92,30.344,36.14,14.36,25.16,38.48
03-22,28.4,19.94,30.02,28.94,33.26,17.24,24.98,24.08,29.48,22.82,33.8,34.34,32.9,27.86,25.7,31.1,32.54,26.78,37.76,21.02,16.52,31.28,13.64,33.98,28.04,15.44,30.38,16.7,18.32,32.72,30.74,37.04,33.98,21.74,21.2,19.94,15.44,21.02,28.76,,16.664,21.416,30.956,33.98,13.64,28.04,37.76
03-23,31.28,11.48,28.22,33.8,31.64,23.18,22.28,27.5,20.12,28.4,24.44,35.6,35.78,28.76,26.42,28.94,30.56,31.64,35.6,22.64,16.16,30.74,14.36,17.78,22.46,19.58,36.32,3.74,18.32,32.18,17.06,30.2,28.04,23.36,23.18,19.4,18.68,16.34,28.76,,16.304,20.984,29.696,34.16,3.74,26.42,36.32
03-24,35.24,12.02,18.5,33.44,25.52,29.66,22.1,31.46,24.26,17.96,10.4,22.64,39.74,30.38,26.06,29.12,20.12,26.96,36.5,,21.74,28.4,25.52,17.24,17.24,18.32,36.86,-0.4,21.74,24.98,20.48,26.96,26.42,24.62,27.32,19.76,28.04,13.64,22.28,,16.16,20.606,27.284,33.98,-0.4,24.8,39.74
03-25,30.2,10.94,26.06,32.72,31.46,29.48,22.82,34.34,22.82,14.9,11.84,17.96,39.92,33.8,30.92,31.64,17.6,23.9,36.68,17.42,29.66,29.66,32.36,15.62,21.2,19.4,40.1,6.08,27.32,20.48,18.32,29.48,28.76,25.34,29.84,18.32,32.54,2.12,14.72,,14.144,18.752,30.056,33.908,2.12,26.06,40.1
03-26,31.28,16.34,31.1,29.66,35.24,22.28,28.22,33.08,17.24,12.56,15.26,30.92,30.74,31.64,31.1,28.94,23.9,29.48,35.78,16.34,20.66,33.8,33.44,14.54,20.48,17.06,35.78,24.44,25.16,26.42,10.58,28.76,23.54,30.56,30.56,19.58,37.22,4.64,12.02,,14.144,20.552,30.848,34.088,4.64,28.22,37.22
03-27,37.58,11.12,36.14,26.42,31.82,15.08,30.2,26.96,3.92,15.08,22.64,28.76,27.32,27.32,30.74,22.82,31.64,9.68,20.3,21.38,21.74,35.78,28.76,9.32,16.34,21.92,32.9,29.84,20.3,34.34,16.52,29.3,21.56,36.5,18.32,18.32,39.38,2.12,15.62,,10.832,19.112,29.624,35.852,2.12,22.82,39.38
03-28,35.96,7.7,8.42,29.66,28.94,13.64,27.68,26.78,19.22,17.96,30.02,27.68,24.8,23.36,29.12,20.3,32.54,6.8,16.7,30.2,29.12,18.86,24.98,16.88,19.4,20.66,35.06,31.46,16.34,37.4,29.84,28.22,19.58,36.14,11.84,25.16,37.76,14.18,24.08,,13.28,19.292,29.12,35.24,6.8,24.98,37.76
03-29,35.78,2.66,14.9,25.52,26.24,14.54,25.34,26.24,16.88,12.92,26.78,18.32,14.54,30.38,25.34,19.94,30.02,6.62,23.72,19.58,26.6,15.26,26.96,23.72,29.12,15.26,34.88,32.36,23.18,36.32,24.44,27.14,19.4,21.92,18.86,31.46,28.22,27.32,25.16,,14.54,19.472,26.888,31.64,2.66,25.16,36.32
03-30,37.04,10.22,18.68,19.94,24.98,15.8,29.84,22.46,19.76,10.94,26.6,24.98,9.5,36.14,25.7,23.18,28.94,21.92,32.18,14.9,20.3,19.58,27.86,6.08,39.38,22.28,35.6,31.82,26.96,35.78,15.44,31.82,28.04,18.32,24.08,14.9,21.2,21.02,30.38,,14.108,19.832,27.968,35.636,6.08,23.18,39.38
03-31,33.08,21.92,16.16,28.76,26.42,26.24,28.58,18.86,27.14,13.82,28.76,27.5,16.52,29.12,17.24,28.22,32.18,30.56,36.32,12.74,25.7,24.08,15.26,11.3,32.36,32.36,40.64,30.2,21.2,37.22,15.62,29.12,33.44,19.94,29.3,16.88,26.42,14.0,24.62,,15.008,20.444,29.12,33.152,11.3,26.42,40.64
04-01,31.64,27.5,16.16,26.06,27.86,30.92,28.04,26.96,29.48,21.56,33.98,26.6,26.6,24.08,18.5,35.06,35.78,36.68,38.3,,27.14,31.46,19.58,11.84,18.32,32.72,39.38,32.0,24.08,33.44,15.26,27.5,37.76,22.46,34.16,28.76,25.88,23.36,19.76,,18.446,24.26,31.622,36.05,11.84,27.5,39.38
04-02,29.3,21.38,24.98,26.78,27.86,27.86,29.12,26.96,26.6,25.7,34.7,25.52,19.04,18.14,20.66,35.6,35.96,33.8,38.3,27.86,22.46,36.86,27.5,15.44,12.38,40.28,28.4,27.5,20.84,28.04,24.08,28.76,35.78,28.04,25.34,36.68,31.28,30.02,23.54,,20.336,25.412,29.228,36.104,12.38,27.86,40.28
04-03,21.02,21.38,30.56,26.78,32.54,26.06,31.46,23.9,30.56,24.98,26.06,31.28,25.7,12.2,21.02,36.14,36.32,20.48,32.72,35.24,32.72,34.52,18.86,24.26,18.32,23.18,26.96,28.76,15.8,20.3,30.38,20.84,20.84,27.5,20.48,38.12,29.84,30.38,28.4,,20.012,22.1,30.488,34.664,12.2,26.78,38.12
04-04,19.94,26.6,32.0,19.76,21.38,31.28,34.88,28.4,24.98,30.2,24.98,25.7,28.22,14.18,35.06,37.04,34.7,15.98,33.44,30.38,35.6,37.94,19.22,15.8,25.34,14.54,32.18,31.46,17.96,28.22,34.16,16.7,28.76,30.74,28.4,39.02,31.46,9.14,34.88,,15.944,24.98,31.784,35.168,9.14,28.4,39.02
04-05,27.5,24.62,25.7,26.42,30.74,37.58,28.58,28.94,17.6,32.72,24.8,11.66,27.5,19.22,39.56,30.92,36.32,19.76,33.08,21.92,29.12,32.36,24.08,9.14,29.84,30.02,35.6,32.72,23.36,33.08,26.42,18.32,28.76,33.44,33.98,41.18,28.4,5.54,33.8,,18.176,25.16,32.576,35.744,5.54,28.76,41.18
04-06,34.88,27.5,35.24,34.52,28.22,37.58,35.78,22.82,22.82,33.98,28.94,12.02,22.82,25.88,38.12,24.62,35.24,16.52,31.1,28.76,19.04,33.44,21.74,16.52,12.74,28.76,30.56,29.66,20.84,37.4,27.5,30.92,31.64,30.38,35.6,26.42,16.34,10.76,13.82,,15.836,22.82,31.424,35.636,10.76,28.76,38.12
04-07,33.08,26.42,40.1,40.46,30.92,34.52,31.82,16.34,21.2,34.88,34.34,18.68,19.4,30.38,32.0,24.62,31.64,15.08,33.8,36.14,28.4,31.82,21.2,24.8,16.7,28.22,27.68,27.86,23.72,34.34,35.6,37.04,33.26,30.92,33.8,28.04,21.2,26.24,15.62,,18.284,25.376,33.188,35.708,15.08,30.38,40.46
04-08,33.8,27.5,32.0,36.86,30.74,16.52,35.6,19.94,24.26,33.62,38.12,23.54,20.12,21.92,32.72,21.38,31.1,22.82,34.7,30.74,32.0,30.56,21.74,30.38,21.74,31.82,33.44,30.56,30.2,27.32,39.2,36.14,28.76,35.96,33.26,34.34,30.02,28.22,18.86,,21.128,27.392,33.044,35.996,16.52,30.56,39.2
04-09,31.64,28.22,15.8,30.74,26.96,21.38,37.04,30.02,25.52,17.24,39.02,25.7,19.4,15.62,38.12,28.58,35.96,31.64,29.12,21.38,37.4,30.92,23.54,22.1,28.76,26.42,38.12,20.48,35.96,26.24,33.08,22.46,25.34,40.46,36.5,27.14,37.04,28.76,24.26,,20.264,25.412,31.64,37.544,15.62,28.58,40.46
04-10,29.66,27.32,21.02,25.52,28.22,24.08,40.1,28.4,23.0,14.18,35.78,20.66,28.4,14.18,33.08,23.72,36.14,36.14,21.2,18.32,35.78,16.88,17.96,29.12,32.36,15.8,40.28,12.2,37.94,30.56,33.98,23.72,30.74,24.62,33.08,30.56,23.72,34.88,25.52,,16.664,23.72,31.712,36.14,12.2,28.22,40.28
04-11,29.12,29.66,32.18,31.82,30.02,14.9,37.58,29.48,20.12,17.24,26.6,13.46,36.5,24.98,31.46,20.3,31.46,36.86,20.66,19.94,29.3,14.18,12.74,26.78,35.6,25.16,39.02,23.54,37.94,33.44,31.46,31.82,41.9,14.18,31.28,33.98,29.66,39.02,28.76,,14.756,25.052,31.82,37.652,12.74,29.66,41.9
04-12,29.3,22.28,39.02,21.92,32.36,15.62,41.36,28.4,24.8,30.92,29.12,7.88,24.62,37.04,33.8,20.3,31.1,35.6,25.88,,37.04,21.38,14.54,26.78,36.5,30.38,26.96,24.62,34.7,32.54,32.36,39.02,34.88,15.62,24.08,32.54,16.16,39.02,36.14,,15.998,24.638,33.674,37.634,7.88,29.84,41.36
04-13,18.5,18.32,40.28,29.66,29.3,12.56,41.18,19.4,34.34,37.04,19.22,12.02,24.26,36.14,38.66,23.9,34.88,38.12,32.18,35.06,39.56,23.54,26.6,27.32,21.74,30.2,25.52,28.76,24.44,34.16,36.14,41.0,14.9,19.4,12.74,30.38,8.78,35.96,35.78,,14.468,23.684,34.988,38.84,8.78,29.3,41.18
04-14,21.56,28.4,36.14,34.34,35.6,17.42,35.78,20.12,,24.26,17.24,22.46,22.28,23.72,36.32,23.9,39.56,37.76,35.6,38.12,39.02,26.24,32.54,30.56,28.76,20.12,23.9,21.92,14.54,38.12,36.14,38.12,21.2,27.68,9.68,36.14,21.38,23.9,38.12,,19.31,22.586,35.762,38.12,9.68,28.04,39.56
04-15,33.8,35.96,35.96,37.94,37.58,29.3,32.36,20.84,29.3,22.82,26.6,30.02,20.48,13.46,26.24,31.82,39.92,27.86,36.32,35.78,27.86,35.78,39.02,32.72,34.7,18.68,21.02,26.24,25.7,23.72,29.48,34.7,31.46,36.32,21.92,27.68,28.76,15.98,25.34,,20.768,26.24,34.34,36.572,13.46,29.3,39.92
04-16,32.0,38.66,33.98,36.5,41.36,35.6,32.9,26.06,38.48,30.02,35.96,31.46,20.3,12.92,33.08,34.52,27.68,30.74,38.12,37.4,34.52,33.26,22.1,20.84,37.94,31.64,21.92,31.82,28.76,23.9,23.36,35.78,39.56,35.06,22.64,23.0,32.18,25.34,28.4,,22.064,27.968,34.844,38.192,12.92,32.0,41.36
04-17,22.46,40.1,24.98,38.3,33.08,33.44,35.24,28.22,40.28,23.36,26.06,34.16,19.94,24.26,39.92,39.2,34.7,31.28,38.12,,33.44,29.66,15.98,23.0,34.88,36.32,28.22,16.88,29.48,19.94,22.64,37.94,23.54,32.9,21.56,21.2,32.18,33.8,35.96,,20.822,24.332,34.646,38.57,15.98,31.73,40.28
04-18,21.56,39.02,31.46,38.48,24.62,29.48,22.28,27.5,42.08,26.96,21.74,34.34,19.04,31.82,31.1,43.7,35.24,24.26,25.7,36.32,16.16,32.18,26.96,25.52,34.7,32.18,33.98,7.52,39.02,21.02,23.54,42.62,24.8,32.18,29.48,22.28,38.48,36.14,34.7,,21.452,25.088,34.556,39.02,7.52,31.1,43.7
04-19,22.82,33.08,33.08,40.28,32.18,28.22,22.46,16.7,39.74,23.72,14.72,37.58,21.92,36.68,21.56,42.08,36.68,23.72,29.66,37.22,21.38,23.36,36.5,28.04,36.32,25.88,30.92,20.12,35.24,25.16,24.44,36.14,35.78,37.76,27.68,26.96,41.72,21.02,32.72,,21.308,24.008,35.996,38.156,14.72,29.66,42.08
04-20,33.08,20.66,35.78,45.32,34.52,36.5,25.34,22.82,40.82,22.82,17.06,37.04,25.52,35.96,32.72,31.82,24.98,28.22,26.6,25.7,29.48,32.72,32.9,33.44,35.96,30.92,32.72,26.42,35.06,28.22,29.3,30.56,26.24,36.86,29.12,21.02,38.12,9.14,32.54,,22.46,26.492,33.296,36.896,9.14,30.92,45.32
04-21,38.48,28.22,28.94,44.78,37.58,27.14,32.0,32.36,43.16,20.3,20.48,28.4,28.76,30.2,37.58,28.76,21.02,33.26,23.36,23.54,35.6,28.76,28.76,36.68,37.22,32.0,39.2,29.48,35.96,31.64,33.26,24.26,26.78,32.9,32.0,29.3,40.64,14.72,34.16,,22.892,28.76,33.8,38.624,14.72,31.64,44.78
04-22,38.3,37.22,24.08,44.6,37.04,28.94,30.92,41.72,38.3,22.1,21.74,27.86,34.52,27.86,30.74,22.46,30.38,31.28,24.98,30.92,41.36,29.84,31.82,36.86,29.84,24.44,42.26,30.74,38.66,33.26,41.9,27.32,34.7,36.32,32.36,27.68,32.54,20.84,40.28,,23.756,29.3,36.644,41.432,20.84,31.28,44.6
04-23,35.6,40.82,26.06,41.36,33.8,27.32,31.46,32.9,38.48,19.94,36.14,28.04,41.36,28.94,33.08,25.34,38.66,19.22,25.34,37.22,40.82,30.92,36.14,39.02,23.9,27.68,44.42,16.88,31.64,32.54,33.8,39.02,38.66,36.32,30.56,24.26,23.0,25.88,40.82,,23.72,27.824,36.86,40.82,16.88,32.9,44.42
04-24,34.7,41.36,24.44,39.02,30.2,31.28,33.44,25.34,34.16,22.64,45.68,26.06,37.04,31.1,30.92,31.64,37.76,29.84,25.16,30.74,26.96,26.96,27.68,40.1,26.78,27.68,46.04,21.02,28.76,30.56,30.74,32.18,30.2,36.14,29.66,33.98,23.9,29.84,41.9,,25.016,28.112,33.764,40.352,21.02,30.74,46.04
04-25,29.12,41.72,25.52,38.48,28.04,30.2,35.24,30.38,23.36,28.22,34.88,28.58,29.84,26.42,35.24,37.58,37.76,36.5,29.3,,30.74,30.2,20.3,33.98,28.76,26.6,45.32,31.82,38.3,31.28,30.92,24.08,32.0,39.02,33.44,41.18,26.96,24.08,34.34,,25.088,28.796,34.826,38.642,20.3,30.83,45.32
04-26,29.12,40.64,24.62,31.64,26.96,14.9,38.12,37.22,22.64,27.32,35.24,28.22,27.5,27.5,41.9,40.64,35.6,38.84,33.98,29.3,36.14,30.56,21.38,24.98,28.76,20.12,40.1,32.18,31.82,30.38,24.62,24.98,34.52,37.04,35.06,37.76,35.96,29.48,29.3,,24.224,27.788,35.456,39.092,14.9,30.56,41.9
04-27,22.46,39.92,34.34,21.02,23.18,9.68,30.02,28.94,22.64,34.16,32.18,34.52,30.2,34.16,43.52,43.88,27.68,37.58,38.3,30.02,40.1,34.52,23.9,26.42,36.32,16.7,31.82,34.34,22.64,31.46,27.14,23.54,39.2,37.76,39.38,28.22,36.86,30.74,27.86,,22.604,27.752,34.52,39.488,9.68,31.46,43.88
04-28,35.96,39.92,37.04,19.58,35.96,6.8,44.96,34.52,24.98,37.04,15.08,34.34,33.44,33.44,42.98,38.48,36.14,40.28,41.54,27.5,30.02,41.0,31.82,34.52,40.1,27.5,29.12,39.02,17.42,34.34,30.02,19.76,40.28,33.26,39.2,31.82,38.84,27.5,28.76,,19.724,30.02,37.904,40.424,6.8,34.34,44.96
04-29,41.54,41.0,37.58,18.68,19.22,20.48,46.04,36.14,25.7,31.82,23.18,28.04,33.8,35.06,38.66,39.74,40.64,35.6,35.06,24.98,28.76,42.62,38.84,37.22,17.42,27.86,31.64,42.26,19.4,38.12,26.78,20.3,40.46,31.82,42.08,40.28,30.02,34.52,32.36,,20.12,28.328,38.444,41.648,17.42,34.52,46.04
04-30,40.1,39.02,41.54,24.26,23.18,21.38,46.94,31.1,29.48,26.96,35.6,28.04,36.14,28.58,33.8,40.46,41.72,29.66,28.4,24.8,35.06,42.08,36.86,39.02,17.24,14.9,36.14,43.88,20.12,40.64,26.24,25.34,37.04,30.92,47.3,42.62,31.46,37.94,37.94,,22.82,28.472,38.588,42.188,14.9,35.06,47.3
05-01,41.9,37.76,29.3,30.38,27.5,32.0,44.6,28.94,27.32,29.84,34.52,23.54,38.12,28.76,40.1,45.32,32.36,28.58,34.34,27.14,34.88,40.28,16.34,37.76,19.76,17.24,40.1,23.54,23.54,38.48,25.34,31.64,32.54,25.34,45.68,44.96,35.96,41.36,32.54,,23.54,28.652,37.76,42.44,16.34,32.36,45.68
05-02,44.24,30.56,19.76,33.26,32.18,32.9,40.82,30.56,31.64,29.66,40.46,23.36,39.02,30.56,42.44,37.76,27.5,34.88,40.64,27.32,38.3,38.3,16.34,32.72,21.38,17.6,41.72,18.32,34.88,40.1,30.38,31.46,30.2,26.96,42.62,37.94,32.18,40.28,26.78,,21.056,30.272,38.156,41.0,16.34,32.18,44.24
05-03,41.72,30.02,29.48,33.08,32.72,29.66,39.92,23.9,,26.6,40.46,32.18,41.36,26.42,45.14,24.08,32.72,37.04,39.74,31.46,40.28,36.86,24.08,32.36,28.04,28.76,41.9,30.38,40.82,37.94,34.16,32.0,27.68,28.76,44.96,30.56,35.06,40.46,34.16,,26.546,30.056,37.85,41.468,23.9,32.72,45.14
05-04,40.82,35.6,37.4,32.18,29.66,23.72,42.26,37.58,37.94,33.98,40.28,40.28,38.3,19.58,47.66,29.48,37.04,26.78,43.52,32.72,39.92,29.48,32.0,33.44,36.5,34.16,44.42,35.96,42.98,36.68,40.1,40.1,33.8,32.18,37.4,29.48,24.62,37.4,35.06,,28.94,33.008,38.156,42.404,19.58,36.5,47.66
05-05,29.84,37.22,40.82,36.5,33.44,25.88,43.88,28.04,44.24,31.64,42.26,41.9,33.8,17.96,46.94,29.48,39.2,27.68,46.04,36.5,35.06,24.8,39.38,38.3,40.82,32.9,42.62,36.86,40.1,35.96,45.32,44.06,39.56,34.7,34.88,35.06,34.52,31.28,36.86,,27.968,34.088,39.884,44.096,17.96,36.5,46.94
05-06,33.44,26.42,26.78,42.44,38.66,33.8,40.82,28.22,44.24,28.94,42.26,43.16,32.18,19.76,45.5,31.82,40.46,29.48,45.14,,33.44,25.52,37.76,42.44,34.16,40.64,38.84,33.8,40.1,33.98,42.8,44.42,43.16,38.48,40.1,41.18,42.98,33.44,19.58,,26.672,33.44,41.144,43.484,19.58,38.57,45.5
05-07,27.32,41.0,25.16,44.78,38.3,33.98,31.46,28.94,40.82,27.32,42.98,36.5,31.82,32.72,40.82,34.34,40.82,33.44,43.52,27.14,35.6,28.22,35.96,43.16,25.88,42.8,32.36,32.9,32.9,34.88,33.08,41.9,44.96,37.04,37.22,43.88,45.86,31.46,22.28,,27.284,32.504,40.82,43.592,22.28,34.88,45.86
05-08,23.18,40.82,27.68,45.32,34.88,41.18,39.02,23.36,39.92,26.6,45.68,38.84,33.62,41.36,30.56,41.54,33.44,27.86,43.52,32.36,36.86,33.26,30.2,38.66,35.06,42.62,34.16,29.12,27.32,34.34,29.84,40.46,44.06,30.74,34.88,36.14,44.42,36.86,18.86,,27.176,31.388,39.56,43.628,18.86,34.88,45.68
05-09,22.82,42.26,34.16,47.48,25.88,43.7,32.0,26.6,36.14,30.92,40.64,39.38,38.3,41.18,35.42,41.54,31.46,28.58,43.16,38.66,32.18,37.4,32.54,37.4,42.44,31.64,39.92,32.36,30.56,27.68,33.08,36.14,44.6,28.04,35.6,29.12,39.56,39.2,26.96,,27.536,31.784,39.308,42.584,22.82,35.6,47.48
05-10,30.2,40.82,35.42,38.48,37.4,35.24,31.64,33.98,37.22,34.88,39.02,39.38,40.82,21.92,47.84,42.08,36.68,21.38,45.68,40.1,28.76,41.18,25.16,40.1,32.54,30.2,42.8,33.98,33.44,26.42,30.92,34.88,48.02,29.3,40.46,27.5,42.8,37.4,31.46,,27.284,32.0,39.812,42.8,21.38,35.42,48.02
05-11,39.38,41.54,39.38,39.38,30.56,38.66,38.48,41.54,43.88,32.9,43.34,38.12,35.42,22.82,39.02,42.8,39.92,31.1,,,33.26,44.6,34.88,43.52,30.56,27.14,38.66,37.22,29.12,30.56,28.4,39.2,46.4,30.2,36.14,25.7,46.4,31.46,30.74,,28.832,31.388,39.38,43.664,22.82,38.12,46.4
05-12,38.3,40.82,45.14,31.28,32.0,31.64,39.02,42.62,41.18,27.86,46.04,37.22,38.48,33.98,19.76,44.6,30.02,39.92,,27.32,40.82,44.42,36.14,45.32,25.52,28.76,37.04,41.18,22.64,39.56,33.98,42.8,45.68,36.86,41.18,32.0,33.98,35.6,33.08,,27.698,33.17,40.82,44.762,19.76,37.13,46.04
05-13,37.58,42.8,46.76,32.36,37.4,38.48,42.62,42.44,34.88,28.76,48.56,40.46,41.18,43.52,32.0,46.04,37.22,41.54,,32.9,43.7,42.08,29.12,41.72,29.3,36.68,37.22,45.68,20.84,37.94,41.9,46.4,41.72,40.1,41.36,39.92,35.24,37.76,38.84,,31.19,37.238,41.882,45.788,20.84,40.01,48.56
05-14,36.86,44.6,44.06,31.46,38.84,39.74,42.98,41.0,38.12,40.82,47.84,40.1,29.66,40.1,39.56,42.44,41.54,41.72,,36.86,43.16,41.36,30.38,41.9,31.82,38.66,40.1,44.96,24.44,37.76,45.5,43.7,39.56,42.26,42.08,42.98,41.9,39.38,37.22,,31.712,38.894,42.062,44.222,24.44,40.46,47.84
05-15,31.64,43.7,44.78,31.28,32.72,28.94,42.8,39.92,38.66,43.16,47.3,42.26,32.0,41.36,43.52,44.42,42.08,36.68,,39.2,42.08,41.72,32.36,40.82,30.2,41.9,45.68,42.26,32.72,30.2,36.86,41.9,41.36,42.8,40.1,44.24,44.78,39.2,35.06,,31.532,37.04,42.26,44.528,28.94,41.36,47.3
05-16,33.26,43.7,43.7,32.18,28.58,32.0,42.08,38.48,43.34,37.76,48.74,41.9,39.2,34.16,46.76,44.06,37.4,42.8,,44.24,42.8,40.46,34.88,40.46,33.98,42.26,42.26,42.98,36.86,28.76,33.44,36.32,43.52,44.96,40.1,43.52,46.22,40.1,38.84,,32.936,37.436,42.962,44.456,28.58,40.46,48.74
05-17,32.0,39.92,42.26,36.14,37.04,41.72,45.5,36.86,46.04,33.44,43.16,43.16,43.88,32.0,28.94,37.22,41.18,46.4,,37.4,44.24,40.28,40.28,43.52,40.82,34.16,43.88,44.24,42.44,32.9,33.98,27.86,43.88,30.2,46.04,35.6,45.68,40.82,41.9,,32.0,36.878,43.16,45.554,27.86,40.82,46.4
05-18,34.52,38.48,37.04,42.44,39.2,37.94,45.5,39.02,44.96,33.26,49.64,42.26,46.4,41.36,32.54,42.44,46.22,36.32,,39.2,44.24,41.0,42.62,46.76,35.06,30.2,43.52,34.88,47.12,36.68,36.5,24.26,41.72,25.16,47.84,35.78,43.88,38.12,40.46,,33.044,36.716,42.602,46.508,24.26,39.83,49.64
05-19,41.36,38.12,31.46,42.26,37.04,44.42,34.34,40.1,44.06,37.58,46.4,42.62,43.52,43.7,36.68,39.02,44.78,38.66,,,45.68,42.98,45.68,42.08,32.72,27.5,35.06,29.12,46.04,32.18,38.48,25.34,40.1,30.2,47.48,42.44,48.02,40.28,41.9,,30.956,37.472,43.088,45.824,25.34,40.28,48.02
05-20,46.04,36.14,29.48,44.6,36.68,40.46,41.72,41.54,37.94,35.24,38.3,38.84,43.88,42.08,39.2,39.56,43.88,40.1,,49.64,43.88,39.92,47.12,42.98,39.2,28.04,40.82,30.92,43.7,34.88,43.52,27.32,38.48,27.68,40.1,44.6,30.38,38.84,40.82,,30.11,38.318,42.044,44.6,27.32,40.01,49.64
05-21,46.04,33.98,31.28,44.24,41.9,38.3,37.58,42.44,38.66,41.9,42.08,38.84,40.28,44.06,41.9,28.58,37.4,41.36,,49.64,46.76,41.0,44.42,38.66,46.04,32.36,46.4,35.96,41.9,37.76,46.04,34.34,42.44,27.14,35.78,39.02,28.04,40.28,25.34,,30.47,37.598,42.062,46.04,25.34,40.28,49.64
05-22,39.92,36.68,35.06,47.84,45.14,38.3,40.28,38.12,43.16,42.26,45.5,34.34,34.7,45.86,46.4,38.3,29.3,45.14,,49.46,40.64,26.96,30.92,38.66,44.78,38.84,51.08,43.7,41.0,35.78,39.2,34.88,40.28,31.46,40.82,41.18,35.6,38.12,29.84,,31.298,36.824,42.152,46.022,26.96,39.56,51.08
05-23,40.64,38.3,40.82,50.18,47.48,35.78,41.36,39.56,42.62,36.14,39.2,39.38,36.5,46.04,50.18,42.8,29.84,46.76,,49.82,37.4,26.96,28.76,39.92,44.78,37.22,41.18,48.38,39.38,32.36,37.04,33.08,42.44,31.46,40.46,35.96,35.6,40.46,35.06,,32.09,36.554,41.342,47.75,26.96,39.47,50.18
05-24,39.92,33.98,45.14,42.98,43.52,34.34,39.92,39.92,42.98,33.44,38.66,34.88,35.96,42.8,42.98,43.52,29.3,48.02,,49.1,42.62,30.74,30.56,36.68,27.68,32.9,35.24,45.5,37.76,31.46,40.28,44.42,44.6,32.0,35.6,35.78,30.56,39.56,34.16,,30.686,34.394,42.782,44.762,27.68,38.21,49.1
05-25,41.36,35.78,43.7,33.98,40.64,38.84,39.02,45.68,40.28,32.0,35.06,31.28,41.18,38.3,40.64,44.06,37.22,44.24,,43.7,46.58,38.66,39.56,35.78,36.14,36.5,47.48,44.6,34.16,34.16,38.12,41.9,48.2,37.04,34.52,39.2,35.96,42.44,36.5,,34.16,36.5,41.342,44.924,31.28,38.93,48.2
05-26,40.64,30.56,43.16,38.48,39.2,42.62,38.12,41.72,38.48,34.52,28.94,28.76,42.98,37.94,35.6,42.98,41.72,46.4,,42.26,49.1,40.46,39.2,34.34,46.04,42.8,45.32,44.42,38.84,37.04,34.88,42.26,48.2,38.84,40.46,41.18,44.42,42.62,34.52,,34.466,38.48,42.62,45.536,28.76,40.55,49.1
05-27,40.1,30.92,42.26,30.2,41.72,44.06,35.24,40.1,43.16,29.12,34.16,33.08,43.7,38.3,41.72,47.12,44.78,49.46,,41.36,47.66,43.52,39.2,36.68,49.82,42.44,30.74,43.16,44.06,40.28,32.36,33.8,48.56,33.26,43.52,42.26,49.1,39.92,40.1,,31.928,38.39,43.484,47.93,29.12,41.54,49.82
05-28,40.28,32.9,46.58,48.38,41.36,40.1,35.06,41.72,39.02,30.38,33.62,37.22,46.22,41.72,49.64,46.4,45.14,52.16,,40.46,36.14,45.68,44.6,40.64,51.08,47.3,35.6,41.36,47.66,37.4,35.78,37.76,42.44,29.48,47.66,44.6,46.04,41.0,43.88,,34.628,39.128,45.626,47.876,29.48,41.54,52.16
05-29,37.04,32.0,46.58,44.78,34.7,40.28,35.78,41.72,43.88,32.54,43.34,37.58,47.48,37.58,54.5,41.18,47.48,48.02,,41.18,32.36,37.04,40.82,41.0,42.62,46.58,42.62,34.34,46.76,36.14,40.46,40.46,40.46,33.08,49.46,46.4,35.06,44.24,44.42,,33.962,37.58,44.204,47.48,32.0,41.09,54.5
05-30,39.92,38.12,31.64,42.98,38.12,41.0,35.06,44.06,49.28,32.54,42.98,43.34,45.32,39.74,54.14,43.34,53.24,48.2,,,39.92,36.32,39.56,40.46,37.94,31.28,44.78,36.86,41.36,42.08,40.82,42.98,41.9,37.22,48.2,40.28,28.76,42.44,42.08,,34.052,39.272,42.98,48.2,28.76,41.0,54.14
05-31,41.72,43.34,29.48,38.48,41.54,42.62,33.44,46.04,44.78,37.4,41.18,49.46,45.86,39.74,50.0,42.8,55.22,48.38,,37.94,41.9,40.1,43.52,38.12,43.7,40.64,46.22,36.5,45.68,45.68,40.46,44.96,48.38,40.64,48.38,40.1,34.7,39.92,40.82,,37.13,40.136,44.942,48.38,29.48,41.81,55.22
06-01,41.9,44.96,34.52,42.26,32.0,37.04,35.24,43.88,45.14,41.54,38.48,51.44,48.38,39.2,49.1,46.04,55.4,41.36,,42.26,45.86,40.28,47.3,36.14,43.7,50.18,49.1,37.94,45.68,45.68,43.52,44.06,46.58,45.68,50.18,42.62,41.0,37.04,45.5,,36.77,41.378,45.68,49.424,32.0,43.79,55.4
06-02,43.16,42.8,43.88,42.62,33.26,34.34,39.56,42.98,46.58,40.82,41.54,47.12,50.9,38.48,50.36,50.0,50.9,44.24,,43.16,48.92,42.62,46.58,38.3,41.36,45.68,48.02,45.5,46.4,47.12,44.6,41.36,47.48,43.52,51.26,45.68,43.88,32.72,46.04,,38.426,42.638,46.562,50.108,32.72,44.06,51.26
06-03,44.78,43.88,49.46,38.48,43.52,35.24,43.16,34.88,48.74,41.72,44.24,47.84,46.22,40.64,49.64,48.38,42.08,43.34,,35.78,49.28,42.08,45.68,39.2,46.04,41.18,50.36,47.84,49.46,47.48,46.22,44.42,44.96,41.9,50.18,49.1,46.22,37.76,46.58,,38.264,42.188,47.39,49.46,34.88,44.87,50.36
06-04,43.7,47.3,50.18,38.48,39.92,44.78,41.9,34.34,47.84,37.4,47.3,49.28,33.08,39.38,50.18,41.36,36.32,42.26,,,50.72,42.62,39.02,43.88,50.9,46.4,51.26,46.4,46.76,47.48,48.02,48.2,49.46,42.98,50.9,51.62,47.66,40.64,43.7,,38.048,42.188,47.876,50.792,33.08,46.4,51.62
06-05,48.02,48.02,47.3,43.88,53.42,41.72,40.1,43.16,48.74,44.6,47.84,47.84,30.74,28.4,51.44,41.36,42.62,38.48,,40.28,52.16,49.1,32.9,43.88,51.26,47.66,52.7,45.86,46.22,40.64,49.28,49.46,54.32,44.78,52.52,51.26,46.22,44.24,46.58,,39.614,43.88,48.668,52.268,28.4,46.4,54.32
06-06,,49.28,47.3,40.64,51.08,39.38,39.56,40.46,50.72,43.52,44.06,46.94,37.58,37.58,52.52,48.02,48.56,40.64,,46.04,53.78,36.5,41.18,40.46,52.88,50.72,50.9,45.86,46.76,38.12,48.2,47.84,53.24,45.68,44.24,50.72,45.5,43.7,50.9,,38.876,43.052,48.704,51.656,36.5,46.04,53.78
06-07,48.38,46.22,49.82,43.7,48.92,43.52,38.12,26.78,47.3,42.08,46.76,41.72,42.08,44.6,54.5,49.82,53.42,37.76,,42.08,48.02,27.68,46.22,36.14,54.68,43.88,49.46,46.04,46.04,42.26,50.36,46.76,52.52,46.04,47.84,52.52,47.3,40.82,49.28,,38.012,43.538,48.344,52.52,26.78,46.22,54.68
06-08,45.68,42.26,49.1,39.74,49.1,47.84,39.74,34.16,,38.48,46.94,36.5,37.94,46.4,48.02,51.44,56.48,43.16,,42.26,42.08,38.48,34.52,40.82,51.62,45.86,53.24,48.92,38.48,44.96,48.02,49.28,52.16,45.68,38.84,50.18,49.64,42.44,49.1,,38.264,41.828,48.956,51.512,34.16,45.68,56.48
06-09,37.58,39.92,51.62,42.08,49.1,37.04,37.94,38.48,44.78,33.44,47.12,39.2,41.18,44.42,43.7,52.7,56.3,43.7,,37.76,43.16,46.04,38.12,37.76,53.6,42.98,55.04,51.08,38.3,49.1,49.64,51.08,53.78,38.3,29.66,52.7,52.52,42.08,51.08,,37.706,39.272,49.586,52.97,29.66,43.7,56.3
06-10,35.78,44.78,48.38,39.74,43.52,45.68,41.72,41.54,45.86,36.14,48.38,39.38,40.28,41.36,45.14,52.7,48.38,42.8,,33.98,47.3,47.84,49.64,36.86,52.16,41.18,42.26,55.76,44.78,43.7,53.42,54.32,52.88,42.8,39.02,53.06,53.24,43.7,44.96,,38.372,41.774,48.326,53.114,33.98,44.78,55.76
06-11,41.18,47.84,44.06,50.18,46.58,45.68,40.82,44.78,47.48,42.26,47.84,42.98,37.22,42.08,47.84,51.8,46.4,45.5,,35.06,50.0,48.2,36.14,35.96,46.58,45.86,42.62,53.78,43.88,40.82,48.02,49.46,48.02,43.7,46.04,50.36,57.02,43.16,48.92,,39.74,43.214,47.84,50.234,35.06,45.95,57.02
06-12,45.68,49.28,44.06,40.46,42.26,35.06,46.58,46.94,,48.02,44.96,42.98,44.42,44.24,50.54,47.3,47.48,45.32,,,53.42,38.3,32.72,39.92,37.76,44.6,48.92,52.88,43.52,42.98,45.86,48.02,53.24,45.86,53.06,54.68,56.66,38.66,51.44,,38.48,43.79,48.02,53.15,32.72,45.77,56.66
06-13,47.3,37.4,38.84,32.0,50.36,43.7,47.84,46.04,53.06,51.08,46.94,42.98,39.56,44.96,46.58,28.76,47.48,41.0,,35.96,54.86,43.88,37.94,42.08,36.14,44.96,51.8,54.32,48.2,43.88,41.9,40.1,58.28,46.22,49.64,57.02,57.02,38.12,55.04,,37.022,41.918,48.164,54.914,28.76,45.5,58.28
06-14,49.46,51.62,45.14,42.8,48.92,41.0,48.02,49.64,55.58,51.08,42.98,40.28,34.52,43.7,45.14,30.56,51.44,44.78,,44.42,57.02,47.3,44.42,39.56,36.32,42.26,53.42,51.44,41.72,45.68,42.44,44.24,55.76,45.86,49.28,58.82,45.5,41.0,44.96,,40.064,43.052,49.244,54.068,30.56,45.14,58.82
06-15,38.12,48.74,47.48,48.56,46.58,44.96,39.74,39.38,54.14,44.42,39.02,41.18,37.04,38.12,51.98,41.36,51.44,50.9,,47.84,44.78,51.98,48.02,40.64,42.08,46.4,54.68,49.46,43.88,47.84,50.72,48.2,53.78,43.52,50.72,60.62,44.96,39.56,48.38,,39.272,43.556,48.722,52.52,37.04,47.03,60.62
06-16,51.08,47.84,48.74,53.42,42.08,46.04,37.76,48.74,51.8,46.58,43.34,40.82,45.14,42.98,46.04,48.74,51.08,47.3,,49.1,39.56,55.58,51.44,42.44,50.0,48.2,51.8,46.4,48.38,46.22,49.46,50.36,49.64,45.32,55.22,61.7,53.96,37.76,53.06,,41.702,46.058,50.324,53.582,37.76,48.56,61.7
06-17,42.8,48.92,48.2,46.58,45.32,49.1,42.26,41.36,52.7,37.04,49.64,42.26,33.44,40.1,41.18,52.16,53.6,46.76,,48.56,44.6,54.32,49.1,44.6,45.32,39.92,55.4,50.18,50.72,50.72,51.8,51.62,46.76,42.44,51.44,61.16,53.96,35.78,55.04,,40.046,44.6,50.72,54.068,33.44,48.38,61.16
06-18,45.86,49.46,50.18,52.88,53.06,50.9,48.92,37.04,52.88,39.38,50.0,47.48,37.94,41.18,47.48,52.7,54.86,44.78,,49.46,50.9,48.56,49.82,42.62,48.56,42.98,55.94,51.62,43.52,53.6,54.14,49.82,48.2,39.38,48.02,56.12,46.58,46.4,46.58,,40.64,46.58,50.828,53.762,37.04,48.74,56.12
06-19,47.3,48.74,52.16,53.42,48.56,45.68,52.16,41.72,,43.88,51.98,50.9,47.48,46.94,39.92,51.44,55.76,44.42,,49.46,54.86,51.98,47.48,43.16,50.36,41.72,54.86,53.06,41.72,55.22,56.84,51.08,49.46,44.96,44.96,51.44,44.96,49.1,46.4,,42.584,46.256,51.548,54.86,39.92,49.1,56.84
06-20,49.82,50.18,53.96,53.96,48.02,47.48,52.34,47.48,46.4,46.94,48.74,51.98,46.04,44.6,43.88,50.72,55.94,42.08,,50.9,54.32,55.22,46.22,42.44,51.26,34.88,51.08,51.8,47.66,55.22,60.44,54.68,53.42,48.2,46.4,54.32,44.6,47.84,46.76,,44.384,46.994,51.962,54.842,34.88,49.28,60.44
06-21,49.64,49.82,56.48,37.04,49.28,49.28,49.64,46.58,48.38,45.86,43.88,51.8,45.14,45.86,47.48,52.52,50.0,48.02,,53.24,52.16,54.14,47.12,44.96,49.28,40.46,54.86,51.62,49.64,56.84,58.46,53.96,55.04,44.06,50.36,53.96,48.92,48.92,44.42,,44.312,47.534,51.782,54.914,37.04,49.46,58.46
06-22,49.64,50.0,53.42,37.94,52.16,47.3,50.72,47.48,,44.06,44.06,51.08,49.1,43.34,51.62,51.8,,48.56,,49.28,50.36,50.0,48.02,48.56,48.92,46.22,59.0,50.0,48.38,57.56,53.6,53.06,50.72,34.34,51.8,58.28,49.82,48.56,48.2,,44.06,48.47,50.9,53.51,34.34,49.73,59.0
06-23,50.72,50.72,57.02,43.16,56.3,48.56,53.78,46.22,,42.8,47.12,50.9,48.38,48.56,45.68,55.22,53.42,51.8,,,51.98,54.86,46.04,49.64,50.9,50.72,59.54,50.18,47.66,57.74,53.06,49.46,52.16,33.26,51.98,53.24,46.22,47.48,52.7,,45.86,48.47,52.43,55.76,33.26,50.72,59.54
06-24,47.12,49.46,54.68,45.68,56.66,50.54,47.48,39.92,,42.26,49.28,48.38,47.3,52.34,48.02,51.98,57.02,46.22,,48.2,51.98,56.66,47.48,51.44,53.6,51.98,58.82,51.26,49.64,53.42,52.88,49.82,47.3,41.9,55.04,45.32,46.58,43.7,53.96,,44.672,47.444,52.052,55.688,39.92,49.64,58.82
06-25,43.88,52.34,55.76,41.72,57.02,38.66,47.3,45.5,,43.7,48.38,47.66,51.44,52.34,48.38,52.88,56.48,40.82,,44.96,53.06,54.32,51.44,51.44,52.16,50.36,61.16,51.62,53.06,54.14,54.32,51.26,50.0,47.3,51.08,42.62,51.44,49.1,55.22,,43.268,48.236,52.448,55.436,38.66,51.44,61.16
06-26,45.86,52.52,50.0,46.04,59.36,47.66,45.5,48.56,,45.68,49.28,49.82,50.9,52.7,43.16,49.82,56.12,43.88,,42.62,48.2,57.2,48.92,45.86,47.48,49.1,58.46,55.4,53.42,56.12,54.68,51.98,56.66,48.92,53.06,42.98,44.78,53.96,52.52,,44.42,47.624,52.772,56.336,42.62,49.82,59.36
06-27,51.62,53.96,49.64,50.72,59.54,51.62,42.26,51.98,58.46,48.02,44.06,49.46,51.26,52.34,44.06,48.38,54.68,47.3,,47.48,48.56,57.02,49.64,47.48,49.64,50.0,55.4,60.08,46.4,57.02,56.48,53.6,59.54,50.0,50.72,44.06,46.76,53.6,48.56,,45.698,48.56,53.474,57.452,42.26,50.36,60.08
06-28,52.34,47.3,47.48,51.44,59.36,52.16,48.92,43.34,,43.7,41.72,50.0,54.14,51.44,47.3,54.86,53.42,51.44,,,46.58,55.94,50.72,49.82,53.06,53.06,54.32,60.98,46.76,57.2,49.1,53.24,60.44,52.7,53.96,43.88,48.92,50.18,46.4,,45.14,48.92,53.15,56.57,41.72,51.44,60.98
06-29,50.0,41.54,46.04,52.7,60.44,48.92,53.78,51.08,54.32,40.64,48.2,49.28,56.84,51.98,50.9,53.96,55.76,51.62,,45.32,52.16,55.76,51.44,49.46,53.42,50.72,55.4,55.4,54.68,57.2,52.7,51.08,54.32,51.26,53.96,46.4,53.96,49.28,50.9,,46.292,50.738,53.96,55.76,40.64,51.8,60.44
06-30,44.78,42.98,50.72,54.86,57.2,48.38,51.62,49.46,55.58,36.68,51.8,52.16,57.56,52.88,52.16,57.74,57.2,53.78,,47.48,53.42,57.02,50.0,51.8,53.24,44.24,57.74,54.68,55.4,60.44,50.18,48.38,51.26,50.0,42.26,49.46,48.38,44.6,52.7,,44.492,49.514,53.744,57.308,36.68,51.8,60.44
07-01,49.28,47.12,52.52,53.24,51.98,49.82,47.66,50.18,57.38,37.22,52.7,46.76,56.48,56.3,51.08,54.14,59.54,58.1,,49.46,50.36,58.28,48.02,53.42,53.6,46.58,60.62,55.4,51.44,57.92,46.58,50.72,51.62,49.1,48.56,51.98,50.36,47.3,48.02,,47.012,49.298,53.402,57.974,37.22,51.26,60.62
07-02,53.78,52.52,53.06,55.04,56.66,51.08,38.66,54.14,50.0,40.28,53.42,51.08,57.2,56.66,51.26,54.32,58.28,55.22,,52.52,49.1,59.0,47.66,49.1,50.72,52.7,57.38,54.68,53.6,57.2,46.58,49.46,54.32,50.36,53.06,54.68,50.36,48.56,47.66,,47.66,50.396,54.32,57.2,38.66,52.88,59.0
07-03,51.08,52.16,48.38,56.84,45.32,51.62,46.22,43.16,52.34,36.5,55.4,46.22,54.32,51.44,54.86,58.82,54.14,56.12,,47.12,49.1,59.54,51.44,47.3,51.26,53.6,55.4,53.24,54.86,52.88,47.3,51.62,55.22,51.26,53.06,55.76,52.52,51.98,51.26,,46.22,51.26,54.086,55.868,36.5,52.07,59.54
07-04,50.72,49.82,48.38,58.82,51.08,52.34,52.88,33.44,52.52,35.06,57.38,47.12,52.7,51.98,51.44,56.66,47.84,55.58,,48.56,51.08,59.0,53.96,48.92,47.84,54.14,51.62,56.84,54.14,51.98,51.26,53.6,57.92,51.26,49.1,59.0,55.04,54.14,47.66,,47.786,50.756,54.122,57.542,33.44,51.98,59.0
07-05,45.68,50.18,50.18,59.72,49.1,54.68,57.02,38.48,53.6,42.62,54.14,49.1,55.4,57.92,53.06,58.46,47.66,55.94,,51.62,51.8,51.44,49.64,46.4,45.32,51.26,53.06,56.66,54.14,49.1,53.96,55.76,57.02,51.44,53.78,54.32,49.46,52.16,47.3,,46.184,49.694,54.14,57.02,38.48,51.98,59.72
07-06,48.92,51.62,51.08,59.54,52.34,57.92,57.2,45.68,48.92,49.28,54.5,,50.36,55.58,55.04,57.74,54.32,56.12,,,49.64,50.72,48.92,49.46,51.26,50.9,50.0,54.32,56.84,48.02,54.14,54.68,57.56,51.44,57.92,54.86,,53.42,49.46,,48.92,50.432,54.824,57.668,45.68,52.34,59.54
07-07,43.16,49.28,54.5,60.44,50.72,52.16,49.64,51.26,41.18,51.62,55.94,50.54,,56.3,53.42,57.56,59.18,55.94,,53.78,50.0,51.08,46.04,52.7,50.36,49.64,48.38,55.04,55.04,46.22,54.32,55.22,54.68,48.92,57.74,57.2,50.72,53.96,50.0,,47.516,50.288,54.752,57.344,41.18,52.16,60.44
07-08,45.5,53.06,54.68,56.12,46.58,47.84,41.54,44.6,48.74,54.68,51.62,45.5,48.56,50.36,51.62,52.88,56.48,57.38,,55.22,47.66,50.0,49.28,52.88,46.04,49.28,49.64,53.42,56.66,42.98,55.04,55.22,52.7,47.12,55.04,59.0,,52.88,49.64,,45.5,48.704,53.672,56.264,41.54,51.62,59.0
07-09,46.04,52.7,49.1,60.08,49.28,49.46,46.58,48.38,52.52,52.52,48.2,48.92,49.28,52.34,48.38,53.6,55.94,54.5,,52.7,46.04,54.86,52.52,53.78,49.1,47.84,54.68,58.64,54.14,44.6,56.12,58.46,59.72,49.1,55.4,62.6,59.0,53.78,51.44,,47.462,49.118,54.464,58.748,44.6,52.52,62.6
07-10,45.68,51.62,46.94,51.26,51.26,47.84,50.72,52.88,54.5,53.24,51.62,51.62,49.28,53.6,52.16,49.46,56.48,55.76,,52.88,46.22,57.2,53.42,54.68,48.38,48.2,55.94,60.62,55.04,45.68,57.92,56.84,53.6,53.24,56.66,58.46,55.58,55.4,52.16,,47.57,51.296,55.004,56.948,45.68,53.06,60.62
07-11,48.38,47.48,48.2,50.0,53.6,49.28,46.4,51.98,53.42,52.88,53.96,47.66,48.92,48.38,54.14,53.42,57.38,58.46,,55.04,47.84,54.32,54.14,52.52,47.84,49.46,55.58,58.28,54.68,48.2,51.62,53.24,53.96,54.32,59.0,56.12,56.84,55.4,,,47.84,49.424,54.32,57.056,46.4,53.42,59.0
07-12,51.62,44.06,53.42,48.38,51.8,47.3,43.88,52.52,47.84,51.8,54.68,49.1,51.98,50.54,51.8,50.0,58.1,59.18,,58.64,51.62,46.22,51.8,53.96,50.18,46.4,56.12,53.96,53.78,53.24,52.7,49.64,53.24,55.94,57.92,59.18,54.68,56.48,58.1,,47.03,50.648,53.96,58.1,43.88,52.25,59.18
07-13,53.24,45.68,57.2,52.34,50.72,50.72,43.16,,50.54,46.94,54.14,47.84,55.4,53.6,53.42,48.02,58.82,59.9,,58.46,53.78,53.42,52.52,51.08,56.84,50.9,55.58,53.96,55.04,53.06,55.04,49.1,55.94,55.76,55.4,55.04,53.42,56.12,59.0,,47.948,52.088,55.4,57.704,43.16,53.6,59.9
07-14,53.6,50.18,56.3,49.82,49.28,40.82,45.14,,50.0,41.72,53.42,51.26,55.4,48.92,51.8,46.22,56.84,61.7,,56.66,57.02,55.76,52.16,52.52,56.66,53.06,51.8,55.04,56.48,47.66,53.42,50.18,59.54,54.32,53.24,45.32,55.04,54.14,57.38,,45.86,50.18,55.112,56.912,40.82,53.24,61.7
07-15,51.8,52.88,50.9,51.98,50.0,49.82,45.5,,49.64,46.04,51.62,54.5,56.66,48.56,50.9,44.42,55.94,59.0,,56.84,58.82,56.12,53.06,52.16,57.02,52.52,48.02,52.16,52.88,46.4,55.94,53.96,52.7,54.68,53.6,51.08,54.32,53.78,54.14,,47.372,51.044,54.176,56.732,44.42,52.7,59.0
07-16,45.68,54.68,50.72,55.4,49.64,51.26,46.04,,54.32,49.28,52.7,56.3,57.2,48.2,48.56,49.46,54.32,56.3,,57.74,59.54,55.58,51.08,53.24,57.92,54.14,47.66,51.26,50.0,49.46,57.56,53.78,54.14,58.46,50.18,54.32,55.4,55.76,51.44,,48.416,50.612,55.4,57.632,45.68,53.78,59.54
07-17,48.02,41.72,52.7,55.22,52.34,51.98,48.38,,55.4,46.4,52.16,54.86,57.74,52.16,48.92,50.72,52.16,57.92,,,54.32,56.12,49.82,54.86,60.08,57.56,51.8,51.98,49.82,51.98,57.02,52.52,55.04,57.02,51.26,53.78,58.64,59.36,53.96,,48.65,51.98,55.13,57.83,41.72,52.61,60.08
07-18,48.92,,54.5,54.14,51.08,51.62,50.54,,51.8,43.34,50.0,49.64,59.0,46.76,53.6,52.88,55.58,57.92,,56.12,56.48,55.76,49.46,56.12,59.0,55.04,54.86,49.64,50.9,49.1,53.96,55.4,57.02,55.76,53.42,59.72,57.38,59.18,53.78,,49.28,51.35,55.76,58.46,43.34,54.05,59.72
07-19,46.04,50.18,51.26,57.74,50.36,50.18,46.4,51.8,51.62,43.88,54.86,47.84,57.56,46.58,53.6,52.34,56.84,57.92,,57.74,52.52,51.62,56.12,55.58,58.64,51.26,57.02,51.26,54.68,47.48,51.8,53.24,59.54,56.66,53.42,60.62,55.4,55.58,51.8,,47.21,51.296,55.58,57.794,43.88,52.88,60.62
07-20,46.04,50.9,51.08,58.1,47.3,47.84,45.32,50.0,51.98,42.8,54.86,50.0,57.92,50.54,53.78,53.06,50.54,56.3,,60.08,53.78,52.16,57.74,52.52,57.92,54.14,58.46,55.22,53.6,48.38,53.42,53.6,57.02,53.78,55.22,56.84,55.22,55.4,54.68,,47.678,51.17,55.22,57.92,42.8,53.69,60.08
07-21,44.96,53.06,53.42,57.02,45.32,50.72,50.9,-60.34,53.24,46.4,54.32,53.6,55.04,49.28,,55.04,53.6,57.74,,58.28,56.48,51.98,50.0,53.06,50.0,54.14,53.96,57.02,55.4,47.12,53.78,54.14,58.64,57.2,56.48,55.58,56.48,53.96,52.34,,46.832,52.268,55.112,57.092,-60.34,53.78,58.64
07-22,46.76,54.68,56.3,51.08,46.22,46.58,48.92,48.2,55.58,45.68,54.32,51.44,51.98,,55.22,54.68,52.34,57.38,,,57.2,52.52,56.84,53.24,51.8,54.86,54.86,57.74,59.0,50.0,53.24,53.24,59.9,57.56,51.8,52.52,59.0,55.76,50.54,,47.48,51.8,55.4,57.65,45.68,53.24,59.9
07-23,46.76,56.84,55.4,49.28,48.56,48.92,45.14,49.64,52.88,44.6,53.06,50.0,52.52,49.82,55.76,55.22,50.54,55.04,,53.42,57.74,52.7,52.88,55.76,54.68,56.48,55.94,59.54,59.36,53.6,55.76,52.16,59.36,56.84,52.52,54.32,57.38,58.82,53.06,,48.812,52.52,55.76,58.064,44.6,53.51,59.54
07-24,45.32,57.92,55.4,48.02,46.94,45.86,46.04,44.96,52.7,46.04,55.76,50.18,51.08,51.26,52.88,48.38,55.94,55.94,,50.0,55.94,51.62,53.24,58.28,55.76,58.28,53.42,52.88,55.04,47.3,56.66,53.06,58.28,55.58,51.08,54.68,51.26,60.98,55.04,,46.04,51.08,55.562,58.028,44.96,52.97,60.98
07-25,47.3,57.2,53.78,45.32,46.22,43.16,47.3,-60.34,55.58,50.9,52.88,53.96,49.64,51.26,54.5,50.72,51.62,56.12,,48.92,55.22,52.7,54.32,55.22,54.86,57.74,53.42,53.06,53.42,50.9,54.32,50.36,55.58,53.24,49.46,51.08,51.26,57.38,57.38,,46.976,50.9,54.32,56.444,-60.34,52.97,57.74
07-26,49.46,51.62,51.8,47.3,51.08,44.78,58.46,52.34,55.22,54.32,51.8,51.98,49.82,50.72,54.68,47.3,47.48,54.32,,47.66,53.6,51.26,53.24,48.2,52.88,49.1,55.22,55.4,55.04,49.82,53.78,52.88,55.94,53.24,52.52,51.8,52.7,57.56,53.24,,47.606,51.098,53.564,55.274,44.78,52.43,58.46
07-27,49.28,51.08,50.9,51.26,50.0,48.56,49.64,48.2,55.04,53.96,54.32,49.1,50.54,51.44,55.4,48.56,48.02,52.88,,50.0,51.26,49.64,53.42,51.08,54.68,50.72,53.24,52.52,53.24,53.6,56.84,56.12,53.42,52.7,53.42,56.84,54.68,56.66,54.86,,48.938,50.738,53.582,55.616,48.02,52.61,56.84
07-28,50.72,48.74,50.0,48.38,49.28,52.34,51.44,52.52,57.2,56.48,51.26,49.46,50.0,50.54,55.94,53.78,49.82,53.78,,52.16,56.48,51.44,51.8,51.44,55.4,52.88,53.78,46.58,51.26,51.62,58.64,51.8,50.72,53.06,51.26,54.86,49.46,58.82,54.68,,49.406,50.774,53.708,56.48,46.58,51.71,58.82
07-29,52.52,52.52,47.84,38.84,47.84,53.6,47.48,54.68,53.96,55.4,46.94,51.62,49.1,49.64,56.48,56.84,54.5,53.24,41.18,55.22,56.12,55.22,51.8,46.76,56.12,54.86,54.14,47.48,48.02,52.52,57.02,51.08,52.88,55.76,51.98,56.84,48.2,59.36,54.68,,47.372,50.216,54.788,56.552,38.84,52.88,59.36
07-30,52.88,53.96,47.48,48.02,48.92,51.26,49.82,53.42,54.32,53.24,49.46,49.1,51.44,50.0,53.42,53.06,57.74,53.24,,,53.78,54.14,53.6,47.3,,52.52,56.84,47.48,49.1,54.86,55.58,53.6,52.16,52.52,53.6,53.24,46.58,55.22,55.04,,47.75,50.63,53.6,55.13,46.58,53.15,57.74
07-31,53.42,49.28,48.92,51.44,48.38,53.6,52.52,54.68,56.3,49.82,52.7,48.74,50.54,48.92,54.86,49.1,58.82,51.8,45.86,53.96,51.44,55.04,57.2,45.86,,52.52,55.76,53.06,51.08,52.88,53.6,54.32,53.78,55.04,54.86,49.46,49.46,56.48,54.68,,48.866,50.594,54.284,55.922,45.86,52.79,58.82
08-01,55.04,50.72,49.64,48.56,46.4,49.1,51.62,54.68,49.82,50.18,53.24,51.62,45.86,49.28,57.2,50.54,53.96,52.34,46.04,52.88,49.82,55.4,58.82,48.92,53.06,52.16,53.06,48.02,46.58,51.26,54.86,53.78,53.96,50.9,55.4,49.28,50.72,51.62,58.28,,47.732,49.82,53.168,55.4,45.86,51.62,58.82
08-02,52.52,52.52,40.1,47.12,43.34,47.84,53.42,51.62,48.92,51.62,52.88,54.68,45.32,51.26,58.1,51.62,51.62,53.42,,47.66,48.56,56.12,57.2,52.52,50.72,51.44,49.28,51.8,50.9,50.72,56.48,51.08,55.76,54.32,57.74,50.18,49.64,52.7,59.18,,47.498,50.72,52.862,56.696,40.1,51.62,59.18
08-03,51.62,52.34,51.08,51.44,47.66,46.22,51.8,49.82,52.88,54.32,50.72,53.42,46.76,49.64,54.14,51.44,47.84,52.52,,50.18,48.38,54.68,55.22,55.22,52.52,51.44,53.24,50.72,50.36,48.02,54.86,50.18,49.1,55.58,57.92,48.92,52.7,50.18,60.44,,47.966,50.18,52.862,55.22,46.22,51.44,60.44
08-04,46.22,52.52,50.54,50.0,49.46,48.38,49.28,49.82,56.66,52.52,48.38,50.72,45.86,46.76,54.32,50.54,51.08,51.08,46.22,45.32,48.38,53.6,51.26,54.86,49.46,53.06,54.32,50.18,49.28,49.46,49.28,50.9,51.44,52.52,59.54,50.36,57.02,51.44,56.48,,46.652,49.46,52.088,55.184,45.32,50.54,59.54
08-05,46.58,53.42,56.3,49.46,48.74,49.82,48.38,46.76,54.86,50.36,49.46,46.94,48.92,48.02,50.18,52.16,51.08,55.58,43.34,47.66,48.92,51.8,51.26,55.76,47.48,51.62,55.22,49.82,49.82,54.14,48.56,49.82,54.14,53.24,57.74,53.06,55.22,53.24,53.78,,47.372,49.136,53.24,55.292,43.34,50.36,57.74
08-06,49.1,53.6,49.1,49.64,36.68,44.6,44.78,46.58,55.4,55.4,50.9,43.34,51.62,46.76,51.98,52.52,50.0,56.3,,48.56,48.02,48.56,50.72,49.46,50.72,53.6,50.9,47.3,51.08,53.6,49.28,49.82,55.58,56.84,54.86,57.02,56.12,55.04,55.58,,46.04,49.118,53.6,55.742,36.68,50.81,57.02
08-07,48.56,48.02,49.1,51.08,58.46,46.4,46.58,49.1,54.5,56.3,51.8,47.3,53.96,49.82,53.24,50.36,45.14,53.78,,52.52,50.72,51.26,50.18,54.86,50.18,53.06,53.6,46.4,51.26,49.64,52.16,48.02,55.04,53.24,54.14,49.46,55.4,52.7,52.34,,47.084,49.658,53.222,54.914,45.14,51.26,58.46
08-08,47.12,47.84,49.28,51.98,52.88,49.28,50.72,45.32,53.06,54.86,48.56,50.18,55.4,52.88,56.84,45.86,49.82,53.6,,53.6,53.42,51.26,48.92,46.58,51.8,51.98,56.66,45.32,51.08,48.56,50.36,43.7,55.58,55.04,55.22,51.62,55.22,51.26,53.96,,46.364,49.334,53.384,55.274,43.7,51.44,56.84
08-09,48.02,51.08,50.36,51.08,53.24,47.3,53.78,50.36,47.84,53.96,49.28,49.1,53.42,49.46,58.82,46.22,50.9,56.66,49.64,50.72,52.7,53.96,49.46,46.04,51.08,53.6,57.02,46.58,49.28,49.64,50.36,47.12,57.38,52.88,55.04,54.14,57.74,48.38,49.28,,47.264,49.352,53.348,56.732,46.04,50.72,58.82
08-10,50.18,51.26,52.52,48.74,51.26,49.28,50.9,48.02,54.5,54.32,49.64,42.8,47.48,47.66,53.42,48.02,51.8,53.78,45.68,48.38,51.08,54.68,49.64,48.56,50.36,53.06,54.68,47.48,50.18,53.96,50.36,46.76,55.04,55.4,54.14,53.42,57.02,50.36,47.84,,47.48,48.956,53.276,54.68,42.8,50.36,57.02
08-11,51.44,52.7,,47.84,49.82,46.58,48.38,47.3,54.5,55.04,53.42,39.2,46.76,45.14,50.0,49.46,52.52,53.42,44.6,48.56,54.68,55.58,48.56,51.26,49.28,51.98,52.7,46.76,52.88,51.98,49.1,47.66,55.4,48.56,57.02,54.86,51.98,51.44,49.64,,46.706,48.56,52.682,54.914,39.2,50.63,57.02
08-12,48.2,49.64,48.38,46.58,46.22,48.92,49.1,51.26,53.78,52.88,55.22,42.8,50.18,42.62,46.94,54.5,54.5,51.08,44.06,48.92,49.1,56.12,50.18,54.14,48.38,52.7,55.04,46.22,50.0,53.24,47.84,48.56,56.66,51.62,55.22,56.84,53.42,49.82,50.36,,46.22,48.704,53.096,55.22,42.62,50.18,56.84
08-13,48.92,47.66,49.64,48.56,46.4,49.1,50.72,46.04,52.52,49.28,55.76,41.72,51.8,48.38,51.98,52.7,48.2,51.44,44.42,48.38,48.92,55.04,50.72,51.98,48.92,56.12,47.48,49.28,53.24,55.04,47.48,48.92,56.48,51.44,55.76,56.66,54.32,49.64,45.86,,46.328,48.704,51.98,55.76,41.72,49.64,56.66
08-14,45.68,46.76,55.04,48.74,44.78,52.16,49.28,44.42,48.74,47.3,56.48,42.08,49.1,48.02,51.26,46.76,51.8,56.3,44.6,48.38,50.72,52.7,50.36,45.68,51.8,50.36,48.2,47.3,49.64,56.66,51.26,50.36,54.14,52.88,56.84,58.28,52.7,52.7,46.58,,45.5,48.092,52.016,56.336,42.08,50.36,58.28
08-15,48.92,49.1,52.88,47.84,46.04,49.28,51.08,45.86,50.72,50.0,52.52,49.1,51.62,44.24,51.8,47.48,54.68,49.28,,48.92,50.9,51.44,44.6,45.68,53.6,51.44,51.62,53.96,49.82,58.28,51.26,48.2,54.32,53.24,57.02,55.4,49.64,54.68,50.36,,45.986,49.118,51.782,54.68,44.24,50.81,58.28
08-16,51.62,46.58,47.48,49.28,47.3,40.46,48.56,50.18,52.16,52.16,50.9,49.28,52.7,48.2,49.46,48.74,56.48,42.8,42.26,44.42,47.3,49.64,44.06,44.6,47.48,53.96,51.26,53.42,51.8,55.22,50.0,46.04,51.8,53.78,57.92,51.98,48.2,52.88,53.78,,44.348,47.768,51.908,53.816,40.46,49.64,57.92
08-17,55.94,48.38,46.4,46.04,45.5,49.82,48.74,49.46,56.66,51.26,53.6,50.0,51.98,48.74,48.38,49.28,56.3,45.68,41.9,45.5,51.44,51.98,42.98,46.58,48.92,55.76,53.96,54.68,51.8,49.82,47.12,46.22,51.62,53.42,59.0,54.68,48.56,55.94,52.34,,45.644,48.452,52.196,55.94,41.9,49.82,59.0
08-18,56.3,48.02,51.62,46.58,45.32,48.38,48.92,49.82,53.06,52.16,45.14,45.14,48.56,47.12,47.66,50.72,55.4,,40.1,46.22,51.08,52.88,46.4,45.68,54.86,55.58,53.06,50.36,53.78,46.4,46.76,49.82,49.1,53.96,61.52,51.26,52.52,51.62,50.9,,45.572,47.696,52.106,55.022,40.1,50.09,61.52
08-19,57.38,52.52,53.42,44.24,45.5,44.78,51.8,47.66,46.04,47.48,49.64,47.3,50.54,48.74,49.28,52.7,55.4,55.04,39.02,46.22,49.1,53.78,50.18,47.3,45.68,52.7,53.24,54.14,48.56,44.6,46.58,50.9,47.48,55.04,58.64,42.26,46.4,55.22,53.96,,44.744,47.3,52.7,55.076,39.02,49.28,58.64
08-20,53.06,54.32,52.34,42.08,40.28,46.94,50.0,48.02,47.66,50.0,49.82,50.18,52.52,47.84,47.66,45.68,44.24,59.54,38.84,46.58,48.38,53.42,50.36,51.98,47.12,51.26,48.2,50.36,49.28,48.02,48.02,52.88,51.98,55.94,57.56,38.84,47.84,57.38,54.68,,43.808,47.84,51.98,54.932,38.84,49.82,59.54
08-21,47.66,52.16,47.48,44.6,50.54,50.72,49.64,44.24,47.84,51.98,49.46,50.72,48.92,48.92,45.32,46.76,44.42,53.42,39.02,47.84,50.72,54.68,52.88,54.86,51.8,53.24,51.26,50.18,48.02,50.36,51.8,51.44,48.38,55.76,57.2,48.02,47.84,57.2,49.64,,45.176,48.02,51.656,54.716,39.02,50.18,57.2
08-22,49.64,45.86,50.54,45.32,43.7,50.36,44.78,41.54,51.62,52.52,46.94,51.98,49.64,50.36,47.48,41.72,46.94,49.46,,46.04,49.46,55.58,54.32,58.46,54.68,53.24,51.26,53.06,44.6,52.7,46.76,49.46,47.48,51.44,58.46,51.44,46.4,53.06,48.38,,44.726,46.994,51.602,54.428,41.54,49.64,58.46
08-23,47.3,44.6,53.78,49.28,47.12,50.72,41.54,45.68,52.34,51.26,48.02,49.82,54.5,48.2,47.12,43.7,50.9,50.0,,46.04,49.1,53.42,56.12,51.44,51.62,55.22,48.92,48.2,40.64,52.52,44.24,49.64,47.3,51.26,58.64,51.26,49.46,53.78,48.2,,44.492,48.038,51.26,53.996,40.64,49.55,58.64
08-24,45.86,43.16,55.58,47.66,46.58,48.74,36.68,49.82,50.72,,50.9,51.98,53.78,48.74,47.12,49.46,49.46,47.66,39.92,47.48,49.46,48.02,51.26,46.22,50.36,52.7,48.2,48.38,44.06,52.52,44.06,46.4,49.82,52.52,54.86,50.72,52.52,53.06,46.94,,44.06,47.498,50.72,52.808,36.68,49.1,55.58
08-25,47.3,40.82,55.22,46.04,49.28,51.26,35.42,48.92,50.18,48.2,48.02,49.82,48.92,47.84,49.64,49.82,51.26,47.66,42.26,46.4,49.1,53.06,48.38,45.68,51.8,53.24,49.82,50.0,49.1,53.96,40.82,50.36,50.18,55.58,55.04,51.26,47.84,50.72,43.52,,43.268,47.912,50.288,53.384,35.42,49.28,55.58
08-26,48.2,39.02,51.98,46.58,49.82,51.08,36.68,43.34,54.68,51.08,48.2,49.64,51.8,51.26,46.04,52.34,53.78,50.54,43.52,48.2,40.1,54.32,48.38,45.5,53.06,53.06,54.32,51.98,47.12,51.26,41.9,52.52,49.46,54.32,51.8,48.02,44.06,52.16,45.14,,43.052,47.48,51.908,53.888,36.68,49.82,54.68
08-27,49.46,39.38,48.2,48.02,52.7,52.34,39.38,43.7,50.0,50.72,48.56,50.9,47.12,50.18,49.1,54.68,52.7,49.64,34.16,45.68,40.82,46.76,50.18,50.18,53.78,52.16,53.78,54.68,41.36,46.58,42.8,53.06,49.64,51.08,54.14,51.98,45.5,50.9,47.3,,41.252,47.192,51.008,53.78,34.16,49.64,54.68
08-28,46.04,38.84,46.58,48.2,54.5,49.64,43.7,,47.48,52.52,48.02,51.62,50.18,47.66,51.98,51.08,49.64,47.84,37.4,47.48,42.26,49.46,51.08,50.72,50.0,53.42,51.98,53.24,40.46,47.3,42.98,53.6,48.92,51.98,50.9,53.42,46.4,49.46,48.92,,42.764,47.498,51.062,53.294,37.4,49.46,54.5
08-29,44.78,43.34,36.68,50.18,56.12,50.54,45.86,,45.5,51.62,50.0,48.38,53.06,47.12,48.74,48.74,43.34,54.32,41.0,50.0,46.4,49.64,51.8,53.06,50.9,50.36,54.32,53.24,44.42,51.8,40.82,55.04,50.36,53.06,44.96,53.42,49.46,50.72,46.58,,43.34,46.634,51.548,53.69,36.68,50.0,56.12
08-30,43.52,46.58,48.38,48.74,54.68,51.26,45.5,,43.88,51.98,48.2,48.2,53.24,49.46,45.5,46.04,47.12,44.6,42.44,51.8,49.64,50.18,51.8,50.18,46.4,51.08,54.32,53.24,47.3,51.8,42.98,53.24,53.06,51.62,45.68,52.16,52.88,53.24,47.84,,44.384,47.138,51.8,53.24,42.44,49.55,54.68
08-31,42.26,49.1,48.38,50.18,50.36,42.26,38.84,,44.78,53.6,50.0,46.58,49.46,47.66,44.24,43.88,48.38,44.06,42.26,48.38,49.64,48.92,47.48,52.7,46.76,50.72,50.9,51.8,49.28,48.38,49.46,51.26,49.1,54.14,47.12,55.22,54.14,54.14,50.72,,43.394,47.498,50.342,53.762,38.84,49.1,55.22
09-01,41.72,45.68,43.7,49.28,54.5,48.74,,,42.26,55.76,50.18,48.56,43.52,45.14,42.98,44.06,47.66,47.3,43.34,46.58,48.02,50.9,45.86,51.44,45.68,52.88,51.26,53.24,45.86,49.46,50.18,49.28,48.38,55.04,42.26,50.18,52.52,53.78,48.92,,43.196,45.824,50.18,53.456,41.72,48.56,55.76
09-02,39.74,45.32,35.24,49.64,53.42,48.02,39.74,,49.28,54.5,51.8,51.98,47.12,42.62,46.76,44.06,51.62,50.0,44.42,49.82,47.3,52.16,43.88,49.46,45.68,51.44,50.36,53.78,50.0,48.56,47.12,53.42,44.6,56.66,48.92,47.66,55.04,49.46,46.4,,43.502,46.796,50.324,53.528,35.24,49.1,56.66
09-03,32.18,46.76,48.92,49.64,52.34,48.92,44.96,,40.82,53.42,51.62,51.26,52.52,40.64,47.84,50.36,48.02,46.58,42.98,47.48,46.22,50.9,35.6,49.28,47.84,49.46,50.9,55.4,53.42,44.96,45.68,55.04,45.32,58.28,52.7,48.02,55.76,48.56,49.82,,42.332,46.832,50.9,53.906,32.18,48.92,58.28
09-04,46.4,40.82,46.58,48.38,51.8,48.02,40.82,,44.42,54.14,50.54,45.68,54.86,40.64,50.54,48.38,47.48,47.84,33.44,46.58,46.58,51.98,43.88,46.58,50.36,48.56,48.38,55.04,44.6,43.88,46.4,55.76,46.76,56.12,55.76,46.58,54.68,47.84,46.94,,42.962,46.58,50.18,54.914,33.44,47.66,56.12
09-05,46.76,40.82,46.22,46.58,48.38,46.4,38.48,,46.4,54.5,45.32,44.6,53.96,42.44,46.76,48.38,52.16,45.32,32.9,47.84,48.92,48.38,45.32,46.76,53.42,51.26,48.92,55.4,45.5,44.78,49.28,53.06,41.18,52.16,57.56,48.38,56.48,45.86,44.42,,42.062,45.536,48.92,54.122,32.9,46.76,57.56
09-06,47.66,39.92,47.84,51.44,46.4,43.88,41.72,,47.84,49.82,39.02,41.9,53.06,45.32,43.34,42.98,48.92,44.78,37.22,47.84,44.6,46.4,42.8,48.02,44.24,43.7,50.18,53.24,47.48,47.3,51.26,51.8,44.42,53.96,56.12,50.9,56.84,51.26,47.3,,41.846,44.438,49.73,53.114,37.22,47.39,56.84
09-07,44.24,37.58,50.18,53.06,47.3,40.64,46.22,,45.14,43.34,39.2,42.62,53.78,45.5,45.5,33.8,45.86,39.92,39.2,51.08,41.9,45.86,46.58,48.38,46.22,42.98,47.12,54.14,46.58,45.68,47.48,51.8,47.12,49.64,51.62,52.88,55.94,50.18,47.84,,39.704,45.176,48.326,52.934,33.8,46.4,55.94
09-08,40.64,40.82,50.72,38.12,37.76,37.76,47.12,,47.84,42.08,42.62,46.94,51.62,45.86,40.82,31.28,46.76,44.24,,49.82,37.22,46.4,44.24,49.28,43.7,42.8,47.48,50.9,46.4,44.96,47.3,51.44,49.46,47.12,33.08,53.6,54.32,49.64,46.76,,37.76,42.764,47.552,51.116,31.28,46.4,54.32
09-09,36.68,31.46,51.44,37.94,44.06,33.08,46.94,,44.96,44.78,45.5,44.6,49.46,46.22,45.14,38.12,45.68,36.68,42.26,45.32,39.38,48.38,44.06,49.28,44.78,42.26,50.0,46.58,42.26,46.4,44.78,49.64,46.4,46.4,30.38,53.78,51.62,50.18,47.12,,36.68,44.06,46.562,50.054,30.38,45.23,53.78
09-10,32.9,41.18,41.54,35.24,46.4,41.9,46.94,,49.1,42.08,47.12,44.42,48.92,43.7,48.02,44.06,45.14,32.72,38.48,45.32,38.66,42.8,38.48,48.92,39.2,41.36,49.1,46.58,40.82,47.48,46.22,49.46,51.26,46.4,32.72,55.76,48.38,46.76,45.14,,37.508,41.576,46.922,49.1,32.72,45.14,55.76
09-11,38.12,41.72,37.04,36.86,50.36,41.36,50.36,,47.66,41.18,46.94,44.24,49.64,37.22,45.5,46.4,43.16,33.26,41.9,44.6,42.08,44.42,40.46,48.2,40.1,44.24,46.58,48.02,43.88,48.2,47.84,46.4,51.98,43.52,34.16,53.78,46.76,42.98,43.88,,37.166,41.918,46.742,49.856,33.26,44.24,53.78
09-12,40.64,42.8,33.08,32.9,52.88,40.82,48.38,,43.52,41.72,43.52,44.24,43.88,38.48,46.4,50.54,40.28,39.92,40.82,42.44,44.78,44.96,33.8,44.24,44.78,41.36,43.88,47.84,40.46,49.46,43.52,47.48,52.7,37.76,41.18,51.26,48.02,44.42,50.9,,38.264,41.198,44.942,50.648,32.9,43.7,52.88
09-13,43.16,39.92,35.24,32.72,54.32,32.36,45.86,,41.18,44.96,39.38,43.34,42.62,41.0,49.28,46.22,38.3,34.88,43.16,39.56,47.66,47.3,38.66,45.32,48.38,41.9,43.52,46.4,42.62,48.2,41.36,47.66,51.8,44.24,45.86,51.62,46.04,41.36,46.22,,37.382,41.36,46.202,48.65,32.36,43.43,54.32
09-14,42.44,35.6,32.9,37.22,54.86,35.24,45.86,,35.24,45.5,37.58,44.96,43.88,41.36,52.16,41.72,43.52,35.24,40.1,33.98,42.26,50.9,40.82,43.7,48.02,40.46,45.68,44.24,46.04,46.76,42.26,43.7,50.36,47.3,46.58,47.66,42.44,38.84,46.22,,35.24,40.874,45.842,48.722,32.9,43.61,54.86
09-15,43.52,35.6,33.26,41.36,51.98,30.02,42.8,,34.88,44.96,37.94,42.26,46.4,36.86,50.18,42.8,45.5,40.28,,37.4,37.04,48.02,42.44,44.96,47.3,37.04,46.4,43.16,46.58,42.8,38.84,39.38,53.6,49.1,47.48,49.28,39.56,38.48,41.18,,36.356,39.272,45.68,49.172,30.02,42.8,53.6
09-16,42.98,42.26,39.92,42.98,46.58,35.78,42.08,,39.74,47.12,41.0,41.0,46.22,38.3,51.62,42.62,45.68,46.58,,41.72,31.64,43.52,44.6,42.8,47.12,39.38,46.22,43.52,48.38,46.22,39.2,38.66,52.7,47.48,47.3,50.0,42.08,40.82,41.72,,38.984,41.576,46.22,47.84,31.64,42.98,52.7
09-17,40.46,37.58,43.52,48.38,36.68,40.82,43.7,,39.92,45.5,32.18,44.96,45.86,41.72,51.44,37.58,39.2,42.26,42.26,42.44,25.34,36.86,42.26,43.52,48.92,35.6,38.84,46.22,49.46,47.66,40.28,38.12,53.24,44.96,47.12,47.66,44.24,43.16,40.64,,36.806,40.298,44.96,48.542,25.34,42.35,53.24
09-18,36.5,38.48,39.38,41.9,35.78,40.64,40.28,,42.44,39.38,25.52,47.66,48.74,38.66,42.08,37.94,33.62,33.08,41.0,43.52,32.54,37.22,40.1,42.08,49.82,38.12,43.16,42.08,50.9,44.24,44.24,43.88,53.42,46.22,48.38,48.38,48.38,39.02,39.2,,35.132,39.038,43.844,48.488,25.52,41.45,53.42
09-19,40.82,40.46,36.32,44.6,35.78,41.18,37.76,,41.72,39.02,27.32,47.48,47.12,35.06,46.22,40.82,32.54,38.66,37.58,45.32,39.2,42.98,40.64,41.72,51.26,40.82,45.32,41.36,50.18,42.08,49.28,47.48,44.42,47.48,47.66,44.96,46.76,39.2,43.7,,36.158,40.478,45.284,47.534,27.32,41.72,51.26
09-20,44.96,41.36,43.88,38.48,35.6,41.18,34.88,,38.48,42.44,31.1,44.42,46.22,34.88,44.42,44.24,37.58,38.66,36.32,47.66,36.68,46.22,42.8,39.38,46.76,41.72,45.32,42.08,49.64,43.88,47.84,47.3,43.52,44.78,48.38,38.48,48.56,43.88,46.22,,36.104,39.56,44.942,47.714,31.1,43.7,49.64
09-21,41.36,41.18,41.18,36.68,39.38,42.26,40.1,,40.82,29.66,38.84,37.22,45.14,35.42,40.1,45.68,40.46,38.84,30.2,43.16,28.76,46.76,44.42,29.12,49.46,41.18,47.12,44.96,47.3,47.48,42.8,47.66,44.96,37.94,47.12,36.86,46.76,42.98,38.12,,33.854,38.894,44.906,47.174,28.76,41.18,49.46
09-22,34.34,44.06,35.42,40.64,42.08,41.54,43.88,,36.5,28.94,42.62,33.26,43.16,41.36,46.58,44.78,41.72,42.62,26.6,41.0,25.16,46.22,44.24,27.68,39.56,40.82,47.48,37.4,46.04,47.3,48.92,44.06,45.68,39.2,45.86,42.8,42.98,44.42,35.6,,31.964,39.668,44.06,46.328,25.16,42.35,48.92
09-23,36.68,46.22,37.04,42.08,42.44,40.28,46.4,,41.18,36.14,37.76,32.9,43.7,42.98,35.42,46.04,42.26,44.6,30.74,42.98,24.44,39.02,40.28,34.16,37.94,44.42,46.58,32.54,45.5,47.48,32.54,35.6,48.02,42.44,45.68,45.32,42.08,38.3,38.3,,32.792,37.778,43.628,46.274,24.44,41.63,48.02
09-24,27.86,46.22,38.3,43.52,41.72,41.18,47.84,,41.72,30.2,43.52,38.48,46.94,38.66,24.08,47.66,42.26,45.14,32.54,48.2,27.68,32.72,42.26,32.72,41.0,47.66,38.84,36.14,47.84,49.64,29.48,33.44,45.32,42.8,49.28,44.96,41.0,39.02,43.34,,29.984,38.498,44.816,47.84,24.08,41.72,49.64
09-25,24.98,43.34,40.28,45.14,43.16,44.42,37.4,,42.44,32.54,37.94,44.96,47.84,47.48,32.36,48.02,39.74,44.96,35.78,42.98,31.46,32.9,45.68,38.66,45.68,47.12,35.06,44.24,50.0,49.1,33.44,30.56,38.48,46.4,52.88,47.12,43.7,44.42,48.56,,32.486,38.498,45.626,48.182,24.98,43.52,52.88
09-26,26.6,,42.08,46.4,42.26,43.88,35.78,,42.08,35.6,23.54,44.6,41.36,46.94,37.94,46.04,35.78,46.58,36.14,44.42,34.52,35.78,43.7,43.52,49.82,44.6,33.44,45.32,49.82,48.92,41.36,35.96,39.56,48.02,51.44,48.38,45.86,45.5,48.02,,35.168,39.236,45.896,48.596,23.54,43.7,51.44
09-27,33.98,39.38,41.18,47.3,42.8,43.34,39.38,,44.42,42.62,23.54,42.8,43.34,34.88,39.92,48.74,33.44,45.86,37.58,42.44,36.68,39.92,41.36,46.58,50.18,45.86,35.24,29.66,50.72,48.56,45.68,38.3,42.62,47.3,42.62,47.48,46.58,46.04,49.28,,34.61,39.92,45.86,48.614,23.54,42.71,50.72
09-28,35.24,37.94,30.02,47.12,35.96,41.0,31.1,,45.68,37.76,34.88,39.56,46.22,24.62,41.72,48.92,35.96,44.42,35.78,38.3,38.66,41.0,41.18,48.38,51.26,46.58,38.66,29.3,42.26,48.38,48.92,35.24,45.68,50.0,32.54,40.46,46.58,46.58,49.1,,32.108,37.778,46.166,48.92,24.62,41.0,51.26
09-29,32.54,40.28,32.18,46.94,38.12,33.08,42.98,,44.6,32.0,41.0,42.44,42.62,34.88,41.9,46.4,33.26,46.04,34.16,39.2,40.1,38.3,42.98,48.56,51.8,47.12,41.0,37.22,33.44,48.2,44.96,37.76,49.46,47.84,42.62,36.32,43.7,44.6,49.28,,33.206,38.138,44.6,48.308,32.0,42.17,51.8
09-30,30.38,42.62,38.12,47.84,39.92,39.38,44.6,,34.34,31.64,41.18,43.34,43.88,40.46,41.9,44.96,36.32,46.4,31.1,40.82,40.82,31.64,43.16,38.12,50.72,45.68,40.64,42.08,31.46,46.58,41.9,34.88,49.46,46.22,44.06,36.5,38.48,45.68,47.84,,31.64,38.57,44.042,46.958,30.38,41.54,50.72
